archive_date,url,headline,archive_url,iran_context,metaphor,relevant,acts,threats,energy,peace,failed_peace,market,eligible,peace_effective,signed_score,session
2026-01-01,https://www.theguardian.com/global-development/2026/jan/01/two-people-dead-iran-economic-crisis-protests-battlefield,Two people confirmed dead as Iran protests turn into ‘battlefield’,https://www.theguardian.com/world/iran/2026/jan/01/all,True,False,False,False,False,False,False,False,False,True,False,0.0,2026-01-02
2026-01-02,https://www.theguardian.com/commentisfree/2026/jan/02/donald-trump-benjamin-netanyahu-2026-year-of-reckoning,"From Donald Trump to Benjamin Netanyahu, let 2026 be a year of reckoning",https://www.theguardian.com/world/iran/2026/jan/02/all,False,False,False,False,False,False,False,False,False,False,False,0.0,2026-01-02
2026-01-02,https://www.theguardian.com/world/2026/jan/02/iranian-officials-warn-trump-not-cross-red-line-threats-intervene-protests,Iran officials warn Trump of red line after his threat to ‘rescue’ protesters,https://www.theguardian.com/world/iran/2026/jan/02/all,True,False,False,False,True,False,False,False,False,True,False,0.0,2026-01-02
2026-01-03,https://www.theguardian.com/commentisfree/2026/jan/03/illegal-coup-venezuela-donald-trump-peace-war,"Today an illegal coup in Venezuela, but where next? Donald Trump talks peace but he is a man of war",https://www.theguardian.com/world/iran/2026/jan/03/all,False,False,False,False,False,False,True,False,False,False,True,0.0,2026-01-05
2026-01-03,https://www.theguardian.com/world/2026/jan/03/no-future-for-us-disaffected-iranians-say-its-now-or-never-to-topple-regime,‘No future for us’: disaffected Iranians say it’s now or never to topple regime,https://www.theguardian.com/world/iran/2026/jan/03/all,True,False,False,False,False,False,False,False,False,True,False,0.0,2026-01-05
2026-01-04,https://www.theguardian.com/commentisfree/2026/jan/04/donald-trump-usa-venezuela-coup-maduro-iran,"After Trump’s illegal Venezuela coup, there are two dangers: he is emboldened, but has no clue what comes next",https://www.theguardian.com/world/iran/2026/jan/04/all,False,False,False,False,False,False,False,False,False,False,False,0.0,2026-01-05
2026-01-05,https://www.theguardian.com/global-development/2026/jan/05/children-killed-iran-protests-security-forces,Three children dead in Iran protests as security forces accused of ‘indiscriminate targeting’,https://www.theguardian.com/world/iran/2026/jan/05/all,True,False,False,False,False,False,False,False,False,True,False,0.0,2026-01-05
2026-01-06,https://www.theguardian.com/world/video/2026/jan/06/clashes-in-tehrans-grand-bazaar-as-protests-continue-video,Clashes in Tehran's grand bazaar as protests continue – video,https://www.theguardian.com/world/iran/2026/jan/06/all,True,False,False,False,False,False,False,False,False,False,False,0.0,2026-01-06
2026-01-06,https://www.theguardian.com/world/2026/jan/06/iranian-security-forces-clash-protesters-tehran-grand-bazaar,Iranian security forces clash with protesters at Tehran’s grand bazaar,https://www.theguardian.com/world/iran/2026/jan/06/all,True,False,False,False,False,False,False,False,False,True,False,0.0,2026-01-06
2026-01-07,https://www.theguardian.com/world/2026/jan/07/they-are-killing-us-authorities-use-force-against-protesters-in-kurdish-regions-of-iran,‘They are killing us’: authorities use force against protesters in Kurdish regions of Iran,https://www.theguardian.com/world/iran/2026/jan/07/all,True,False,False,False,False,False,False,False,False,True,False,0.0,2026-01-07
2026-01-07,https://www.theguardian.com/uk-news/2026/jan/07/uk-helped-us-seize-russian-flagged-tanker-defence-ministry-says,"UK helped US seize Russian-flagged tanker, defence ministry says",https://www.theguardian.com/world/iran/2026/jan/07/all,False,False,False,False,False,True,False,False,False,True,False,0.0,2026-01-07
2026-01-07,https://www.theguardian.com/lifeandstyle/2026/jan/07/a-moment-that-changed-me-in-the-bombed-out-ruins-of-an-apartment-block-i-saw-a-book-id-translated,"A moment that changed me: in the bombed-out ruins of an apartment block, I saw a book I’d translated",https://www.theguardian.com/world/iran/2026/jan/07/all,False,False,False,True,False,False,False,False,False,True,False,0.0,2026-01-07
2026-01-08,https://www.theguardian.com/world/2026/jan/08/iran-plunged-into-internet-blackout-as-protests-over-economy-spread-nationwide,Iran plunged into internet blackout as protests over economy spread nationwide,https://www.theguardian.com/world/iran/2026/jan/08/all,True,False,False,False,False,False,False,False,False,True,False,0.0,2026-01-08
2026-01-08,https://www.theguardian.com/world/2026/jan/08/irans-overtures-of-peace-are-at-odds-with-its-actions,Iran’s overtures of peace are at odds with its actions,https://www.theguardian.com/world/iran/2026/jan/08/all,True,False,True,False,False,False,True,False,False,True,True,-0.75,2026-01-08
2026-01-08,https://www.theguardian.com/business/2026/jan/08/shadow-fleet-ships-sanctioned-oil-reflagged-russia-lloyds-list-analysis,‘Shadow fleet’ ships moving sanctioned oil reflagged to Russia at rising rate,https://www.theguardian.com/world/iran/2026/jan/08/all,False,False,False,False,False,True,False,False,False,True,False,0.0,2026-01-08
2026-01-09,https://www.theguardian.com/world/video/2026/jan/09/iran-protests-brutal-crackdown-as-uprising-builds-the-latest,Iran protests: brutal crackdown as uprising gathers pace | The Latest,https://www.theguardian.com/world/iran/2026/jan/09/all,True,False,False,False,False,False,False,False,False,False,False,0.0,2026-01-09
2026-01-09,https://www.theguardian.com/news/audio/2026/jan/09/iran-protests-brutal-crackdown-uprising-the-latest-podcast,Iran protests: brutal crackdown as uprising gathers pace – The Latest,https://www.theguardian.com/world/iran/2026/jan/09/all,True,False,False,False,False,False,False,False,False,False,False,0.0,2026-01-09
2026-01-09,https://www.theguardian.com/commentisfree/2026/jan/09/the-guardian-view-on-irans-protests-old-tactics-of-repression-face-new-pressures,The Guardian view on Iran’s protests: old tactics of repression face new pressures,https://www.theguardian.com/world/iran/2026/jan/09/all,True,False,False,False,False,False,False,False,False,False,False,0.0,2026-01-09
2026-01-09,https://www.theguardian.com/world/2026/jan/09/growing-protests-in-iran-do-not-necessarily-herald-a-return-to-monarchy,Growing protests in Iran do not necessarily herald a return to monarchy,https://www.theguardian.com/world/iran/2026/jan/09/all,True,False,False,False,False,False,False,False,False,True,False,0.0,2026-01-09
2026-01-09,https://www.theguardian.com/world/video/2026/jan/09/iran-hit-by-internet-blackout-as-protests-over-economic-conditions-continue,Iran hit by internet blackout as protests over economic conditions continue – video,https://www.theguardian.com/world/iran/2026/jan/09/all,True,False,False,False,False,False,False,False,False,False,False,0.0,2026-01-09
2026-01-09,https://www.theguardian.com/global-development/ng-interactive/2026/jan/09/in-isolation-well-never-flourish-what-iranians-think-about-the-protests-and-an-end-to-the-islamic-republic,"‘In isolation, we’ll never flourish’: What Iranians think about the protests and an end to the Islamic Republic",https://www.theguardian.com/world/iran/2026/jan/09/all,True,False,False,False,False,False,False,False,False,True,False,0.0,2026-01-09
2026-01-10,https://www.theguardian.com/world/2026/jan/10/protester-pulls-down-national-flag-from-iranian-embassy-in-london,Protester pulls down national flag from Iranian embassy in London,https://www.theguardian.com/world/iran/2026/jan/10/all,True,False,False,False,False,False,False,False,False,True,False,0.0,2026-01-12
2026-01-10,https://www.theguardian.com/global-development/2026/jan/10/film-makers-iran-protest-internet-blackout-repression,Iranian cultural figures condemn internet blackout as ‘blatant tool of repression’,https://www.theguardian.com/world/iran/2026/jan/10/all,True,False,False,False,False,False,False,False,False,True,False,0.0,2026-01-12
2026-01-10,https://www.theguardian.com/world/video/2026/jan/10/protests-continue-in-iran-despite-regime-crackdown-video,Protests continue in Iran despite regime crackdown – video,https://www.theguardian.com/world/iran/2026/jan/10/all,True,False,False,False,False,False,False,False,False,False,False,0.0,2026-01-12
2026-01-10,https://www.theguardian.com/world/2026/jan/10/irans-internet-shutdown-is-strikingly-sophisticated-and-may-last-some-time,Iran’s internet shutdown is chillingly precise and may last some time,https://www.theguardian.com/world/iran/2026/jan/10/all,True,False,False,False,False,False,False,False,False,True,False,0.0,2026-01-12
2026-01-11,https://www.theguardian.com/world/2026/jan/11/iranian-student-rubina-aminian-killed-during-protests-shot-in-head-from-close-range,Iranian student killed during protests was shot in head ‘from close range’,https://www.theguardian.com/world/iran/2026/jan/11/all,True,False,False,True,False,False,False,False,False,True,False,0.0,2026-01-12
2026-01-11,https://www.theguardian.com/world/2026/jan/11/iran-protests-gather-momentum-demonstrators-protest-movement,‘The streets are full of blood’: Iranian protests gather momentum as regime cracks down,https://www.theguardian.com/world/iran/2026/jan/11/all,True,False,False,False,False,False,False,False,False,True,False,0.0,2026-01-12
2026-01-11,https://www.theguardian.com/world/2026/jan/11/trump-wants-to-help-iranian-protesters-but-his-advice-is-conflicted,Unpredictable Trump weighs up Iranian pleas for help against calls for restraint,https://www.theguardian.com/world/iran/2026/jan/11/all,True,False,False,False,False,False,False,False,False,True,False,0.0,2026-01-12
2026-01-11,https://www.theguardian.com/world/2026/jan/11/iran-arrests-protest-leaders-as-crackdown-intensifies-amid-threat-of-us-intervention,Iran warns US against attack as protest death toll reportedly soars,https://www.theguardian.com/world/iran/2026/jan/11/all,True,False,True,True,True,False,False,False,False,True,False,1.0,2026-01-12
2026-01-11,https://www.theguardian.com/commentisfree/picture/2026/jan/11/ella-baron-iran-anti-government-protests-cartoon,Ella Baron on Iran’s anti-government protests – cartoon,https://www.theguardian.com/world/iran/2026/jan/11/all,True,False,False,False,False,False,False,False,False,False,False,0.0,2026-01-12
2026-01-11,https://www.theguardian.com/uk-news/2026/jan/11/iranians-are-fed-up-of-dictatorship-the-exiled-female-activists-daring-to-dream-of-a-new-era,‘Iranians are fed up of dictatorship’: the exiled female activists daring to dream of a new era,https://www.theguardian.com/world/iran/2026/jan/11/all,True,False,False,False,False,False,False,False,False,True,False,0.0,2026-01-12
2026-01-11,https://www.theguardian.com/world/video/2026/jan/11/protesters-face-police-crackdown-across-iran-video-report,Protesters face police across Iran – video report,https://www.theguardian.com/world/iran/2026/jan/11/all,True,False,False,False,False,False,False,False,False,False,False,0.0,2026-01-12
2026-01-11,https://www.theguardian.com/politics/2026/jan/11/uk-wants-peaceful-transition-of-power-in-iran-says-uk-minister,"UK wants any transition of power in Iran to be peaceful, says minister",https://www.theguardian.com/world/iran/2026/jan/11/all,True,False,False,False,False,False,False,False,False,True,False,0.0,2026-01-12
2026-01-12,https://www.theguardian.com/world/live/2026/jan/12/iran-protest-crackdown-us-donald-trump-latest-news-updates,"Iran crisis: Trump ‘unafraid’ to use ‘lethal force’ on Iran but wants diplomacy to be ‘first option’, says White House – as it happened",https://www.theguardian.com/world/iran/2026/jan/12/all,True,False,False,False,False,False,True,False,False,False,True,0.0,2026-01-12
2026-01-12,https://www.theguardian.com/us-news/2026/jan/12/white-house-trump-iran,"Trump ‘unafraid to use military force on Iran’, White House says",https://www.theguardian.com/world/iran/2026/jan/12/all,True,False,True,False,True,False,False,False,False,True,False,0.5,2026-01-12
2026-01-12,https://www.theguardian.com/commentisfree/2026/jan/12/the-guardian-view-on-europes-crisis-of-self-confidence-a-new-mindset-needed-for-new-times,The Guardian view on Europe’s crisis of self-confidence: a new mindset needed for new times,https://www.theguardian.com/world/iran/2026/jan/12/all,False,False,False,False,False,False,False,False,False,False,False,0.0,2026-01-12
2026-01-12,https://www.theguardian.com/world/video/2026/jan/12/will-trump-go-to-war-with-iran-the-latest,Will Trump go to war with Iran? | The Latest,https://www.theguardian.com/world/iran/2026/jan/12/all,True,False,True,False,False,False,False,False,False,False,False,0.25,2026-01-12
2026-01-12,https://www.theguardian.com/global-development/2026/jan/12/iran-protests-crackdown-toll-foreign-minister,Iran holds pro-government rally as regime seeks to downplay protests,https://www.theguardian.com/world/iran/2026/jan/12/all,True,False,False,False,False,False,False,False,False,True,False,0.0,2026-01-12
2026-01-12,https://www.theguardian.com/world/2026/jan/12/iran-protests-donald-trump-us-military-options,Iran says it is open to talks with US amid protest crackdown,https://www.theguardian.com/world/iran/2026/jan/12/all,True,False,True,False,False,False,True,False,False,True,True,-0.75,2026-01-12
2026-01-12,https://www.theguardian.com/news/audio/2026/jan/12/will-trump-go-to-war-with-iran-the-latest,Will Trump go to war with Iran? - The Latest,https://www.theguardian.com/world/iran/2026/jan/12/all,True,False,True,False,False,False,False,False,False,False,False,0.25,2026-01-12
2026-01-12,https://www.theguardian.com/world/video/2026/jan/12/bodies-line-the-streets-outside-morgue-in-tehran-as-deadly-protests-continue-video,Bodies line the streets outside a morgue in Tehran as protests continue – video,https://www.theguardian.com/world/iran/2026/jan/12/all,True,False,False,False,False,False,False,False,False,False,False,0.0,2026-01-12
2026-01-12,https://www.theguardian.com/world/2026/jan/12/iran-protest-movement-visual-guide,How Iran’s protest movement has gained increasing momentum – a visual guide,https://www.theguardian.com/world/iran/2026/jan/12/all,True,False,False,False,False,False,False,False,False,True,False,0.0,2026-01-12
2026-01-12,https://www.theguardian.com/world/2026/jan/12/iranians-home-abroad-iran-protests,People in Iran: share your views on the current situation,https://www.theguardian.com/world/iran/2026/jan/12/all,True,False,False,False,False,False,False,False,False,True,False,0.0,2026-01-12
2026-01-12,https://www.theguardian.com/us-news/2026/jan/12/u-haul-los-angeles-iran-protest,U-Haul truck speeds through Los Angeles march supporting Iranian people,https://www.theguardian.com/world/iran/2026/jan/12/all,True,False,False,False,False,False,False,False,False,True,False,0.0,2026-01-12
2026-01-12,https://www.theguardian.com/us-news/2026/jan/12/trump-administration-news-updates-today,Trump news at a glance: president weighs up range of actions against Iran,https://www.theguardian.com/world/iran/2026/jan/12/all,True,False,False,False,False,False,False,False,False,True,False,0.0,2026-01-12
2026-01-13,https://www.theguardian.com/global-development/2026/jan/13/hundreds-of-gunshot-eye-injuries-found-in-one-iranian-hospital-amid-brutal-crackdown-on-protests,Hundreds of gunshot eye injuries found in one Iranian hospital amid brutal crackdown on protests,https://www.theguardian.com/world/iran/2026/jan/13/all,True,False,False,False,False,False,False,False,False,True,False,0.0,2026-01-13
2026-01-13,https://www.theguardian.com/world/2026/jan/13/trump-promises-iran-help-tells-iranians-keep-protesting,Trump promises ‘help is on its way’ and tells Iranians to ‘keep protesting’,https://www.theguardian.com/world/iran/2026/jan/13/all,True,False,False,False,False,False,False,False,False,True,False,0.0,2026-01-13
2026-01-13,https://www.theguardian.com/world/2026/jan/13/a-long-dire-history-of-us-interference-in-iran,"A long, dire history of US interference in Iran",https://www.theguardian.com/world/iran/2026/jan/13/all,True,False,False,False,False,False,False,False,False,True,False,0.0,2026-01-13
2026-01-13,https://www.theguardian.com/world/2026/jan/13/why-trump-options-are-limited-when-it-comes-to-using-force-against-iran,Why Trump’s options are limited when it comes to using force against Iran,https://www.theguardian.com/world/iran/2026/jan/13/all,True,False,False,False,False,False,False,False,False,True,False,0.0,2026-01-13
2026-01-13,https://www.theguardian.com/politics/2026/jan/13/uk-sanctions-iran-killing-arrests,UK announces ‘full and further sanctions’ amid Iran killings and arrests,https://www.theguardian.com/world/iran/2026/jan/13/all,True,False,True,False,True,False,False,False,False,True,False,0.5,2026-01-13
2026-01-13,https://www.theguardian.com/business/live/2026/jan/13/oil-price-trump-iran-trading-partners-tariffs-supreme-court-business-live-news-updates,Twelve top central bankers defend Fed’s Jerome Powell over DoJ investigation; oil hits two-month high as Trump threatens Iran’s trading partners – as it happened,https://www.theguardian.com/world/iran/2026/jan/13/all,True,False,False,False,True,True,False,False,False,False,False,0.0,2026-01-13
2026-01-13,https://www.theguardian.com/commentisfree/2026/jan/13/thousands-dead-iranian-protests-regime-saddam-hussein-iraq,"With thousands dead, the Iranian regime may survive these protests – but not in its current form",https://www.theguardian.com/world/iran/2026/jan/13/all,True,False,False,False,False,False,False,False,False,False,False,0.0,2026-01-13
2026-01-13,https://www.theguardian.com/commentisfree/2026/jan/13/trump-chaos-midterms-republicans,2026 is already pure chaos. Is that Trump’s electoral strategy?,https://www.theguardian.com/world/iran/2026/jan/13/all,False,False,False,False,False,False,False,False,False,False,False,0.0,2026-01-13
2026-01-13,https://www.theguardian.com/commentisfree/2026/jan/13/iran-protesters-western-intervention-us-israel,Iran’s protesters need our support – not another western-intervention disaster,https://www.theguardian.com/world/iran/2026/jan/13/all,True,False,False,False,False,False,False,False,False,False,False,0.0,2026-01-13
2026-01-13,https://www.theguardian.com/world/2026/jan/13/tuesday-briefing-what-has-sparked-irans-latest-wave-of-protests-and-what-might-happen-next,Tuesday briefing: What has sparked Iran’s latest wave of protests – and what might happen next,https://www.theguardian.com/world/iran/2026/jan/13/all,True,False,False,False,False,False,False,False,False,True,False,0.0,2026-01-13
2026-01-13,https://www.theguardian.com/world/2026/jan/13/ecosystem-smuggled-tech-iran-last-link-outside-world-internet,An ecosystem of smuggled tech holds Iran’s last link to the outside world,https://www.theguardian.com/world/iran/2026/jan/13/all,True,False,False,False,False,False,False,False,False,True,False,0.0,2026-01-13
2026-01-13,https://www.theguardian.com/australia-news/audio/2026/jan/13/is-this-the-end-of-the-iranian-regime-full-story-podcast,Is this the end of the Iranian regime? – Full Story podcast,https://www.theguardian.com/world/iran/2026/jan/13/all,True,False,False,False,False,False,False,False,False,False,False,0.0,2026-01-13
2026-01-13,https://www.theguardian.com/news/audio/2026/jan/13/is-this-the-end-of-the-iranian-regime-podcast,Is this the end of the Iranian regime? – podcast,https://www.theguardian.com/world/iran/2026/jan/13/all,True,False,False,False,False,False,False,False,False,False,False,0.0,2026-01-13
2026-01-14,https://www.theguardian.com/world/2026/jan/14/iran-protests-erfan-soltani-donald-trump-warning-executions-hangings,US and UK military withdraw some personnel from Middle East amid Iranian threats,https://www.theguardian.com/world/iran/2026/jan/14/all,True,False,True,False,True,False,False,False,False,True,False,0.5,2026-01-14
2026-01-14,https://www.theguardian.com/world/2026/jan/14/iran-protester-erfan-soltani-death-sentence-relative,"Execution of condemned Iranian protester postponed, family told",https://www.theguardian.com/world/iran/2026/jan/14/all,True,False,False,False,False,False,False,False,False,True,False,0.0,2026-01-14
2026-01-14,https://www.theguardian.com/world/video/2026/jan/14/massacres-and-executions-what-are-we-hearing-from-inside-iran-the-latest,What are we hearing from inside Iran? | The Latest,https://www.theguardian.com/world/iran/2026/jan/14/all,True,False,False,False,False,False,False,False,False,False,False,0.0,2026-01-14
2026-01-14,https://www.theguardian.com/world/2026/jan/14/western-diplomats-wary-of-predicting-end-days-for-irans-regime,Why western diplomats are wary of predicting end days for Iran’s regime,https://www.theguardian.com/world/iran/2026/jan/14/all,True,False,False,False,False,False,False,False,False,True,False,0.0,2026-01-14
2026-01-14,https://www.theguardian.com/world/audio/2026/jan/14/death-and-horror-what-are-we-hearing-from-inside-iran-the-latest,Massacres and executions: what are we hearing from inside Iran? – The Latest,https://www.theguardian.com/world/iran/2026/jan/14/all,True,False,False,False,False,False,False,False,False,False,False,0.0,2026-01-14
2026-01-14,https://www.theguardian.com/us-news/2026/jan/14/iran-protests-internet-access-trump-congress,US lawmakers call on Donald Trump to restore internet access in Iran,https://www.theguardian.com/world/iran/2026/jan/14/all,True,False,False,False,False,False,False,False,False,True,False,0.0,2026-01-14
2026-01-14,https://www.theguardian.com/us-news/2026/jan/14/first-thing-hundreds-gunshot-eye-injuries-iran-hospital-crackdown-protests,First Thing: Hundreds of gunshot eye injuries found in one Iranian hospital amid brutal crackdown on protests,https://www.theguardian.com/world/iran/2026/jan/14/all,True,False,False,False,False,False,False,False,False,True,False,0.0,2026-01-14
2026-01-14,https://www.theguardian.com/football/2026/jan/14/iran-football-team-battle-to-be-heard-regime-protests,Iran’s footballers face battle to be heard as regime brutally clamps down on protests,https://www.theguardian.com/world/iran/2026/jan/14/all,True,False,False,False,False,False,False,False,False,True,False,0.0,2026-01-14
2026-01-14,https://www.theguardian.com/world/gallery/2026/jan/14/protests-in-iran-in-pictures,Anti-regime protests in Iran and around the world – in pictures,https://www.theguardian.com/world/iran/2026/jan/14/all,True,False,False,False,False,False,False,False,False,False,False,0.0,2026-01-14
2026-01-14,https://www.theguardian.com/world/2026/jan/14/iran-protests-what-we-know-so-far-about-the-the-spiralling-anti-government-protests,Iran protests: what we know so far about the spiralling anti-government demonstrations,https://www.theguardian.com/world/iran/2026/jan/14/all,True,False,False,False,False,False,False,False,False,True,False,0.0,2026-01-14
2026-01-15,https://www.theguardian.com/commentisfree/2026/jan/15/the-guardian-view-on-trumps-world-from-venezuela-to-iran-to-greenland-the-madness-is-the-method,"The Guardian view on Trump’s world: from Venezuela to Iran to Greenland, the madness is the method",https://www.theguardian.com/world/iran/2026/jan/15/all,True,False,False,False,False,False,False,False,False,False,False,0.0,2026-01-15
2026-01-15,https://www.theguardian.com/world/live/2026/jan/15/trump-iran-protests-usa-response-airspace-killings-live-updates,G7 threatens more sanctions for Iran amid ’high level of reported deaths and injuries’ - as it happened,https://www.theguardian.com/world/iran/2026/jan/15/all,True,False,True,False,True,False,False,False,False,False,False,0.5,2026-01-15
2026-01-15,https://www.theguardian.com/world/2026/jan/15/gulf-states-and-turkey-urged-trump-not-to-launch-strikes-against-iran,Gulf states and Turkey warned Trump strikes on Iran could lead to major conflict,https://www.theguardian.com/world/iran/2026/jan/15/all,True,False,True,True,True,False,False,False,False,True,False,1.0,2026-01-15
2026-01-15,https://www.theguardian.com/commentisfree/2026/jan/15/iran-protests-survivors-regime-freedom,I know the terrible cost of speaking out in Iran – and I beg the world to stand with those speaking out now,https://www.theguardian.com/world/iran/2026/jan/15/all,True,False,False,False,False,False,False,False,False,False,False,0.0,2026-01-15
2026-01-15,https://www.theguardian.com/global-development/2026/jan/15/iran-protesters-uprising-killed-world-diaspora-families-tehran-internet-blackout,‘The world needs to know what’s happening’: families of protesters killed in Iran tell of heartbreak,https://www.theguardian.com/world/iran/2026/jan/15/all,True,False,False,True,False,False,False,False,False,True,False,0.0,2026-01-15
2026-01-15,https://www.theguardian.com/world/2026/jan/15/iran-protest-killings-trump-tehran-claims-no-executions,Trump says Iran has told him ‘killing has stopped’ as he pulls back from strike threats,https://www.theguardian.com/world/iran/2026/jan/15/all,True,False,True,True,True,False,False,False,False,True,False,1.0,2026-01-15
2026-01-15,https://www.theguardian.com/world/2026/jan/15/how-day-zero-water-shortages-in-iran-are-fuelling-protests,How ‘day zero’ water shortages in Iran are fuelling protests,https://www.theguardian.com/world/iran/2026/jan/15/all,True,False,False,False,False,False,False,False,False,True,False,0.0,2026-01-15
2026-01-15,https://www.theguardian.com/world/2026/jan/15/iran-protests-crisis-what-we-know-so-far,Iran crisis explained: what we know so far,https://www.theguardian.com/world/iran/2026/jan/15/all,True,False,False,False,False,False,False,False,False,True,False,0.0,2026-01-15
2026-01-16,https://www.theguardian.com/world/2026/jan/16/son-of-former-iranian-monarch-calls-for-targeted-intervention-to-hasten-regimes-collapse,Son of former shah says he is ‘uniquely positioned’ to lead Iran as he predicts end of regime,https://www.theguardian.com/world/iran/2026/jan/16/all,True,False,False,False,False,False,False,False,False,True,False,0.0,2026-01-16
2026-01-16,https://www.theguardian.com/commentisfree/2026/jan/16/people-of-iran-us-bombs-tehran,Thousands of Iranians have been killed protesting for their freedom. Why are so many silent on their plight?,https://www.theguardian.com/world/iran/2026/jan/16/all,True,False,False,True,False,False,False,False,False,False,False,0.0,2026-01-16
2026-01-16,https://www.theguardian.com/commentisfree/2026/jan/16/trump-war-iran,Trump has pulled back from the brink on Iran – for now,https://www.theguardian.com/world/iran/2026/jan/16/all,True,False,False,False,False,False,False,False,False,False,False,0.0,2026-01-16
2026-01-16,https://www.theguardian.com/commentisfree/2026/jan/16/iran-protests-iranian-people-demands-silenced-reza-pahlavi,So much for a ‘final battle’ – once again the Iranian people’s peaceful and democratic demands have been silenced,https://www.theguardian.com/world/iran/2026/jan/16/all,True,False,False,False,False,False,False,False,False,False,False,0.0,2026-01-16
2026-01-16,https://www.theguardian.com/world/video/2026/jan/16/reza-pahlavi-is-the-last-shahs-son-a-viable-opposition-leader-for-iran-video-explainer,Reza Pahlavi: is the last shah's son a viable opposition leader for Iran? – video explainer,https://www.theguardian.com/world/iran/2026/jan/16/all,True,False,False,False,False,False,False,False,False,False,False,0.0,2026-01-16
2026-01-16,https://www.theguardian.com/world/2026/jan/16/ali-khamenei-regime-will-not-be-able-to-keep-control-of-iran-says-dissenting-film-maker,"Khamenei regime will not be able to keep control of Iran, says dissenting film-maker",https://www.theguardian.com/world/iran/2026/jan/16/all,True,False,False,False,False,False,False,False,False,True,False,0.0,2026-01-16
2026-01-17,https://www.theguardian.com/world/2026/jan/17/senior-iranian-cleric-calls-for-protester-executions-in-defiance-of-trump-claims,"Ali Khamenei says thousands killed in Iran protests, some in ‘inhuman, savage manner’",https://www.theguardian.com/world/iran/2026/jan/17/all,True,False,False,True,False,False,False,False,False,True,False,0.0,2026-01-20
2026-01-17,https://www.theguardian.com/world/2026/jan/17/iranians-abroad-protests-change,‘It will take a generation’: Iranians abroad on the protests – and change,https://www.theguardian.com/world/iran/2026/jan/17/all,True,False,False,False,False,False,False,False,False,True,False,0.0,2026-01-20
2026-01-17,https://www.theguardian.com/world/2026/jan/17/iran-protests-opposition,The Iranian state silenced protests with brutality. What now for Iran’s opposition?,https://www.theguardian.com/world/iran/2026/jan/17/all,True,False,False,False,False,False,False,False,False,True,False,0.0,2026-01-20
2026-01-17,https://www.theguardian.com/world/2026/jan/17/iran-plans-permanent-break-from-global-internet-say-activists,"Iran plans permanent break from global internet, say activists",https://www.theguardian.com/world/iran/2026/jan/17/all,True,False,False,False,False,False,False,False,False,True,False,0.0,2026-01-20
2026-01-18,https://www.theguardian.com/world/2026/jan/18/iran-warns-world-that-any-attack-on-ayatollah-ali-khamenei-would-be-declaration-of-war,Iran warns attack on Khamenei would be declaration of war,https://www.theguardian.com/world/iran/2026/jan/18/all,True,False,True,True,True,False,False,False,False,True,False,1.0,2026-01-20
2026-01-18,https://www.theguardian.com/commentisfree/2026/jan/18/iran-democracy-independent-media-civil-society-rule-of-law,Iran cannot be bombed into democracy. But it can be helped to find its way there,https://www.theguardian.com/world/iran/2026/jan/18/all,True,False,True,True,False,False,False,False,False,False,False,1.0,2026-01-20
2026-01-18,https://www.theguardian.com/world/2026/jan/18/why-protesters-iran-feel-betrayed-donald-trump,‘He hoped Trump’s help would arrive’: why protesters in Iran feel betrayed,https://www.theguardian.com/world/iran/2026/jan/18/all,True,False,False,False,False,False,False,False,False,True,False,0.0,2026-01-20
2026-01-19,https://www.theguardian.com/global-development/2026/jan/19/iran-protesters-teenager-sexually-assaulted-in-custody-rights-group,"Teenager among Iranian protesters sexually assaulted in custody, rights group says",https://www.theguardian.com/world/iran/2026/jan/19/all,True,False,False,False,False,False,False,False,False,True,False,0.0,2026-01-20
2026-01-20,https://www.theguardian.com/us-news/2026/jan/20/us-foreign-policy-mad-king-trump-whims,Might is right: US ‘foreign policy’ held hostage to mad king Trump’s whims,https://www.theguardian.com/world/iran/2026/jan/20/all,False,False,False,False,False,False,False,False,False,True,False,0.0,2026-01-20
2026-01-20,https://www.theguardian.com/commentisfree/2026/jan/20/iran-protests-change-regime-fall,I am in Iran watching the protests and desperate for change. But I don’t believe the regime will fall,https://www.theguardian.com/world/iran/2026/jan/20/all,True,False,False,False,False,False,False,False,False,False,False,0.0,2026-01-20
2026-01-21,https://www.theguardian.com/world/2026/jan/21/iran-central-bank-cryptocurrency-tether-nigel-farage,"Iran’s central bank using vast quantities of cryptocurrency championed by Farage, says report",https://www.theguardian.com/world/iran/2026/jan/21/all,True,False,False,False,False,False,False,False,False,True,False,0.0,2026-01-21
2026-01-25,https://www.theguardian.com/world/2026/jan/25/iran-presidents-son-urges-authorities-to-restore-internet-after-protest-blackout,Iran president’s son urges authorities to restore internet after protests blackout,https://www.theguardian.com/world/iran/2026/jan/25/all,True,False,False,False,False,False,False,False,False,True,False,0.0,2026-01-26
2026-01-25,https://www.theguardian.com/film/2026/jan/25/the-friends-house-is-here-sundance-review,"The Friend’s House is Here review – timely, secretly made tale of creativity in Iran",https://www.theguardian.com/world/iran/2026/jan/25/all,True,False,False,False,False,False,False,False,False,True,False,0.0,2026-01-26
2026-01-25,https://www.theguardian.com/world/2026/jan/25/iran-us-protests-crackdown,‘Emotionally devastating’: Iranians in US on regime’s deadly protest crackdown,https://www.theguardian.com/world/iran/2026/jan/25/all,True,False,False,False,False,False,False,False,False,True,False,0.0,2026-01-26
2026-01-25,https://www.theguardian.com/global-development/2026/jan/25/iran-protest-doctor-first-hand-account-shooting-of-protestors,"‘Pools of blood, hundreds of gunshots’: I am a surgeon in Iran - this is the horror I’ve witnessed in the crackdown",https://www.theguardian.com/world/iran/2026/jan/25/all,True,False,False,False,False,False,False,False,False,True,False,0.0,2026-01-26
2026-01-26,https://www.theguardian.com/world/2026/jan/26/iran-prepares-possible-attack-us-navy,Iranian government braces for possible attack as US navy arrives in region,https://www.theguardian.com/world/iran/2026/jan/26/all,True,False,True,True,False,False,False,False,False,True,False,1.0,2026-01-26
2026-01-26,https://www.theguardian.com/football/2026/jan/26/iran-football-ali-karimi-infantino-fifa-protest-deaths,Iran football great Ali Karimi leads call for Infantino to speak up on protest deaths,https://www.theguardian.com/world/iran/2026/jan/26/all,True,False,False,False,False,False,False,False,False,True,False,0.0,2026-01-26
2026-01-26,https://www.theguardian.com/world/2026/jan/26/iran-tehran-mural-warns-us-against-military-strike,‘You will reap the whirlwind’: Tehran mural warns of retaliation if US strikes Iran,https://www.theguardian.com/world/iran/2026/jan/26/all,True,False,True,True,True,False,False,False,False,True,False,1.0,2026-01-26
2026-01-27,https://www.theguardian.com/us-news/2026/jan/27/us-announces-multi-day-aerial-military-drills-in-the-middle-east-amid-iran-tensions,US announces multi-day aerial military drills in the Middle East amid Iran tensions,https://www.theguardian.com/world/iran/2026/jan/27/all,True,False,True,False,True,False,False,False,False,True,False,0.5,2026-01-27
2026-01-27,https://www.theguardian.com/science/audio/2026/jan/27/world-era-water-bankruptcy-podcast,Has the world entered an era of ‘water bankruptcy’? – podcast,https://www.theguardian.com/world/iran/2026/jan/27/all,False,False,False,False,False,False,False,False,False,False,False,0.0,2026-01-27
2026-01-27,https://www.theguardian.com/global-development/2026/jan/27/iran-protests-death-toll-disappeared-bodies-mass-burials-30000-dead,"Disappeared bodies, mass burials and ‘30,000 dead’: what is the truth of Iran’s death toll?",https://www.theguardian.com/world/iran/2026/jan/27/all,True,False,False,False,False,False,False,False,False,True,False,0.0,2026-01-27
2026-01-28,https://www.theguardian.com/world/2026/jan/28/trump-threat-us-iran-war-armada-nuclear-programme,Threat of US-Iran war escalates as Trump warns time running out for deal,https://www.theguardian.com/world/iran/2026/jan/28/all,True,False,True,False,True,False,True,False,False,True,True,-0.5,2026-01-28
2026-01-28,https://www.theguardian.com/world/2026/jan/28/iran-appears-to-ease-internet-blackout,Iran appears to ease internet blackout as cost of shutdown mounts,https://www.theguardian.com/world/iran/2026/jan/28/all,True,False,False,False,False,False,False,False,False,True,False,0.0,2026-01-28
2026-01-28,https://www.theguardian.com/global-development/2026/jan/28/sanctions-economic-warfare-civilians-collateral-damage-us-embargo-cuba-haiti-venezuela,Sanctions are not a humane alternative to bombs. They are economic warfare,https://www.theguardian.com/world/iran/2026/jan/28/all,False,False,False,True,True,False,False,False,False,True,False,0.0,2026-01-28
2026-01-29,https://www.theguardian.com/commentisfree/2026/jan/29/the-guardian-view-on-trumps-iran-threats-military-strikes-wont-help-civilians-facing-state-brutality,The Guardian view on Trump’s Iran threats: military strikes won’t help civilians facing state brutality,https://www.theguardian.com/world/iran/2026/jan/29/all,True,False,True,True,True,False,False,False,False,False,False,1.0,2026-01-29
2026-01-29,https://www.theguardian.com/politics/2026/jan/29/britain-unlikely-assist-us-attack-iran-gulf-retaliated,UK unlikely to join a US attack on Iran – but may help Gulf states if Tehran retaliates,https://www.theguardian.com/world/iran/2026/jan/29/all,True,False,True,True,False,False,False,False,False,True,False,1.0,2026-01-29
2026-01-29,https://www.theguardian.com/news/video/2026/jan/29/is-trump-about-to-attack-iran-the-latest,Is Trump about to attack Iran? - The Latest,https://www.theguardian.com/world/iran/2026/jan/29/all,True,False,True,True,False,False,False,False,False,False,False,1.0,2026-01-29
2026-01-29,https://www.theguardian.com/technology/2026/jan/29/iran-app-gap-messenger-tsit-user-data-uk-sussex,UK-based pair behind messaging app accused of giving data to Iranian regime,https://www.theguardian.com/world/iran/2026/jan/29/all,True,False,False,False,False,False,False,False,False,True,False,0.0,2026-01-29
2026-01-29,https://www.theguardian.com/commentisfree/picture/2026/jan/29/rebecca-hendin-policing-protest-us-iran-cartoon,Rebecca Hendin on policing protest in the US and Iran – cartoon,https://www.theguardian.com/world/iran/2026/jan/29/all,True,False,False,False,False,False,False,False,False,False,False,0.0,2026-01-29
2026-01-29,https://www.theguardian.com/world/2026/jan/29/eu-formally-designates-iran-irgc-revolutionary-guards-terrorist-organisation,EU designates Iran’s Revolutionary Guards as a terrorist organisation,https://www.theguardian.com/world/iran/2026/jan/29/all,True,False,False,False,False,False,False,False,False,True,False,0.0,2026-01-29
2026-01-29,https://www.theguardian.com/world/audio/2026/jan/29/is-trump-about-to-attack-iran-the-latest,Is Trump about to attack Iran? – The Latest,https://www.theguardian.com/world/iran/2026/jan/29/all,True,False,True,True,False,False,False,False,False,False,False,1.0,2026-01-29
2026-01-29,https://www.theguardian.com/world/2026/jan/29/iran-seeks-to-avert-us-military-action-with-talks-in-ankara,Iran seeks to avert US military action with talks in Ankara,https://www.theguardian.com/world/iran/2026/jan/29/all,True,False,True,False,True,False,True,False,False,True,True,-0.5,2026-01-29
2026-01-29,https://www.theguardian.com/world/2026/jan/29/very-masculinist-how-iran-unrest-different-2022-hijab-protests,‘Very masculinist’: how Iran unrest felt different to 2022’s hijab protests,https://www.theguardian.com/world/iran/2026/jan/29/all,True,False,False,False,False,False,False,False,False,True,False,0.0,2026-01-29
2026-01-29,https://www.theguardian.com/world/2026/jan/29/iran-confront-catastrophe-violent-crackdown-protests,Iran tries to confront ‘catastrophe’ of violent clampdown on protests,https://www.theguardian.com/world/iran/2026/jan/29/all,True,False,False,False,False,False,False,False,False,True,False,0.0,2026-01-29
2026-01-29,https://www.theguardian.com/global-development/2026/jan/29/iran-doctors-arrested-treating-injured-protesters,Iran accused of ‘campaign of revenge’ as doctors arrested for treating protesters,https://www.theguardian.com/world/iran/2026/jan/29/all,True,False,False,False,False,False,False,False,False,True,False,0.0,2026-01-29
2026-01-29,https://www.theguardian.com/us-news/2026/jan/29/trump-iran-usa-one-month-demands-protesters-nuclear,What does the US want from Iran? Tracking one month of Trump’s changing demands,https://www.theguardian.com/world/iran/2026/jan/29/all,True,False,False,False,False,False,False,False,False,True,False,0.0,2026-01-29
2026-01-30,https://www.theguardian.com/us-news/2026/jan/30/donald-trump-iran-end-nuclear-programme-killing-protesters-face-us-military,Trump says he believes Iran wants to make deal as he extols size of US ‘armada’,https://www.theguardian.com/world/iran/2026/jan/30/all,True,False,False,False,False,False,True,False,False,True,True,0.0,2026-01-30
2026-01-30,https://www.theguardian.com/film/2026/jan/30/displacement-film-fund-review-cate-blanchett-short-film-collection-that-brims-with-life-and-intensity,Displacement Film Fund review – Cate Blanchett masterminds short film collection that brims with life and intensity,https://www.theguardian.com/world/iran/2026/jan/30/all,False,False,False,False,False,False,False,False,False,True,False,0.0,2026-01-30
2026-01-30,https://www.theguardian.com/uk-news/2026/jan/30/starmer-signals-support-for-trumps-aggressive-approach-towards-iran,Starmer signals support for Trump’s aggressive approach towards Iran,https://www.theguardian.com/world/iran/2026/jan/30/all,True,False,False,False,False,False,False,False,False,True,False,0.0,2026-01-30
2026-01-30,https://www.theguardian.com/world/2026/jan/30/rationale-behind-iran-uranium-enrichment-nuclear-ambitions,‘Deeply ideological’: the rationale behind Iran’s insistence on uranium enrichment,https://www.theguardian.com/world/iran/2026/jan/30/all,True,False,True,False,True,False,False,False,False,True,False,0.5,2026-01-30
2026-01-30,https://www.theguardian.com/world/2026/jan/30/what-would-us-attack-on-iran-achieve-trump-khamenei-analysis,Killing Khamenei? Hitting military sites? It is unclear what a US attack on Iran would achieve,https://www.theguardian.com/world/iran/2026/jan/30/all,True,False,True,True,True,False,False,False,False,True,False,1.0,2026-01-30
2026-02-01,https://www.theguardian.com/world/2026/feb/01/calls-grow-in-iran-for-independent-inquiry-into-protest-death-toll,Calls grow in Iran for independent inquiry into protest death toll,https://www.theguardian.com/world/iran/2026/feb/01/all,True,False,False,False,False,False,False,False,False,True,False,0.0,2026-02-02
2026-02-02,https://www.theguardian.com/world/2026/feb/02/mehdi-mahmoudian-co-writer-oscar-nominated-film-it-was-just-an-accident-arrested-in-iran,Co-writer of Oscar-nominated film It Was Just an Accident arrested in Iran,https://www.theguardian.com/world/iran/2026/feb/02/all,True,False,False,False,False,False,False,False,False,True,False,0.0,2026-02-02
2026-02-03,https://www.theguardian.com/news/2026/feb/03/time-to-talk-inside-the-6-february-guardian-weekly,Time to talk? Inside the 6 February Guardian Weekly,https://www.theguardian.com/world/iran/2026/feb/03/all,False,False,False,False,False,False,False,False,False,True,False,0.0,2026-02-03
2026-02-03,https://www.theguardian.com/global/video/2026/feb/03/smoke-billows-from-fire-at-tehran-market-video,Smoke billows from fire at Tehran market – video,https://www.theguardian.com/world/iran/2026/feb/03/all,True,False,False,False,False,False,False,False,False,False,False,0.0,2026-02-03
2026-02-03,https://www.theguardian.com/commentisfree/2026/feb/03/iran-donald-trump-us-middle-east-regime-collapse,"War, a Trump-imposed deal or internal regime collapse: for Tehran, none of the options are good",https://www.theguardian.com/world/iran/2026/feb/03/all,True,False,True,False,False,False,True,True,False,False,False,0.5,2026-02-03
2026-02-03,https://www.theguardian.com/world/2026/feb/03/music-and-dancing-signify-defiance-at-celebratory-funerals-of-irans-protesters,Music and dancing signify defiance at celebratory funerals of Iran’s protesters,https://www.theguardian.com/world/iran/2026/feb/03/all,True,False,False,False,False,False,False,False,False,True,False,0.0,2026-02-03
2026-02-04,https://www.theguardian.com/world/2026/feb/04/us-iran-talks-risk-collapse-oman-move-rejected,US and Iran talks brought back from the brink after White House relents on move to Oman,https://www.theguardian.com/world/iran/2026/feb/04/all,True,False,True,False,False,False,True,False,False,True,True,-0.75,2026-02-04
2026-02-04,https://www.theguardian.com/uk-news/2026/feb/04/killing-on-a-mass-scale-piecing-together-the-full-picture-of-irans-brutal-crackdown,Killing on a mass scale: piecing together the full picture of Iran’s brutal crackdown,https://www.theguardian.com/world/iran/2026/feb/04/all,True,False,False,False,False,False,False,False,False,True,False,0.0,2026-02-04
2026-02-04,https://www.theguardian.com/global-development/2026/feb/04/trump-us-china-russia-democratic-recession-peril-human-rights-watch,"Trump-led abuses amid ‘democratic recession’ put human rights in peril, HRW report says",https://www.theguardian.com/world/iran/2026/feb/04/all,False,False,False,False,False,False,False,False,False,True,False,0.0,2026-02-04
2026-02-05,https://www.theguardian.com/world/2026/feb/05/iran-is-betting-that-trump-does-not-have-a-plan-for-regime-change,Iran is betting that Trump does not have a plan for regime change,https://www.theguardian.com/world/iran/2026/feb/05/all,True,False,False,False,False,False,False,False,False,True,False,0.0,2026-02-05
2026-02-05,https://www.theguardian.com/uk-news/2026/feb/05/cranston-inquiry-into-mass-channel-drowning-hears-from-families,‘They were humans’: inquiry into mass Channel drowning hears from families,https://www.theguardian.com/world/iran/2026/feb/05/all,False,False,False,False,False,False,False,False,False,True,False,0.0,2026-02-05
2026-02-06,https://www.theguardian.com/world/live/2026/feb/06/us-iran-nuclear-talks-oman-live-updates,Iran’s foreign minister says talks with US were ‘ a very good start’ but are ‘over for now’ – as it happened,https://www.theguardian.com/world/iran/2026/feb/06/all,True,False,True,False,False,False,True,True,False,False,False,0.5,2026-02-06
2026-02-06,https://www.theguardian.com/global-development/ng-interactive/2026/feb/06/rasht-massacre-protests-iran-timeline,"‘I saw kids being shot, women, old people’: how a massacre unfolded in one Iranian city",https://www.theguardian.com/world/iran/2026/feb/06/all,True,False,False,False,False,False,False,False,False,True,False,0.0,2026-02-06
2026-02-07,https://www.theguardian.com/world/2026/feb/07/bbc-persian-journalists-say-iran-monitoring-them-targeting-families,BBC Persian journalists say Iran monitoring them and targeting their families,https://www.theguardian.com/world/iran/2026/feb/07/all,True,False,False,False,False,False,False,False,False,True,False,0.0,2026-02-09
2026-02-08,https://www.theguardian.com/world/2026/feb/08/iran-nobel-laureate-narges-mohammadi-seven-more-years-prison-hunger-strike,Iran sentences Nobel laureate Narges Mohammadi to seven more years in prison,https://www.theguardian.com/world/iran/2026/feb/08/all,True,False,False,False,False,False,False,False,False,True,False,0.0,2026-02-09
2026-02-09,https://www.theguardian.com/world/2026/feb/09/iran-arrests-leading-reformists-close-to-the-countrys-president,Iran arrests leading reformists close to the country’s president,https://www.theguardian.com/world/iran/2026/feb/09/all,True,False,False,False,False,False,False,False,False,True,False,0.0,2026-02-09
2026-02-09,https://www.theguardian.com/world/2026/feb/09/china-iran-technology-internet-control,"Chinese technology underpins Iran’s internet control, report finds",https://www.theguardian.com/world/iran/2026/feb/09/all,True,False,False,False,False,False,False,False,False,True,False,0.0,2026-02-09
2026-02-10,https://www.theguardian.com/world/2026/feb/10/iran-tells-us-not-to-let-netanyahu-thwart-nuclear-talks-before-trump-meeting,Iran tells US not to let Netanyahu thwart nuclear talks before Trump meeting,https://www.theguardian.com/world/iran/2026/feb/10/all,True,False,True,False,True,False,True,True,False,True,False,1.0,2026-02-10
2026-02-10,https://www.theguardian.com/environment/2026/feb/10/ticking-time-bomb-iran-shadow-fleet-old-tankers-risking-catastrophic-oil-spill,"Iran’s shadow fleet of old tankers a ticking bomb for sea life, say experts",https://www.theguardian.com/world/iran/2026/feb/10/all,True,True,False,True,False,True,False,False,False,True,False,0.0,2026-02-10
2026-02-11,https://www.theguardian.com/us-news/2026/feb/11/trump-netanyahu-iran-nuclear-deal,Trump says he is still seeking Iran anti-nuclear deal after Netanyahu meeting,https://www.theguardian.com/world/iran/2026/feb/11/all,True,False,True,False,True,False,True,False,False,True,True,-0.5,2026-02-11
2026-02-11,https://www.theguardian.com/world/2026/feb/11/iran-president-denies-it-seeks-nuclear-weapon-admits-shame-after-protests,Iran’s president denies it seeks nuclear weapon and admits ‘shame’ after mass protests,https://www.theguardian.com/world/iran/2026/feb/11/all,True,False,True,False,True,False,False,False,False,True,False,0.5,2026-02-11
2026-02-12,https://www.theguardian.com/australia-news/2026/feb/12/fears-former-canberra-boy-has-been-executed-in-iran-as-australia-makes-representations-to-tehran,"Concerns for former Canberra boy in Iran, as Australia makes representations to Tehran",https://www.theguardian.com/world/iran/2026/feb/12/all,True,False,False,False,False,False,False,False,False,True,False,0.0,2026-02-12
2026-02-13,https://www.theguardian.com/world/2026/feb/13/trump-sends-second-aircraft-carrier-middle-east-iran,Trump sends second aircraft carrier to Middle East in effort to increase pressure on Iran,https://www.theguardian.com/world/iran/2026/feb/13/all,True,False,False,False,False,False,False,False,False,True,False,0.0,2026-02-13
2026-02-14,https://www.theguardian.com/world/2026/feb/14/nobel-laureate-transferred-to-prison-in-northern-iran-without-warning,Nobel laureate transferred to prison in northern Iran without warning,https://www.theguardian.com/world/iran/2026/feb/14/all,True,False,False,False,True,False,False,False,False,True,False,0.0,2026-02-17
2026-02-14,https://www.theguardian.com/world/2026/feb/14/french-town-neauphle-le-chateau-iran-ayatollah-ruhollah-khomeini-sanctuary,‘It still rankles’: the French town living in the shadow of being an ayatollah’s refuge,https://www.theguardian.com/world/iran/2026/feb/14/all,False,False,False,False,False,False,False,False,False,True,False,0.0,2026-02-17
2026-02-15,https://www.theguardian.com/world/2026/feb/15/rallies-held-across-the-world-in-support-of-irans-anti-government-protesters,Rallies held across the world in support of Iran’s anti-government protesters,https://www.theguardian.com/world/iran/2026/feb/15/all,True,False,False,False,False,False,False,False,False,True,False,0.0,2026-02-17
2026-02-15,https://www.theguardian.com/commentisfree/2026/feb/15/regime-change-iran-1979-pointers-shah-exile,Nobody knows what would follow regime change in Iran – but what happened in 1979 offers some pointers,https://www.theguardian.com/world/iran/2026/feb/15/all,True,False,False,False,False,False,False,False,False,False,False,0.0,2026-02-17
2026-02-15,https://www.theguardian.com/global-development/ng-interactive/2026/feb/15/new-photos-give-glimpse-inside-irans-bloody-crackdown-on-anti-government-protests,New photos give glimpse inside Iran’s bloody crackdown on anti-government protests,https://www.theguardian.com/world/iran/2026/feb/15/all,True,False,False,False,False,False,False,False,False,True,False,0.0,2026-02-17
2026-02-16,https://www.theguardian.com/world/2026/feb/16/the-patience-and-the-poker-face-irans-wily-diplomat-set-to-face-the-us-in-nuclear-talks,The patience and the poker face: Iran’s wily diplomat set to face the US in nuclear talks,https://www.theguardian.com/world/iran/2026/feb/16/all,True,False,True,False,True,False,True,False,False,True,True,-0.5,2026-02-17
2026-02-17,https://www.theguardian.com/film/2026/feb/17/iran-protest-movement-dissent-documentary-memories-of-a-window-berlin-film-festival,‘It’s a protest movement behind windows’: tribute to the Iranians risking their lives to film dissent,https://www.theguardian.com/world/iran/2026/feb/17/all,True,False,False,False,False,False,False,False,False,True,False,0.0,2026-02-17
2026-02-17,https://www.theguardian.com/world/2026/feb/17/iran-us-nuclear-talks-open-geneva,"Iran-US talks: agreement reached on ‘guiding principles’ after ‘constructive’ meeting, Tehran says",https://www.theguardian.com/world/iran/2026/feb/17/all,True,False,True,False,False,False,True,False,False,True,True,-0.75,2026-02-17
2026-02-17,https://www.theguardian.com/global-development/2026/feb/17/x-rays-injuries-iran-protesters-hospital-birdshot-bullets,‘Deliberate targeting of vital body parts’: X-rays taken after Iran protests expose extent of catastrophic injuries,https://www.theguardian.com/world/iran/2026/feb/17/all,True,False,False,False,False,False,False,False,False,True,False,0.0,2026-02-17
2026-02-19,https://www.theguardian.com/world/2026/feb/19/donald-trump-turns-against-uk-chagos-islands-plan-iran,Trump changed mind on Chagos deal ‘after UK blocked use of Diego Garcia for Iran strikes’,https://www.theguardian.com/world/iran/2026/feb/19/all,True,False,True,True,False,False,True,False,False,True,True,0.0,2026-02-19
2026-02-19,https://www.theguardian.com/us-news/2026/feb/19/forget-the-board-of-peace-trump-may-be-closer-than-thought-to-attacking-iran,"Forget the Board of Peace, Trump may be closer than thought to attacking Iran",https://www.theguardian.com/world/iran/2026/feb/19/all,True,False,True,True,False,False,True,False,False,True,True,0.0,2026-02-19
2026-02-19,https://www.theguardian.com/politics/live/2026/feb/19/keir-starmer-antonia-romeo-cabinet-secretary-donald-trump-chagos-islands-deal-uk-politics-latest-news-updates,"Keir Starmer blocking US from attacking Iran from Diego Garcia, report says – as it happened",https://www.theguardian.com/world/iran/2026/feb/19/all,True,False,True,True,False,False,False,False,False,False,False,1.0,2026-02-19
2026-02-19,https://www.theguardian.com/world/2026/feb/19/jail-sentence-iran-british-couple-lindsay-craig-foreman-totally-unjustifiable-says-foreign-secretary,British woman jailed for 10 years in Iran describes ‘endurance test’ of detention,https://www.theguardian.com/world/iran/2026/feb/19/all,True,False,False,False,False,False,False,False,False,True,False,0.0,2026-02-19
2026-02-20,https://www.theguardian.com/commentisfree/2026/feb/20/the-guardian-view-on-trumps-board-of-peace-serving-private-interests-more-than-public-good,The Guardian view on Trump’s Board of Peace: serving private interests more than public good,https://www.theguardian.com/world/iran/2026/feb/20/all,False,False,False,False,False,False,True,False,False,False,True,0.0,2026-02-20
2026-02-21,https://www.theguardian.com/world/2026/feb/21/iran-nuclear-counterproposal-us-strikes-threat,Iran prepares nuclear counterproposal as US considers limited military strikes,https://www.theguardian.com/world/iran/2026/feb/21/all,True,False,True,True,True,False,False,False,False,True,False,1.0,2026-02-23
2026-02-21,https://www.theguardian.com/world/2026/feb/21/splinternet-online-shutdowns-are-getting-cheaper-and-easier-to-impose-iran-blackout,The splinternet: how online shutdowns are getting cheaper and easier to impose,https://www.theguardian.com/world/iran/2026/feb/21/all,False,False,False,False,False,False,False,False,False,True,False,0.0,2026-02-23
2026-02-22,https://www.theguardian.com/world/2026/feb/22/washington-and-tehran-to-hold-more-nuclear-talks-as-protests-reignite-in-iran,Washington and Tehran to hold more nuclear talks as protests reignite in Iran,https://www.theguardian.com/world/iran/2026/feb/22/all,True,False,True,False,True,False,True,False,False,True,True,-0.5,2026-02-23
2026-02-22,https://www.theguardian.com/world/video/2026/feb/22/fresh-protests-erupt-at-iranian-universities-as-they-reopen-after-crackdown-video,Fresh protests erupt at Iranian universities as they reopen after crackdown – video,https://www.theguardian.com/world/iran/2026/feb/22/all,True,False,False,False,False,False,False,False,False,False,False,0.0,2026-02-23
2026-02-23,https://www.theguardian.com/us-news/2026/feb/23/trump-iran-airstrikes-nuclear-deal,Trump Iran airstrikes decision to be guided by Jared Kushner and Steve Witkoff’s advice,https://www.theguardian.com/world/iran/2026/feb/23/all,True,False,True,True,False,False,False,False,False,True,False,1.0,2026-02-23
2026-02-23,https://www.theguardian.com/world/2026/feb/23/us-evacuates-staff-lebanon-embassy,US evacuates staff from Lebanon embassy amid tensions with Iran,https://www.theguardian.com/world/iran/2026/feb/23/all,True,False,False,False,False,False,False,False,False,True,False,0.0,2026-02-23
2026-02-23,https://www.theguardian.com/world/2026/feb/23/death-to-dictator-iranian-students-protests-third-day,‘Death to the dictator’: Iranian students hold protests for third day,https://www.theguardian.com/world/iran/2026/feb/23/all,True,False,False,False,False,False,False,False,False,True,False,0.0,2026-02-23
2026-02-23,https://www.theguardian.com/global-development/2026/feb/23/classrooms-empty-graveyards-full-iran-students-why-protesting-again,‘Our classrooms are empty because the graveyards are full’: Iran’s students on why they are protesting again,https://www.theguardian.com/world/iran/2026/feb/23/all,True,False,False,False,False,False,False,False,False,True,False,0.0,2026-02-23
2026-02-24,https://www.theguardian.com/us-news/live/2026/feb/24/us-politics-latest-news-donald-trump-tariffs-iran,US men’s Olympic hockey team visit White House – as it happened,https://www.theguardian.com/world/iran/2026/feb/24/all,False,False,False,False,False,False,False,False,False,False,False,0.0,2026-02-24
2026-02-24,https://www.theguardian.com/world/2026/feb/24/iran-armed-police-flood-universities-to-crush-student-protests,Armed police flood Iran’s universities to crush student protests,https://www.theguardian.com/world/iran/2026/feb/24/all,True,False,False,False,False,False,False,False,False,True,False,0.0,2026-02-24
2026-02-24,https://www.theguardian.com/business/2026/feb/24/oil-prices-rise-us-iran-talks,Oil prices hit seven-month highs as tensions rise before US-Iran talks,https://www.theguardian.com/world/iran/2026/feb/24/all,True,False,True,False,False,True,True,False,True,False,True,-0.25,2026-02-24
2026-02-25,https://www.theguardian.com/world/2026/feb/25/us-iran-nuclear-talks-critical-stage-trump,Iran enters critical nuclear talks with US insisting deal is within reach,https://www.theguardian.com/world/iran/2026/feb/25/all,True,False,True,False,True,False,True,False,False,True,True,-0.5,2026-02-25
2026-02-25,https://www.theguardian.com/us-news/video/2026/feb/25/al-green-iran-record-length-speech-trump-state-of-the-union-address-in-3-minutes-video,Donald Trump's two-hour State of the Union address in 3 minutes – video,https://www.theguardian.com/world/iran/2026/feb/25/all,False,False,False,False,False,False,False,False,False,False,False,0.0,2026-02-25
2026-02-25,https://www.theguardian.com/world/2026/feb/25/members-of-irans-elite-accused-of-hypocrisy-over-childrens-lives-in-west,Members of Iran’s elite accused of hypocrisy over children’s lives in west,https://www.theguardian.com/world/iran/2026/feb/25/all,True,False,False,False,False,False,False,False,False,True,False,0.0,2026-02-25
2026-02-26,https://www.theguardian.com/world/live/2026/feb/26/us-iran-nuclear-talks-middle-east-latest-news-updates,Oman says US-Iran talks end with ‘significant progress’ but no deal reached – as it happened,https://www.theguardian.com/world/iran/2026/feb/26/all,True,False,True,False,False,False,True,True,False,False,False,0.5,2026-02-26
2026-02-26,https://www.theguardian.com/world/2026/feb/26/trump-attack-threat-looms-as-nuclear-talks-between-us-and-iran-go-to-wire,US-Iran nuclear talks end without a deal as threat of war grows,https://www.theguardian.com/world/iran/2026/feb/26/all,True,False,True,False,True,False,True,True,False,True,False,1.0,2026-02-26
2026-02-26,https://www.theguardian.com/us-news/2026/feb/26/trump-foreign-wars-iran,"Trump once boasted about opposing the Iraq war, but Iran shows his stance on foreign conflicts is ever shifting",https://www.theguardian.com/world/iran/2026/feb/26/all,True,False,True,False,False,False,False,False,False,True,False,0.25,2026-02-26
2026-02-26,https://www.theguardian.com/world/2026/feb/26/us-iran-middle-east-travel-warnings,Anxiety mounts across Middle East amid fears of US-Iran war,https://www.theguardian.com/world/iran/2026/feb/26/all,True,False,True,False,False,False,False,False,False,True,False,0.25,2026-02-26
2026-02-26,https://www.theguardian.com/commentisfree/picture/2026/feb/26/rebecca-hendin-nuclear-talks-geneva-us-and-iran-supreme-leader-cartoon,Rebecca Hendin on nuclear talks between the US and Iran – cartoon,https://www.theguardian.com/world/iran/2026/feb/26/all,True,False,True,False,True,False,True,False,False,False,True,-0.5,2026-02-26
2026-02-27,https://www.theguardian.com/us-news/2026/feb/27/trump-iran-war-evidence,Trump advisers scramble to justify possible US military intervention in Iran,https://www.theguardian.com/world/iran/2026/feb/27/all,True,False,True,False,True,False,False,False,False,True,False,0.5,2026-02-27
2026-02-27,https://www.theguardian.com/us-news/2026/feb/27/marco-rubio-iran-talks-mike-huckabee,Marco Rubio orders US officials to stop commentary that could strain Iran talks,https://www.theguardian.com/world/iran/2026/feb/27/all,True,False,True,False,False,False,True,False,False,True,True,-0.75,2026-02-27
2026-02-27,https://www.theguardian.com/culture/2026/feb/27/seth-meyers-iran-tensions-trump,Seth Meyers on Team Trump’s Iran threats: ‘These guys speak like they’ve been hit on the head’,https://www.theguardian.com/world/iran/2026/feb/27/all,True,False,False,False,True,False,False,False,False,True,False,0.0,2026-02-27
2026-02-27,https://www.theguardian.com/commentisfree/2026/feb/27/trump-iran-war-iraq-invasion,Trump is marching toward war with Iran. He hasn’t bothered to make clear why,https://www.theguardian.com/world/iran/2026/feb/27/all,True,False,True,False,False,False,False,False,False,False,False,0.25,2026-02-27
2026-02-28,https://www.theguardian.com/us-news/2026/feb/28/khamenei-killing-protests-us,Protesters rally across US after strikes on Iran that killed Khamenei,https://www.theguardian.com/world/iran/2026/feb/28/all,True,False,True,True,False,False,False,False,False,True,False,1.0,2026-03-02
2026-02-28,https://www.theguardian.com/world/2026/feb/28/us-israel-launch-strikes-attack-iran-what-we-know-so-far-latest,US and Israel launch strikes on Iran: what we know so far,https://www.theguardian.com/world/iran/2026/feb/28/all,True,False,True,True,False,False,False,False,False,True,False,1.0,2026-03-02
2026-02-28,https://www.theguardian.com/world/2026/feb/28/children-dead-as-missile-hits-elementary-school-in-southern-iran,‘The most bitter news’: Iran reels as more than 100 children reportedly killed in school bombing,https://www.theguardian.com/world/iran/2026/feb/28/all,True,False,True,True,False,False,False,False,False,True,False,1.0,2026-03-02
2026-02-28,https://www.theguardian.com/world/2026/feb/28/this-is-round-two-attacks-on-iran-have-broad-support-among-unsurprised-israelis,‘This is round two’: attacks on Iran have broad support among unsurprised Israelis,https://www.theguardian.com/world/iran/2026/feb/28/all,True,False,True,True,False,False,False,False,False,True,False,1.0,2026-03-02
2026-02-28,https://www.theguardian.com/us-news/2026/feb/28/war-on-iran-how-the-us-israeli-bid-for-regime-change-unfolded,War on Iran: how the US-Israeli bid for regime change unfolded,https://www.theguardian.com/world/iran/2026/feb/28/all,True,False,True,False,False,False,False,False,False,True,False,0.25,2026-03-02
2026-02-28,https://www.theguardian.com/world/2026/feb/28/iran-ayatollah-ali-khamenei,The rise and fall of Iran’s ruthless and pragmatic Ayatollah Ali Khamenei,https://www.theguardian.com/world/iran/2026/feb/28/all,True,False,False,False,False,False,False,False,False,True,False,0.0,2026-03-02
2026-02-28,https://www.theguardian.com/world/video/2026/feb/28/missile-appears-to-fall-in-qatar-as-iran-launches-retaliatory-strikes-video,Missile appears to fall in Qatar as Iran launches retaliatory strikes – video,https://www.theguardian.com/world/iran/2026/feb/28/all,True,False,True,True,False,False,False,False,False,False,False,1.0,2026-03-02
2026-02-28,https://www.theguardian.com/world/2026/feb/28/strategic-options-iran-retaliate-us-israel-analysis,"With few good strategic options, Iran’s best prospect may be to retaliate while it can",https://www.theguardian.com/world/iran/2026/feb/28/all,True,False,False,False,False,False,False,False,False,True,False,0.0,2026-03-02
2026-02-28,https://www.theguardian.com/commentisfree/2026/feb/28/diversionary-war-trump-wants-to-distract-americans-from-scandals-at-home,Trump wants to distract Americans from scandals at home with a diversionary war,https://www.theguardian.com/world/iran/2026/feb/28/all,False,False,False,False,False,False,False,False,False,False,False,0.0,2026-03-02
2026-02-28,https://www.theguardian.com/world/2026/feb/28/israel-launches-attack-on-iran-as-explosions-heard-in-tehran,US and Israel strike Iran as Netanyahu says ‘many signs’ Khamenei ‘no longer alive’,https://www.theguardian.com/world/iran/2026/feb/28/all,True,False,True,True,False,False,False,False,False,True,False,1.0,2026-03-02
2026-02-28,https://www.theguardian.com/us-news/2026/feb/28/trump-iran-analysis-us-foreign-policy-george-bush,Trump vies for Bush’s crown for worst foreign policy decision in history,https://www.theguardian.com/world/iran/2026/feb/28/all,False,False,False,False,False,False,False,False,False,True,False,0.0,2026-03-02
2026-02-28,https://www.theguardian.com/world/video/2026/feb/28/british-planes-in-the-sky-in-middle-east-says-starmer,"British planes 'in the sky' in Middle East, says Starmer",https://www.theguardian.com/world/iran/2026/feb/28/all,False,False,False,False,False,False,False,False,False,False,False,0.0,2026-03-02
2026-02-28,https://www.theguardian.com/world/2026/feb/28/yet-another-mid-talks-attack-jeopardises-chances-of-iran-taking-trump-seriously,Yet another mid-talks attack suggests Trump was never serious about peace,https://www.theguardian.com/world/iran/2026/feb/28/all,False,False,False,True,False,False,True,False,False,True,True,0.0,2026-03-02
2026-02-28,https://www.theguardian.com/world/2026/feb/28/iran-attack-us-political-reaction,US lawmakers condemn Trump over Iran strikes: ‘acts of war unauthorized by Congress’,https://www.theguardian.com/world/iran/2026/feb/28/all,True,False,True,True,False,False,False,False,False,True,False,1.0,2026-03-02
2026-02-28,https://www.theguardian.com/world/2026/feb/28/uk-france-germany-urge-iran-negotiate-solution-us-israel-attack-europe,"France, Germany and UK urge Iran to ‘negotiate solution’ after attack",https://www.theguardian.com/world/iran/2026/feb/28/all,True,False,True,True,False,False,True,False,False,True,True,0.0,2026-03-02
2026-02-28,https://www.theguardian.com/politics/2026/feb/28/starmer-chairs-cobra-meeting-after-us-israel-strikes-on-iran,"RAF jets flying defensive missions after US-Israeli attack on Iran, Starmer says",https://www.theguardian.com/world/iran/2026/feb/28/all,True,False,True,True,False,False,False,False,False,True,False,1.0,2026-03-02
2026-02-28,https://www.theguardian.com/world/video/2026/feb/28/vehicles-burn-tehran-iran-us-israeli-strikes-video,Vehicles burn in Tehran after US-Israeli strikes – video,https://www.theguardian.com/world/iran/2026/feb/28/all,True,False,True,True,False,False,False,False,False,False,False,1.0,2026-03-02
2026-02-28,https://www.theguardian.com/world/2026/feb/28/iran-vows-no-leniency-reprisal-attacks-israel-us-air-bases,Iran vows ‘no leniency’ as it launches reprisal attacks on Israel and US air bases,https://www.theguardian.com/world/iran/2026/feb/28/all,True,False,True,True,False,False,False,False,False,True,False,1.0,2026-03-02
2026-02-28,https://www.theguardian.com/us-news/2026/feb/28/trump-unprovoked-attack-on-iran-has-no-mandate-and-no-clear-objective,Trump’s unprovoked attack on Iran has no mandate – or legal basis,https://www.theguardian.com/world/iran/2026/feb/28/all,True,False,True,True,False,False,False,False,False,True,False,1.0,2026-03-02
2026-02-28,https://www.theguardian.com/commentisfree/2026/feb/28/donald-trump-bombs-iran-war-middle-east,A world on edge as Trump bombs Iran and triggers war in the Middle East. There was no need for this,https://www.theguardian.com/world/iran/2026/feb/28/all,True,False,True,True,False,False,False,False,False,False,False,1.0,2026-03-02
2026-02-28,https://www.theguardian.com/world/video/2026/feb/28/iran-smoke-rises-tehran-us-israel-launch-joint-attack-video,Smoke rises in Tehran after US and Israel launch joint attack on Iran – video,https://www.theguardian.com/world/iran/2026/feb/28/all,True,False,True,True,False,False,False,False,False,False,False,1.0,2026-03-02
2026-02-28,https://www.theguardian.com/world/video/2026/feb/28/lay-down-weapons-trump-warns-iran-armed-forces-us-launches-military-operation-video,'Lay down your weapons': Trump warns Iran's armed forces as US launches military operation – video,https://www.theguardian.com/world/iran/2026/feb/28/all,True,False,True,False,True,False,False,False,False,False,False,0.5,2026-03-02
2026-02-28,https://www.theguardian.com/australia-news/2026/feb/28/australians-warned-that-iran-attack-increases-risk-of-further-escalation-and-flight-cancellations-in-region,Albanese says Australia supports US action against Iran and stands with the Iranian people’s ‘struggle against oppression’,https://www.theguardian.com/world/iran/2026/feb/28/all,True,False,False,False,False,False,False,False,False,True,False,0.0,2026-03-02
2026-03-01,https://www.theguardian.com/world/2026/mar/01/iran-school-bombing-death-toll-us-israel-strikes,Death toll from school bombing in southern Iran reportedly rises to 165,https://www.theguardian.com/world/iran/2026/mar/01/all,True,False,True,True,False,False,False,False,False,True,False,1.0,2026-03-02
2026-03-01,https://www.theguardian.com/world/video/2026/mar/01/iranian-drone-strike-high-rise-building-bahrain-manama-video,Footage shows moment Iranian strike hits high-rise in Bahrain – video,https://www.theguardian.com/world/iran/2026/mar/01/all,True,False,True,True,False,False,False,False,False,False,False,1.0,2026-03-02
2026-03-01,https://www.theguardian.com/world/2026/mar/01/netanyahu-latest-war-few-critics-israel-embracing-militarism-iran,Netanyahu’s latest war has few critics in an Israel embracing militarism,https://www.theguardian.com/world/iran/2026/mar/01/all,False,False,False,False,False,False,False,False,False,True,False,0.0,2026-03-02
2026-03-01,https://www.theguardian.com/politics/audio/2026/mar/01/peacemaker-trump-starts-war-with-iran-podcast,‘Peacemaker’ Trump starts a war with Iran – podcast,https://www.theguardian.com/world/iran/2026/mar/01/all,True,False,True,False,False,False,False,False,False,False,False,0.25,2026-03-02
2026-03-01,https://www.theguardian.com/news/audio/2026/mar/01/the-assassination-of-irans-ayatollah-and-fears-for-a-wider-conflict-podcast,The assassination of Iran’s ayatollah – and fears for a wider conflict – podcast,https://www.theguardian.com/world/iran/2026/mar/01/all,True,False,False,False,False,False,False,False,False,False,False,0.0,2026-03-02
2026-03-01,https://www.theguardian.com/world/2026/mar/01/iran-military-options-limited-us-israel-attack,Iran’s military options limited as it tries to hit back at US-Israeli attack,https://www.theguardian.com/world/iran/2026/mar/01/all,True,False,True,True,True,False,False,False,False,True,False,1.0,2026-03-02
2026-03-01,https://www.theguardian.com/world/2026/mar/01/how-israeli-sleight-and-us-might-led-to-the-assassination-of-ali-khamenei,"‘Sixty seconds, that’s all it took’: the clinical Israeli-US operation to kill Ali Khamenei",https://www.theguardian.com/world/iran/2026/mar/01/all,True,False,False,False,False,False,False,False,False,True,False,0.0,2026-03-02
2026-03-01,https://www.theguardian.com/world/2026/mar/01/us-allies-foes-scrambling-trump-off-guard-iran,US allies and foes left scrambling as Trump catches them off-guard on Iran,https://www.theguardian.com/world/iran/2026/mar/01/all,True,False,False,False,False,False,False,False,False,True,False,0.0,2026-03-02
2026-03-01,https://www.theguardian.com/world/2026/mar/01/people-dead-after-pro-iran-protests-pakistan-iraq,At least 22 people dead after pro-Iran protests in Pakistan and Iraq,https://www.theguardian.com/world/iran/2026/mar/01/all,True,False,False,False,False,False,False,False,False,True,False,0.0,2026-03-02
2026-03-01,https://www.theguardian.com/world/2026/mar/01/iran-missile-strikes-bahrain-iraq-uk-military-personnel-middle-east,UK personnel just 200 metres away from Iranian missile strike,https://www.theguardian.com/world/iran/2026/mar/01/all,True,False,True,True,False,False,False,False,False,True,False,1.0,2026-03-02
2026-03-01,https://www.theguardian.com/world/video/2026/mar/01/footage-shows-aftermath-of-iranian-strike-in-beit-shemesh-video,Footage shows aftermath of Iranian strike in Beit Shemesh – video,https://www.theguardian.com/world/iran/2026/mar/01/all,True,False,True,True,False,False,False,False,False,False,False,1.0,2026-03-02
2026-03-01,https://www.theguardian.com/world/2026/mar/01/trump-iran-strikes-interview-comments,Trump says Iran leadership agrees to talks after US and Israel strike Tehran,https://www.theguardian.com/world/iran/2026/mar/01/all,True,False,True,True,False,False,True,False,False,True,True,0.0,2026-03-02
2026-03-01,https://www.theguardian.com/commentisfree/2026/mar/01/the-guardian-view-on-trumps-iranian-campaign-an-war-that-risks-becoming-the-new-normal,The Guardian view on Trump’s Iranian campaign: an illegal war that risks becoming the new normal,https://www.theguardian.com/world/iran/2026/mar/01/all,True,False,True,False,False,False,False,False,False,False,False,0.25,2026-03-02
2026-03-01,https://www.theguardian.com/world/2026/mar/01/regime-change-iran-risks-breakdown-in-civil-order,"Without some change in direction, Iran’s regime risks breakdown in civil order",https://www.theguardian.com/world/iran/2026/mar/01/all,True,False,False,False,False,False,False,False,False,True,False,0.0,2026-03-02
2026-03-01,https://www.theguardian.com/us-news/2026/mar/01/supreme-leader-killed-as-us-and-israel-wage-war-on-iran-what-we-know-so-far-on-day-two,Trump says 48 leaders killed in strikes on Iran: what we know so far on day two,https://www.theguardian.com/world/iran/2026/mar/01/all,True,False,True,True,False,False,False,False,False,True,False,1.0,2026-03-02
2026-03-01,https://www.theguardian.com/world/2026/mar/01/you-werent-free-iranians-party-in-london-and-manchester-after-strikes-against-regime,‘You weren’t free’: Iranians party in London and Manchester after strikes against regime,https://www.theguardian.com/world/iran/2026/mar/01/all,True,False,True,True,False,False,False,False,False,True,False,1.0,2026-03-02
2026-03-01,https://www.theguardian.com/world/video/2026/mar/01/iranians-around-the-world-react-to-khameneis-death-video,Iranians around the world react to Khamenei's death – video,https://www.theguardian.com/world/iran/2026/mar/01/all,True,False,False,False,False,False,False,False,False,False,False,0.0,2026-03-02
2026-03-01,https://www.theguardian.com/commentisfree/picture/2026/mar/01/jason-white-trump-strikes-iran-israel-cartoon,Jason White on US-Israeli strikes on Iran – cartoon,https://www.theguardian.com/world/iran/2026/mar/01/all,True,False,True,True,False,False,False,False,False,False,False,1.0,2026-03-02
2026-03-01,https://www.theguardian.com/world/2026/mar/01/celebration-or-grief-khameneis-death-brings-contrasting-emotions-in-iran,Celebration or grief? Khamenei’s death brings contrasting emotions in Iran,https://www.theguardian.com/world/iran/2026/mar/01/all,True,False,False,False,False,False,False,False,False,True,False,0.0,2026-03-02
2026-03-01,https://www.theguardian.com/us-news/2026/mar/01/iran-attack-us-service-members-killed,US military says three of its service members killed in Iran operation,https://www.theguardian.com/world/iran/2026/mar/01/all,True,False,True,True,True,False,False,False,False,True,False,1.0,2026-03-02
2026-03-01,https://www.theguardian.com/world/video/2026/mar/01/iran-missile-blast-damages-tel-aviv-restaurant-israel-video,Moment blast from Iranian missile damages Tel Aviv restaurant – video,https://www.theguardian.com/world/iran/2026/mar/01/all,True,False,True,True,False,False,False,False,False,False,False,1.0,2026-03-02
2026-03-01,https://www.theguardian.com/world/video/2026/mar/01/idf-strike-iran-regime-headquarters-video,Footage released by IDF is said to show strike on headquarters of Iranian regime – video,https://www.theguardian.com/world/iran/2026/mar/01/all,True,False,True,True,False,False,False,False,False,False,False,1.0,2026-03-02
2026-03-01,https://www.theguardian.com/commentisfree/2026/mar/01/trump-and-netanyahus-attack-on-iran-is-an-act-of-aggression,Trump and Netanyahu’s attack on Iran is an illegal act of aggression,https://www.theguardian.com/world/iran/2026/mar/01/all,True,False,True,True,False,False,False,False,False,False,False,1.0,2026-03-02
2026-03-01,https://www.theguardian.com/business/2026/mar/01/us-israel-strikes-iran-oil-price,What is the strait of Hormuz and why is it crucial for oil supplies?,https://www.theguardian.com/world/iran/2026/mar/01/all,True,False,True,False,False,True,False,False,False,True,False,0.75,2026-03-02
2026-03-01,https://www.theguardian.com/world/video/2026/mar/01/iran-supreme-leader-ayatollah-ali-khamenei-killed-us-israeli-airstrike-video-report,"Iran's supreme leader, Ayatollah Ali Khamenei, killed in US-Israeli airstrike – video report",https://www.theguardian.com/world/iran/2026/mar/01/all,True,False,True,True,False,False,False,False,False,False,False,1.0,2026-03-02
2026-03-01,https://www.theguardian.com/world/video/2026/mar/01/smoke-rises-tehran-explosions-second-day-us-israeli-strikes-video,Smoke rises over Tehran on second day of US-Israeli strikes – video,https://www.theguardian.com/world/iran/2026/mar/01/all,True,False,True,True,False,False,False,False,False,False,False,1.0,2026-03-02
2026-03-01,https://www.theguardian.com/us-news/2026/mar/01/trump-iran-strike-maga-war-promise,Trump’s Iran strike tests the Maga vow of ‘no more wars’,https://www.theguardian.com/world/iran/2026/mar/01/all,True,False,True,True,False,False,False,False,False,True,False,1.0,2026-03-02
2026-03-01,https://www.theguardian.com/world/2026/mar/01/iran-us-israel-new-attacks-escalation-threat-middle-east,US and Israel launch new wave of attacks on Iran amid threat of escalation,https://www.theguardian.com/world/iran/2026/mar/01/all,True,False,True,True,True,False,False,False,False,True,False,1.0,2026-03-02
2026-03-01,https://www.theguardian.com/world/video/2026/mar/01/iran-children-killed-school-bombing-us-israel-strikes-video,More than 100 children reportedly killed in school bombing in Iran – video,https://www.theguardian.com/world/iran/2026/mar/01/all,True,False,True,True,False,False,False,False,False,False,False,1.0,2026-03-02
2026-03-01,https://www.theguardian.com/world/video/2026/mar/01/us-israeli-strikes-on-iran-what-do-we-know-so-far-video-explainer,Why the US and Israel are bombing Iran – video,https://www.theguardian.com/world/iran/2026/mar/01/all,True,False,True,True,False,False,False,False,False,False,False,1.0,2026-03-02
2026-03-01,https://www.theguardian.com/politics/2026/mar/01/uk-defence-secretary-john-healey-few-will-mourn-ali-khamenei-iran-us-israel,"Few will mourn leader of ‘evil’ regime Ali Khamenei, says UK defence secretary",https://www.theguardian.com/world/iran/2026/mar/01/all,True,False,False,False,False,False,False,False,False,True,False,0.0,2026-03-02
2026-03-01,https://www.theguardian.com/us-news/2026/mar/01/trump-us-iran-war-history,Trump’s current war on Iran picks up where a longstanding enmity left off,https://www.theguardian.com/world/iran/2026/mar/01/all,True,False,True,False,False,False,False,False,False,True,False,0.25,2026-03-02
2026-03-01,https://www.theguardian.com/commentisfree/2026/mar/01/trump-promised-no-wars-now-hes-a-bush-style-regime-change-president,Trump promised no wars. Now he’s a Bush-style regime change president,https://www.theguardian.com/world/iran/2026/mar/01/all,False,False,False,False,False,False,False,False,False,False,False,0.0,2026-03-02
2026-03-01,https://www.theguardian.com/world/2026/mar/01/supporting-aggression-against-iran-the-worst-thing-australia-could-do-international-law-experts-say,"Supporting ‘illegal aggression’ against Iran ‘the worst thing’ Australia could do, international law experts say",https://www.theguardian.com/world/iran/2026/mar/01/all,True,False,False,False,False,False,False,False,False,True,False,0.0,2026-03-02
2026-03-01,https://www.theguardian.com/commentisfree/2026/mar/01/iran-war-islamic-republic-donald-trump-regime,"Iran may yet endure this war, but the Islamic Republic as we have known it cannot survive unchanged",https://www.theguardian.com/world/iran/2026/mar/01/all,True,False,True,False,False,False,False,False,False,False,False,0.25,2026-03-02
2026-03-01,https://www.theguardian.com/world/2026/mar/01/iranian-australians-celebrate-death-of-supreme-leader-and-dream-with-quiet-anticipation-of-regime-change,Iranian Australians celebrate death of supreme leader and dream with ‘quiet anticipation’ of regime change,https://www.theguardian.com/world/iran/2026/mar/01/all,True,False,False,False,False,False,False,False,False,True,False,0.0,2026-03-02
2026-03-01,https://www.theguardian.com/us-news/2026/mar/01/middle-east-in-flames-what-the-papers-say-about-the-war-on-iran,‘Middle East in flames’: what the papers say about the war on Iran,https://www.theguardian.com/world/iran/2026/mar/01/all,True,False,True,False,False,False,False,False,False,True,False,0.25,2026-03-02
2026-03-01,https://www.theguardian.com/australia-news/live/2026/mar/01/australia-news-live-sunday-iran-illegal-war-reaction-labor-coalition,Flights from Australia to Middle East cancelled – as it happened,https://www.theguardian.com/world/iran/2026/mar/01/all,False,False,False,False,False,False,False,False,False,False,False,0.0,2026-03-02
2026-03-01,https://www.theguardian.com/world/video/2026/mar/01/dubai-luxury-hotel-fire-iran-missile-strikes-us-israel-video,Several injured as luxury Dubai hotel hit amid Iranian missile strikes – video,https://www.theguardian.com/world/iran/2026/mar/01/all,True,False,True,True,False,False,False,False,False,False,False,1.0,2026-03-02
2026-03-02,https://www.theguardian.com/world/2026/mar/02/holidaymakers-first-flight-out-of-abu-dhabi-describe-petrifying-experience,‘It was surreal’: holidaymakers on first flight out of Abu Dhabi describe petrifying experience,https://www.theguardian.com/world/iran/2026/mar/02/all,False,False,False,False,False,False,False,False,False,True,False,0.0,2026-03-02
2026-03-02,https://www.theguardian.com/global-development/2026/mar/02/civilian-deaths-in-iran-pass-200-amid-fear-of-bombs-and-regime-clampdown,Civilian deaths in Iran pass 700 amid fear of bombs and regime clampdown,https://www.theguardian.com/world/iran/2026/mar/02/all,True,False,True,True,False,False,False,False,False,True,False,1.0,2026-03-02
2026-03-02,https://www.theguardian.com/us-news/2026/mar/02/melania-trump-un-children-iran-airstrike,Melania Trump urges protecting children’s education at UN after Iran school strike,https://www.theguardian.com/world/iran/2026/mar/02/all,True,False,True,True,False,False,False,False,False,True,False,1.0,2026-03-02
2026-03-02,https://www.theguardian.com/australia-news/2026/mar/02/iranian-australian-community-criticises-mourners-ayatollah-ali-khamenei-death-ntwnfb,Iranian Australian community criticises mosques who mourned Ayatollah Ali Khamenei’s death,https://www.theguardian.com/world/iran/2026/mar/02/all,True,False,False,False,False,False,False,False,False,True,False,0.0,2026-03-02
2026-03-02,https://www.theguardian.com/world/2026/mar/02/iran-attack-fourth-us-service-member-killed,Sixth American service member killed in Iran operation,https://www.theguardian.com/world/iran/2026/mar/02/all,True,False,False,True,False,False,False,False,False,True,False,0.0,2026-03-02
2026-03-02,https://www.theguardian.com/world/video/2026/mar/02/us-israel-war-on-iran-what-maps-tells-us-about-the-unfolding-middle-east-crisis-video,US-Israel war on Iran: what maps tells us about the unfolding Middle East crisis – video,https://www.theguardian.com/world/iran/2026/mar/02/all,True,False,True,False,False,False,False,False,False,False,False,0.25,2026-03-02
2026-03-02,https://www.theguardian.com/world/2026/mar/02/trump-iran-strikes-right-wing-conservative-media,‘Open betrayal’ or ‘just and imperative’? Trump’s Iran strikes divide conservative media,https://www.theguardian.com/world/iran/2026/mar/02/all,True,False,True,True,False,False,False,False,False,True,False,1.0,2026-03-02
2026-03-02,https://www.theguardian.com/politics/2026/mar/02/starmer-vows-to-avoid-mistakes-of-iraq-that-has-haunted-labour-for-decades,Starmer vows to avoid ‘mistakes of Iraq’ that have haunted Labour for decades,https://www.theguardian.com/world/iran/2026/mar/02/all,False,False,False,False,False,False,False,False,False,True,False,0.0,2026-03-02
2026-03-02,https://www.theguardian.com/world/2026/mar/02/iran-unleashes-hundreds-of-drones-aimed-at-targets-across-middle-east,Iran’s Shahed drones have brought terror to Ukrainian skies – now they are being deployed in the Middle East,https://www.theguardian.com/world/iran/2026/mar/02/all,True,False,True,True,True,False,False,False,False,True,False,1.0,2026-03-02
2026-03-02,https://www.theguardian.com/us-news/2026/mar/02/trump-war-iran,Trump says Iran war to last four to five weeks but could go ‘far longer’,https://www.theguardian.com/world/iran/2026/mar/02/all,True,False,True,False,False,False,False,False,False,True,False,0.25,2026-03-02
2026-03-02,https://www.theguardian.com/world/video/2026/mar/02/us-israeli-attack-iran-legality-video-explainer,Is the US-Israeli attack on Iran legal? – video explainer,https://www.theguardian.com/world/iran/2026/mar/02/all,True,False,True,True,False,False,False,False,False,False,False,1.0,2026-03-02
2026-03-02,https://www.theguardian.com/world/2026/mar/02/thousands-flee-beirut-and-southern-lebanon-amid-israeli-strikes-what-we-know-so-far-on-day-three-of-the-iran-war,Iran death toll rises as Trump vows to continue operation: what we know so far on day three,https://www.theguardian.com/world/iran/2026/mar/02/all,True,False,False,False,False,False,False,False,False,True,False,0.0,2026-03-02
2026-03-02,https://www.theguardian.com/world/2026/mar/02/iran-strait-of-hormuz-oil-gas-visualized,How escalating Iran conflict is driving up oil and gas prices – a visual guide,https://www.theguardian.com/world/iran/2026/mar/02/all,True,False,False,False,True,True,False,False,True,False,False,0.0,2026-03-02
2026-03-02,https://www.theguardian.com/commentisfree/picture/2026/mar/02/ben-jennings-donald-trump-attacks-iran-cartoon,Ben Jennings on Donald Trump’s continuing attacks on Iran – cartoon,https://www.theguardian.com/world/iran/2026/mar/02/all,True,False,True,True,False,False,False,False,False,False,False,1.0,2026-03-02
2026-03-02,https://www.theguardian.com/us-news/video/2026/mar/02/donald-trump-makes-first-in-person-speech-since-iran-attack-video,Donald Trump makes first in-person speech since Iran attack – video,https://www.theguardian.com/world/iran/2026/mar/02/all,True,False,True,True,False,False,False,False,False,False,False,1.0,2026-03-02
2026-03-02,https://www.theguardian.com/world/2026/mar/02/more-than-100000-britons-stranded-in-gulf-with-airspace-closed-to-most-flights,"More than 100,000 Britons stranded in Gulf, with airspace closed to most flights",https://www.theguardian.com/world/iran/2026/mar/02/all,False,False,False,False,False,False,False,False,False,True,False,0.0,2026-03-02
2026-03-02,https://www.theguardian.com/world/2026/mar/02/lebanon-anger-with-hezbollah-war-returns-to-weary-beirut,‘They don’t care about Lebanon’: anger with Hezbollah boils as war returns to weary Beirut,https://www.theguardian.com/world/iran/2026/mar/02/all,False,False,False,False,False,False,False,False,False,True,False,0.0,2026-03-02
2026-03-02,https://www.theguardian.com/us-news/2026/mar/02/pete-hegseth-trump-iran-military,Pete Hegseth sets the tone for Trump’s politically incorrect war on Iran,https://www.theguardian.com/world/iran/2026/mar/02/all,True,False,True,False,False,False,False,False,False,True,False,0.25,2026-03-02
2026-03-02,https://www.theguardian.com/commentisfree/2026/mar/02/the-guardian-view-on-parliaments-role-in-war-on-iran-mps-should-vote-before-britain-gets-sucked-in,The Guardian view on parliament’s role in war on Iran: MPs should vote before Britain gets sucked in,https://www.theguardian.com/world/iran/2026/mar/02/all,True,False,True,False,False,False,False,False,False,False,False,0.25,2026-03-02
2026-03-02,https://www.theguardian.com/technology/2026/mar/02/uk-companies-middle-east-cyber-threat-iran-hacktivists,"UK firms in Middle East face heightened threat from Iran hackers, agency warns",https://www.theguardian.com/world/iran/2026/mar/02/all,True,False,False,False,True,False,False,False,False,True,False,0.0,2026-03-02
2026-03-02,https://www.theguardian.com/world/2026/mar/02/us-israel-war-on-iran-dramatically-expands-across-middle-east,US-Israel war on Iran dramatically expands across Middle East,https://www.theguardian.com/world/iran/2026/mar/02/all,True,False,True,False,False,False,False,False,False,True,False,0.25,2026-03-02
2026-03-02,https://www.theguardian.com/world/2026/mar/02/oil-prices-iran-war-strait-of-hormuz-shipping,Gas prices soar and oil jumps as Iran war pushes down global stock markets,https://www.theguardian.com/world/iran/2026/mar/02/all,True,False,True,False,False,True,False,False,True,False,False,0.75,2026-03-02
2026-03-02,https://www.theguardian.com/news/audio/2026/mar/02/iran-war-escalates-whats-trumps-endgame-the-latest,Iran war: what’s Trump’s endgame? - The Latest,https://www.theguardian.com/world/iran/2026/mar/02/all,True,False,True,False,False,False,False,False,False,False,False,0.25,2026-03-02
2026-03-02,https://www.theguardian.com/world/video/2026/mar/02/iran-war-escalates-with-more-attacks-across-the-middle-east-the-latest,Iran war escalates: what’s Trump’s endgame? - The Latest,https://www.theguardian.com/world/iran/2026/mar/02/all,True,False,True,False,True,False,False,False,False,False,False,0.5,2026-03-02
2026-03-02,https://www.theguardian.com/politics/video/2026/mar/02/keir-starmer-defends-decision-not-to-join-us-strikes-after-trump-criticism-video,Keir Starmer defends decision not to join US strikes after Trump criticism – video,https://www.theguardian.com/world/iran/2026/mar/02/all,False,False,False,True,False,False,False,False,False,False,False,0.0,2026-03-02
2026-03-02,https://www.theguardian.com/world/2026/mar/02/internet-blackout-regime-iranians-experts-digital-censorship,"Internet blackout is tool of desperate regime to isolate Iranians, say experts",https://www.theguardian.com/world/iran/2026/mar/02/all,True,False,False,False,False,False,False,False,False,True,False,0.0,2026-03-02
2026-03-02,https://www.theguardian.com/world/2026/mar/02/uk-airbase-raf-akrotiri-cyprus-suspected-drone-strike,Hezbollah said to have launched drone that struck UK RAF airbase in Cyprus,https://www.theguardian.com/world/iran/2026/mar/02/all,False,False,False,True,False,False,False,False,False,True,False,0.0,2026-03-02
2026-03-02,https://www.theguardian.com/world/2026/mar/02/trumps-war-on-iran-and-regime-change,Trump’s war on Iran and regime change,https://www.theguardian.com/world/iran/2026/mar/02/all,True,False,True,False,False,False,False,False,False,True,False,0.25,2026-03-02
2026-03-02,https://www.theguardian.com/business/live/2026/mar/02/oil-price-us-israel-iran-war-100-dollars-a-barrel-stock-markets-drop-travel-news-updates,FTSE 100 share index records biggest fall since November as Iran war drives up oil and gas prices – as it happened,https://www.theguardian.com/world/iran/2026/mar/02/all,True,False,True,False,False,True,False,False,True,False,False,0.75,2026-03-02
2026-03-02,https://www.theguardian.com/world/2026/mar/02/dubai-private-jet-prices-soar-tourists-stuck-wealthy-leave,Private jet prices soar as wealthy scramble to leave Dubai,https://www.theguardian.com/world/iran/2026/mar/02/all,False,False,False,False,False,False,False,False,False,True,False,0.0,2026-03-02
2026-03-02,https://www.theguardian.com/law/2026/mar/02/legality-us-israel-attacks-iran-uk,What is the legality of the US and Israeli attacks on Iran?,https://www.theguardian.com/world/iran/2026/mar/02/all,True,False,True,True,False,False,False,False,False,True,False,1.0,2026-03-02
2026-03-02,https://www.theguardian.com/politics/live/2026/mar/02/raf-cyprus-yvette-cooper-keir-starmer-us-iran-israel-uk-politics-latest-news,Starmer says UK ‘not joining strikes’ on Iran but will continue defensive action – as it happened,https://www.theguardian.com/world/iran/2026/mar/02/all,True,False,True,True,False,False,False,False,False,False,False,1.0,2026-03-02
2026-03-02,https://www.theguardian.com/politics/2026/mar/02/uk-will-not-join-offensive-strikes-against-iran-says-keir-starmer,Starmer says UK will not join ‘regime change from the skies’ on Iran,https://www.theguardian.com/world/iran/2026/mar/02/all,True,False,False,False,False,False,False,False,False,True,False,0.0,2026-03-02
2026-03-02,https://www.theguardian.com/world/2026/mar/02/hegseth-iran-war-first-remarks,Hegseth says US won’t get ‘bogged down’ in Iran – but doesn’t rule out sending troops,https://www.theguardian.com/world/iran/2026/mar/02/all,True,False,True,False,True,False,False,False,False,True,False,0.5,2026-03-02
2026-03-02,https://www.theguardian.com/world/2026/mar/02/gulf-states-iran-strikes-response,Gulf states on verge of acting against Iran over ‘reckless’ strikes across region,https://www.theguardian.com/world/iran/2026/mar/02/all,True,False,True,True,False,False,False,False,False,True,False,1.0,2026-03-02
2026-03-02,https://www.theguardian.com/world/video/2026/mar/02/pete-hegseth-donald-trump-finishing-war-with-iran-video,Pete Hegseth claims Donald Trump is ‘finishing’ war with Iran – video,https://www.theguardian.com/world/iran/2026/mar/02/all,True,False,True,False,False,False,False,False,False,False,False,0.25,2026-03-02
2026-03-02,https://www.theguardian.com/world/2026/mar/02/spain-denies-united-states-permission-military-bases-iran-pedro-sanchez,Spain denies US permission to use jointly operated bases to attack Iran,https://www.theguardian.com/world/iran/2026/mar/02/all,True,False,True,True,False,False,False,False,False,True,False,1.0,2026-03-02
2026-03-02,https://www.theguardian.com/world/video/2026/mar/02/footage-military-jet-falling-sky-kuwait-us-israel-iran-strikes-video,Footage shows military jet plummeting from the sky in Kuwait – video,https://www.theguardian.com/world/iran/2026/mar/02/all,False,False,False,False,True,False,False,False,False,False,False,0.0,2026-03-02
2026-03-02,https://www.theguardian.com/world/2026/mar/02/what-is-uk-involvement-middle-east-war-us-israel-iran,What is the extent of the UK’s involvement in the Middle East war?,https://www.theguardian.com/world/iran/2026/mar/02/all,False,False,False,False,False,False,False,False,False,True,False,0.0,2026-03-02
2026-03-02,https://www.theguardian.com/world/gallery/2026/mar/02/conflict-deepens-across-middle-east-in-pictures,Conflict deepens across Middle East – in pictures,https://www.theguardian.com/world/iran/2026/mar/02/all,False,False,False,False,False,False,False,False,False,False,False,0.0,2026-03-02
2026-03-02,https://www.theguardian.com/world/2026/mar/02/iran-strait-hormuz-oil-global-prices-cost-of-living,What disrupting the strait of Hormuz could mean for global cost-of-living pressures,https://www.theguardian.com/world/iran/2026/mar/02/all,True,False,True,False,False,True,False,False,False,True,False,0.75,2026-03-02
2026-03-02,https://www.theguardian.com/world/2026/mar/02/uk-airbases-us-attack-iran-trump-starmer,"UK ‘took far too long’ to let US use its airbases to attack Iran, Trump says",https://www.theguardian.com/world/iran/2026/mar/02/all,True,False,True,True,False,False,False,False,False,True,False,1.0,2026-03-02
2026-03-02,https://www.theguardian.com/business/2026/mar/02/middle-east-crisis-oil-prices-inflation-us-iran-interest-rates-growth,Middle East crisis pushes up oil prices – and could drive inflation rises too,https://www.theguardian.com/world/iran/2026/mar/02/all,False,False,False,False,False,True,False,False,True,False,False,0.0,2026-03-02
2026-03-02,https://www.theguardian.com/news/gallery/2026/mar/02/rembrandt-iran-photos-of-the-day-monday,Rembrandt discovery and Iran conflict: photos of the day – Monday,https://www.theguardian.com/world/iran/2026/mar/02/all,True,False,False,False,False,False,False,False,False,False,False,0.0,2026-03-02
2026-03-02,https://www.theguardian.com/us-news/2026/mar/02/democrats-divided-iran-trump,Democrats thrown into disarray as US offensive on Iran creates cracks,https://www.theguardian.com/world/iran/2026/mar/02/all,True,False,False,False,False,False,False,False,False,True,False,0.0,2026-03-02
2026-03-02,https://www.theguardian.com/commentisfree/2026/mar/02/us-trump-iran-war,No one can predict how the US war with Iran will unfold,https://www.theguardian.com/world/iran/2026/mar/02/all,True,False,True,False,False,False,False,False,False,False,False,0.25,2026-03-02
2026-03-03,https://www.theguardian.com/us-news/2026/mar/03/trump-israel-iran-war,Trump denies that Israel forced US’s hand in launching strikes against Iran,https://www.theguardian.com/world/iran/2026/mar/03/all,True,False,True,True,False,False,False,False,False,True,False,1.0,2026-03-03
2026-03-03,https://www.theguardian.com/world/2026/mar/03/us-israel-iran-war-christian-rhetoric,"US troops were told war on Iran was ‘all part of God’s divine plan’, watchdog alleges",https://www.theguardian.com/world/iran/2026/mar/03/all,True,False,True,False,True,False,False,False,False,True,False,0.5,2026-03-03
2026-03-03,https://www.theguardian.com/world/2026/mar/03/iran-has-largely-halted-oil-and-gas-exports-through-strait-of-hormuz,Iran has largely halted oil and gas exports through strait of Hormuz,https://www.theguardian.com/world/iran/2026/mar/03/all,True,False,True,False,False,True,False,False,False,True,False,0.75,2026-03-03
2026-03-03,https://www.theguardian.com/world/2026/mar/03/trump-administration-reasons-for-going-to-war-with-iran,Trump administration has still not settled on reasons for going to war with Iran,https://www.theguardian.com/world/iran/2026/mar/03/all,True,False,True,False,False,False,False,False,False,True,False,0.25,2026-03-03
2026-03-03,https://www.theguardian.com/world/2026/mar/03/dubai-influencers-iran-war-strikes,Dubai influencers’ lives of luxury interrupted by Iran strikes: ‘The image of safety has been shattered’,https://www.theguardian.com/world/iran/2026/mar/03/all,True,False,True,True,False,False,False,False,False,True,False,1.0,2026-03-03
2026-03-03,https://www.theguardian.com/world/video/2026/mar/03/trump-gives-update-on-iran-israel-spain-video,'They were going to attack first': Trump gives update on Iran – video,https://www.theguardian.com/world/iran/2026/mar/03/all,True,False,True,True,False,False,False,False,False,False,False,1.0,2026-03-03
2026-03-03,https://www.theguardian.com/politics/2026/mar/03/shadow-of-iraq-war-lies-over-westminster-as-mps-consider-us-israeli-attack-on-iran,Shadow of Iraq war lies over Westminster as MPs consider US-Israeli attack on Iran,https://www.theguardian.com/world/iran/2026/mar/03/all,True,False,True,True,False,False,False,False,False,True,False,1.0,2026-03-03
2026-03-03,https://www.theguardian.com/world/2026/mar/03/middle-east-attacks-intensify-as-trump-says-he-has-rejected-irans-attempt-to-talk,Middle East attacks intensify as Trump says he rejects Iran’s attempt to talk,https://www.theguardian.com/world/iran/2026/mar/03/all,True,False,True,True,False,False,False,False,False,True,False,1.0,2026-03-03
2026-03-03,https://www.theguardian.com/world/2026/mar/03/chaos-signals-iran-struggling-to-function-as-war-turns-into-fight-for-survival,Chaos signals Iran struggling to function as war turns into fight for survival,https://www.theguardian.com/world/iran/2026/mar/03/all,True,False,True,False,False,False,False,False,False,True,False,0.25,2026-03-03
2026-03-03,https://www.theguardian.com/world/2026/mar/03/trump-says-he-fears-irans-next-leader-could-be-as-bad-as-the-previous-person,Trump says he fears Iran’s next leader could be ‘as bad as the previous person’,https://www.theguardian.com/world/iran/2026/mar/03/all,True,False,False,False,False,False,False,False,False,True,False,0.0,2026-03-03
2026-03-03,https://www.theguardian.com/world/2026/mar/03/us-israel-iran-war-justification-operation-epic-fury,US and Israel offer shifting justifications for Iran war: what we know on day four,https://www.theguardian.com/world/iran/2026/mar/03/all,True,False,True,False,False,False,False,False,False,True,False,0.25,2026-03-03
2026-03-03,https://www.theguardian.com/commentisfree/2026/mar/03/the-guardian-view-on-rachel-reevess-spring-statement-stability-cannot-mean-sacrificing-living-standards,The Guardian view on Rachel Reeves’s spring statement: stability cannot mean sacrificing living standards,https://www.theguardian.com/world/iran/2026/mar/03/all,False,False,False,False,False,False,False,False,False,False,False,0.0,2026-03-03
2026-03-03,https://www.theguardian.com/business/2026/mar/03/uk-borrowing-costs-jump-again-on-fears-iran-conflict-will-curb-growth,UK borrowing costs jump again on fears Iran conflict will curb growth,https://www.theguardian.com/world/iran/2026/mar/03/all,True,False,False,False,False,False,False,False,False,True,False,0.0,2026-03-03
2026-03-03,https://www.theguardian.com/world/2026/mar/03/uk-charter-flights-oman-evacuate-region-iran-israel-us-war,UK will charter flights from Oman to evacuate Britons from region amid Iran strikes,https://www.theguardian.com/world/iran/2026/mar/03/all,True,False,True,True,False,False,False,False,False,True,False,1.0,2026-03-03
2026-03-03,https://www.theguardian.com/commentisfree/picture/2026/mar/03/ben-jennings-donald-trump-keir-starmer-war-iran-cartoon,"Ben Jennings on Donald Trump, Keir Starmer and the war in Iran – cartoon",https://www.theguardian.com/world/iran/2026/mar/03/all,True,False,True,False,False,False,False,False,False,False,False,0.25,2026-03-03
2026-03-03,https://www.theguardian.com/world/2026/mar/03/uk-considering-sending-royal-navy-destroyer-to-cyprus,UK sends Royal Navy destroyer HMS Dragon to Cyprus,https://www.theguardian.com/world/iran/2026/mar/03/all,False,False,False,False,False,False,False,False,False,True,False,0.0,2026-03-03
2026-03-03,https://www.theguardian.com/news/video/2026/mar/03/middle-east-conflict-why-is-israel-attacking-lebanon-the-latest,Middle East crisis: why is Israel attacking Lebanon? | The Latest,https://www.theguardian.com/world/iran/2026/mar/03/all,False,False,False,True,False,False,False,False,False,False,False,0.0,2026-03-03
2026-03-03,https://www.theguardian.com/business/2026/mar/03/china-calls-protection-vessels-strait-hormuz-amid-soaring-shipping-costs,China calls for vessels in strait of Hormuz to be protected amid soaring shipping costs,https://www.theguardian.com/world/iran/2026/mar/03/all,True,False,True,False,False,True,False,False,False,True,False,0.75,2026-03-03
2026-03-03,https://www.theguardian.com/world/2026/mar/03/people-are-gripped-by-huge-fear-defiance-and-hope-on-the-streets-of-tehran,‘People are gripped by huge fear’: defiance and hope on the streets of Tehran,https://www.theguardian.com/world/iran/2026/mar/03/all,True,False,False,False,False,False,False,False,False,True,False,0.0,2026-03-03
2026-03-03,https://www.theguardian.com/world/2026/mar/03/what-next-for-iran-after-the-bombing-four-scenarios,Four scenarios: what are the possible outcomes of the US-Israel war on Iran?,https://www.theguardian.com/world/iran/2026/mar/03/all,True,False,True,False,False,False,False,False,False,True,False,0.25,2026-03-03
2026-03-03,https://www.theguardian.com/world/2026/mar/03/british-expats-dubai-iran-war,Why some British expats in Dubai insist it’s business as usual – despite Iran war,https://www.theguardian.com/world/iran/2026/mar/03/all,True,False,True,False,False,False,False,False,False,True,False,0.25,2026-03-03
2026-03-03,https://www.theguardian.com/us-news/2026/mar/03/americans-stranded-middle-east-iran-strike,Many Americans stranded in Middle East after US advisory to depart immediately,https://www.theguardian.com/world/iran/2026/mar/03/all,False,False,False,False,False,False,False,False,False,True,False,0.0,2026-03-03
2026-03-03,https://www.theguardian.com/us-news/2026/mar/03/people-in-the-us-share-your-views-of-the-iran-conflict,People in the US: share your views of the Iran conflict,https://www.theguardian.com/world/iran/2026/mar/03/all,True,False,False,False,False,False,False,False,False,True,False,0.0,2026-03-03
2026-03-03,https://www.theguardian.com/world/live/2026/mar/03/european-travel-flights-iran-middle-east-freidrich-merz-europe-latest-news-updates,Macron to address the nation on Middle East as European countries organise return of stranded citizens – as it happened,https://www.theguardian.com/world/iran/2026/mar/03/all,False,False,False,False,False,False,False,False,False,False,False,0.0,2026-03-03
2026-03-03,https://www.theguardian.com/politics/live/2026/mar/03/trump-starmer-us-special-relationship-iran-yvette-cooper-labour-uk-politics-latest-news-updates,UK considering sending warship to Cyprus; government to charter flight from Oman ‘in the coming days’– as it happened,https://www.theguardian.com/world/iran/2026/mar/03/all,False,False,False,False,False,False,False,False,False,False,False,0.0,2026-03-03
2026-03-03,https://www.theguardian.com/world/2026/mar/03/middle-east-war-decided-interceptors-missiles,"Middle East war could be decided by who runs out of missiles or interceptors first, analysts say",https://www.theguardian.com/world/iran/2026/mar/03/all,False,False,False,True,False,False,False,False,False,True,False,0.0,2026-03-03
2026-03-03,https://www.theguardian.com/world/2026/mar/03/us-embassy-riyadh-hit-iranian-drones-israeli-troops-southern-lebanon,Iran continues to hit back at US-Israeli strikes as Trump says it is too late to talk,https://www.theguardian.com/world/iran/2026/mar/03/all,True,False,True,True,False,False,False,False,False,True,False,1.0,2026-03-03
2026-03-03,https://www.theguardian.com/world/2026/mar/03/israelis-mourn-after-deadly-iranian-attack,‘I can’t digest it’: deadliest attack on Israel since war began kills nine and destroys synagogue,https://www.theguardian.com/world/iran/2026/mar/03/all,False,False,False,True,False,False,False,False,False,True,False,0.0,2026-03-03
2026-03-03,https://www.theguardian.com/commentisfree/2026/mar/03/donald-trump-iran-usa-middle-east-war,To anyone who thinks Trump can bring peace and equality to Iran – I’ve got a bridge to sell you. Going cheap,https://www.theguardian.com/world/iran/2026/mar/03/all,True,False,True,False,False,False,True,False,False,False,True,-0.75,2026-03-03
2026-03-03,https://www.theguardian.com/australia-news/audio/2026/mar/03/is-the-us-the-most-pressing-threat-to-peace-full-story-podcast,Is the US the most pressing threat to peace? – Full Story podcast,https://www.theguardian.com/world/iran/2026/mar/03/all,False,False,False,False,True,False,True,False,False,False,True,0.0,2026-03-03
2026-03-03,https://www.theguardian.com/australia-news/2026/mar/03/oil-gas-lng-prices-iran-war-middle-east-conflict-bills-australia-ntwnfb,Australian energy bills could surge as Iran conflict drives up global gas prices,https://www.theguardian.com/world/iran/2026/mar/03/all,True,False,False,False,False,True,False,False,True,False,False,0.0,2026-03-03
2026-03-03,https://www.theguardian.com/world/2026/mar/03/global-south-condemns-us-israeli-war-with-iran,‘Imperialist undertones’: global south condemns US-Israeli war with Iran,https://www.theguardian.com/world/iran/2026/mar/03/all,True,False,True,False,False,False,False,False,False,True,False,0.25,2026-03-03
2026-03-03,https://www.theguardian.com/business/2026/mar/03/global-stock-markets-iran-war-gas-oil-prices-ftse-100,Stock markets slump amid Iran war as gas prices jump 30% to three-year high,https://www.theguardian.com/world/iran/2026/mar/03/all,True,False,True,False,False,True,False,False,True,False,False,0.75,2026-03-03
2026-03-03,https://www.theguardian.com/us-news/2026/mar/03/first-thing-conflict-middle-east-human-rights-groups-iranian-civilians-killed,First Thing: Conflict spirals in Middle East as NGO says at least 700 Iranian civilians killed,https://www.theguardian.com/world/iran/2026/mar/03/all,True,False,False,True,False,False,False,False,False,True,False,0.0,2026-03-03
2026-03-03,https://www.theguardian.com/global-development/2026/mar/03/minab-school-bombing-how-the-worst-mass-casualty-event-of-the-iran-war-unfolded-a-visual-guide,Minab school bombing: how the worst mass casualty event of the Iran war unfolded – a visual guide,https://www.theguardian.com/world/iran/2026/mar/03/all,True,False,True,True,False,False,False,False,False,True,False,1.0,2026-03-03
2026-03-03,https://www.theguardian.com/world/video/2026/mar/03/building-collapses-lebanon-israel-strikes-hezbollah-video,Building collapses in Lebanon after Israeli strikes – video,https://www.theguardian.com/world/iran/2026/mar/03/all,False,False,False,True,False,False,False,False,False,False,False,0.0,2026-03-03
2026-03-03,https://www.theguardian.com/commentisfree/2026/mar/03/trump-iran-war-emergency-powers,Trump has cornered himself with his war in Iran,https://www.theguardian.com/world/iran/2026/mar/03/all,True,False,True,False,False,False,False,False,False,False,False,0.25,2026-03-03
2026-03-03,https://www.theguardian.com/commentisfree/2026/mar/03/trump-iran-war-strategy,What is Trump’s endgame with Iran?,https://www.theguardian.com/world/iran/2026/mar/03/all,True,False,False,False,False,False,False,False,False,False,False,0.0,2026-03-03
2026-03-03,https://www.theguardian.com/football/2026/mar/03/iran-women-football-team-decline-to-sing-national-anthem-before-asian-cup-tie,Iran’s women’s team decline to sing national anthem before Asian Cup tie,https://www.theguardian.com/world/iran/2026/mar/03/all,True,False,False,False,False,False,False,False,False,True,False,0.0,2026-03-03
2026-03-03,https://www.theguardian.com/commentisfree/2026/mar/03/trump-using-ai-to-fight-wars-dangerous-us-military,Trump is using AI to fight his wars – this is a dangerous turning point,https://www.theguardian.com/world/iran/2026/mar/03/all,False,False,False,False,False,False,False,False,False,False,False,0.0,2026-03-03
2026-03-03,https://www.theguardian.com/us-news/2026/mar/03/trump-starmer-uk-refusal-back-iran-strikes,Trump rebukes Starmer over UK refusal to back strikes on Iran,https://www.theguardian.com/world/iran/2026/mar/03/all,True,False,True,True,False,False,False,False,False,True,False,1.0,2026-03-03
2026-03-03,https://www.theguardian.com/australia-news/2026/mar/03/chris-bowen-urges-motorists-not-to-panic-buy-petrol-as-oil-prices-jump-amid-iran-conflict,Chris Bowen urges motorists not to panic-buy petrol as oil prices jump amid Iran conflict,https://www.theguardian.com/world/iran/2026/mar/03/all,True,False,False,False,False,True,False,False,True,False,False,0.0,2026-03-03
2026-03-03,https://www.theguardian.com/world/2026/mar/03/tuesday-briefing-an-historic-rupture-as-the-middle-east-crisis-spreads,Tuesday briefing: ‘An historic rupture’ as the Middle East crisis spreads,https://www.theguardian.com/world/iran/2026/mar/03/all,False,False,False,False,False,False,False,False,False,True,False,0.0,2026-03-03
2026-03-03,https://www.theguardian.com/technology/2026/mar/03/iran-war-heralds-era-of-ai-powered-bombing-quicker-than-speed-of-thought,Iran war heralds era of AI-powered bombing quicker than ‘speed of thought’,https://www.theguardian.com/world/iran/2026/mar/03/all,True,False,True,True,False,False,False,False,False,True,False,1.0,2026-03-03
2026-03-03,https://www.theguardian.com/commentisfree/2026/mar/03/starmer-position-iran-no-good-options,"Starmer’s position on Iran pleases no one, but that is because there are no good options",https://www.theguardian.com/world/iran/2026/mar/03/all,True,False,False,False,False,False,False,False,False,False,False,0.0,2026-03-03
2026-03-04,https://www.theguardian.com/world/2026/mar/04/us-submarine-torpedo-iran-warship-sri-lanka-coast-pete-hegseth,US submarine sinks Iranian warship as conflict spreads beyond Middle East,https://www.theguardian.com/world/iran/2026/mar/04/all,True,False,False,False,False,False,False,False,False,True,False,0.0,2026-03-04
2026-03-04,https://www.theguardian.com/world/2026/mar/04/starmer-slow-start-war-against-iran-uk-playing-catch-up,Starmer’s slow start in the war against Iran could leave UK playing catch-up,https://www.theguardian.com/world/iran/2026/mar/04/all,True,False,True,False,False,False,False,False,False,True,False,0.25,2026-03-04
2026-03-04,https://www.theguardian.com/us-news/2026/mar/04/gavin-newsom-israel-apartheid-state-iran-war,Gavin Newsom likens Israel to ‘an apartheid state’ and decries war on Iran,https://www.theguardian.com/world/iran/2026/mar/04/all,True,False,True,False,False,False,False,False,False,True,False,0.25,2026-03-04
2026-03-04,https://www.theguardian.com/world/2026/mar/04/starmer-confident-keeping-trump-at-arms-length-over-iran,‘He’s no Winston Churchill’: why Starmer can shrug off Trump’s insults over Iran,https://www.theguardian.com/world/iran/2026/mar/04/all,True,False,False,False,False,False,False,False,False,True,False,0.0,2026-03-04
2026-03-04,https://www.theguardian.com/commentisfree/2026/mar/04/the-guardian-view-on-the-us-uk-relationship-trump-is-pushing-britain-closer-to-europe,The Guardian view on the US-UK relationship: Trump is pushing Britain closer to Europe,https://www.theguardian.com/world/iran/2026/mar/04/all,False,False,False,False,False,False,False,False,False,False,False,0.0,2026-03-04
2026-03-04,https://www.theguardian.com/world/2026/mar/04/us-israel-iran-war-update-latest-news-day-five,Israel launches new wave of strikes on Iran: what we know on day five of war,https://www.theguardian.com/world/iran/2026/mar/04/all,True,False,True,True,False,False,False,False,False,True,False,1.0,2026-03-04
2026-03-04,https://www.theguardian.com/news/2026/mar/04/the-ripples-of-war-inside-the-6-march-guardian-weekly,The ripples of war: inside the 6 March Guardian Weekly,https://www.theguardian.com/world/iran/2026/mar/04/all,False,False,False,False,False,False,False,False,False,True,False,0.0,2026-03-04
2026-03-04,https://www.theguardian.com/money/2026/mar/04/iran-conflict-energy-bills-gas-prices,Energy bills could rise by £160 after Iran conflict pushes gas prices higher,https://www.theguardian.com/world/iran/2026/mar/04/all,True,False,False,False,False,True,False,False,True,False,False,0.0,2026-03-04
2026-03-04,https://www.theguardian.com/world/2026/mar/04/israel-fresh-strikes-tehran-beirut-iran-targets-us-bases-gulf,Israel strikes Tehran and Beirut as Iran vows ‘complete destruction’ in region,https://www.theguardian.com/world/iran/2026/mar/04/all,True,False,True,True,False,False,False,False,False,True,False,1.0,2026-03-04
2026-03-04,https://www.theguardian.com/world/video/2026/mar/04/will-war-in-the-middle-east-trigger-a-global-economic-crisis-the-latest,Could war in the Middle East trigger a global economic crisis?,https://www.theguardian.com/world/iran/2026/mar/04/all,False,False,False,False,False,False,False,False,False,False,False,0.0,2026-03-04
2026-03-04,https://www.theguardian.com/politics/live/2026/mar/04/starmer-trump-iran-pmqs-immigration-uk-politics-live-news-updates,Labour MP says she had no reason to suspect her husband may have broken law after his arrest on suspicion of spying for China – as it happened,https://www.theguardian.com/world/iran/2026/mar/04/all,False,False,False,False,False,False,False,False,False,False,False,0.0,2026-03-04
2026-03-04,https://www.theguardian.com/world/2026/mar/04/pete-hegseth-denies-responsibility-iran-school-strike,Pete Hegseth says US is ‘investigating’ deadly strike on girls’ school in Iran,https://www.theguardian.com/world/iran/2026/mar/04/all,True,False,True,True,False,False,False,False,False,True,False,1.0,2026-03-04
2026-03-04,https://www.theguardian.com/world/2026/mar/04/will-trumps-middle-east-war-also-engulf-friedrich-merz,Will Trump’s Middle East war also engulf Friedrich Merz?,https://www.theguardian.com/world/iran/2026/mar/04/all,False,False,False,False,False,False,False,False,False,True,False,0.0,2026-03-04
2026-03-04,https://www.theguardian.com/world/video/2026/mar/04/us-submarine-sinks-iranian-warship-near-coast-of-sri-lanka-video,US submarine sinks Iranian warship near coast of Sri Lanka – video,https://www.theguardian.com/world/iran/2026/mar/04/all,True,False,False,False,False,False,False,False,False,False,False,0.0,2026-03-04
2026-03-04,https://www.theguardian.com/culture/2026/mar/04/seth-meyers-recap-trump-iran-war,"Seth Meyers on Trump spilling military secrets: ‘He’s so excited to bomb people, he can’t help himself’",https://www.theguardian.com/world/iran/2026/mar/04/all,False,False,False,True,True,False,False,False,False,True,False,0.0,2026-03-04
2026-03-04,https://www.theguardian.com/business/2026/mar/04/stock-market-fall-trump-hormuz-oil-prices,European stock markets rally after report of ‘secret outreach’ by Iran to try to end war,https://www.theguardian.com/world/iran/2026/mar/04/all,True,False,True,False,False,False,True,False,True,False,True,-0.75,2026-03-04
2026-03-04,https://www.theguardian.com/world/2026/mar/04/britain-not-ruling-out-future-strikes-iran-missile-sites,"Britain not ruling out future strikes on Iran missile sites, officials indicate",https://www.theguardian.com/world/iran/2026/mar/04/all,True,False,True,True,False,False,False,False,False,True,False,1.0,2026-03-04
2026-03-04,https://www.theguardian.com/world/2026/mar/04/middle-east-crisis-petrol-groceries-rising-prices,From petrol to groceries: how Middle East crisis is driving up prices,https://www.theguardian.com/world/iran/2026/mar/04/all,False,False,False,False,False,False,False,False,False,True,False,0.0,2026-03-04
2026-03-04,https://www.theguardian.com/world/2026/mar/04/starmer-hanging-trump-special-relationship-iran,"Hanging on to Trump’s latest words ‘is not the special relationship’, Starmer tells MPs",https://www.theguardian.com/world/iran/2026/mar/04/all,False,False,False,False,False,False,False,False,False,True,False,0.0,2026-03-04
2026-03-04,https://www.theguardian.com/business/2026/mar/04/iran-oil-petrol-prices-panic-buying-fuel-reserve-how-much-do-we-have-and-how-long-will-it-last-explainer,Labor says Australia won’t run out of fuel due to the Iran conflict. So how much do we have and how long will it last?,https://www.theguardian.com/world/iran/2026/mar/04/all,True,False,False,False,False,False,False,False,False,True,False,0.0,2026-03-04
2026-03-04,https://www.theguardian.com/world/2026/mar/04/trump-administration-illegal-war-iran-experts,"Trump administration waging illegal war on Iran, experts say",https://www.theguardian.com/world/iran/2026/mar/04/all,True,False,True,False,False,False,False,False,False,True,False,0.25,2026-03-04
2026-03-04,https://www.theguardian.com/world/2026/mar/04/mojtaba-khamenei-son-of-former-supreme-leader-tipped-to-become-irans-next-head-of-state,Ali Khamenei’s son Mojtaba favourite to succeed him as Iran’s supreme leader,https://www.theguardian.com/world/iran/2026/mar/04/all,True,False,False,False,False,False,False,False,False,True,False,0.0,2026-03-04
2026-03-04,https://www.theguardian.com/world/video/2026/mar/04/spain-sanchez-trump-russian-roulette-iran-video,Spain's PM says Trump playing 'Russian roulette' with lives of millions – video,https://www.theguardian.com/world/iran/2026/mar/04/all,False,False,False,False,False,False,False,False,False,False,False,0.0,2026-03-04
2026-03-04,https://www.theguardian.com/world/2026/mar/04/pedro-sanchez-donald-trump-threat-cut-off-trade-spain,‘No to war’: Sánchez doubles down after Trump threat to cut off trade with Spain,https://www.theguardian.com/world/iran/2026/mar/04/all,False,False,False,False,True,False,False,False,False,True,False,0.0,2026-03-04
2026-03-04,https://www.theguardian.com/politics/2026/mar/04/former-nato-commander-defends-keir-starmer-donald-trump,Ex-Nato commander defends Starmer after Trump’s ‘no Winston Churchill’ jibe,https://www.theguardian.com/world/iran/2026/mar/04/all,False,False,False,False,False,False,False,False,False,True,False,0.0,2026-03-04
2026-03-04,https://www.theguardian.com/world/2026/mar/04/us-israel-strikes-iran-nuclear-program-could-backfire,"Attacking Iran’s nuclear programme could drive it towards a bomb, experts warn",https://www.theguardian.com/world/iran/2026/mar/04/all,True,False,True,True,True,False,False,False,False,True,False,1.0,2026-03-04
2026-03-04,https://www.theguardian.com/commentisfree/2026/mar/04/us-israel-iran-attacks-uae-consequences,"The US and Israel gravely underestimated Iran’s response – here in the UAE, we are seeing the consequences",https://www.theguardian.com/world/iran/2026/mar/04/all,True,False,False,False,False,False,False,False,False,False,False,0.0,2026-03-04
2026-03-04,https://www.theguardian.com/australia-news/2026/mar/04/wong-says-legality-of-strikes-on-iran-a-matter-for-israel-and-us-as-australia-sends-crisis-consular-teams-to-middle-east,Australia sends crisis teams to Middle East as thousands of travellers and expats remain stranded,https://www.theguardian.com/world/iran/2026/mar/04/all,False,False,False,False,False,False,False,False,False,True,False,0.0,2026-03-04
2026-03-04,https://www.theguardian.com/commentisfree/picture/2026/mar/04/is-trumps-war-on-iran-legal-thats-up-to-the-us-and-israel-to-decide-and-they-have-a-great-track-record-on-these-things,Is Trump’s war on Iran legal? That’s up to the US and Israel to decide and they have a great track record on these things,https://www.theguardian.com/world/iran/2026/mar/04/all,True,False,True,False,False,False,False,False,False,False,False,0.25,2026-03-04
2026-03-04,https://www.theguardian.com/world/2026/mar/04/middle-east-conflict-offers-economic-lifeline-to-russias-flagging-war-machine,Middle East conflict offers economic lifeline to Russia’s flagging war machine,https://www.theguardian.com/world/iran/2026/mar/04/all,False,False,False,False,False,False,False,False,False,True,False,0.0,2026-03-04
2026-03-04,https://www.theguardian.com/news/audio/2026/mar/04/what-do-netanyahu-and-trump-really-want-in-iran-podcast,What do Netanyahu and Trump really want in Iran? – podcast,https://www.theguardian.com/world/iran/2026/mar/04/all,True,False,False,False,False,False,False,False,False,False,False,0.0,2026-03-04
2026-03-04,https://www.theguardian.com/world/commentisfree/2026/mar/04/my-grandfather-narrowly-avoided-death-under-the-iranian-regime-but-i-am-not-celebrating-trumps-war,My grandfather narrowly avoided death under the Iranian regime. But I am not celebrating Trump’s illegal war,https://www.theguardian.com/world/iran/2026/mar/04/all,True,False,True,False,False,False,False,False,False,False,False,0.25,2026-03-04
2026-03-05,https://www.theguardian.com/world/2026/mar/05/israel-orders-people-evacuate-beirut-suburbs-lebanon-iran,Israel launches huge strikes against south Beirut after mass evacuation order,https://www.theguardian.com/world/iran/2026/mar/05/all,False,False,False,True,False,False,False,False,False,True,False,0.0,2026-03-05
2026-03-05,https://www.theguardian.com/world/2026/mar/05/iran-war-briefing-israel-us-support-kurds-conflict-what-we-know-so-far-day-six,Iran war briefing: Israeli military tells hundreds of thousands to leave Beirut,https://www.theguardian.com/world/iran/2026/mar/05/all,True,False,True,False,True,False,False,False,False,True,False,0.5,2026-03-05
2026-03-05,https://www.theguardian.com/world/2026/mar/05/stock-market-falls-resume-as-us-israel-war-with-iran-drives-up-oil-and-gas-prices,Stock market falls resume as US-Israel war with Iran drives up oil and gas prices,https://www.theguardian.com/world/iran/2026/mar/05/all,True,False,True,False,False,True,False,False,True,False,False,0.75,2026-03-05
2026-03-05,https://www.theguardian.com/world/2026/mar/05/who-are-the-kurds-and-why-does-trump-want-them-to-join-the-war-on-iran,Who are the Kurds and why does Trump want them to join the war on Iran?,https://www.theguardian.com/world/iran/2026/mar/05/all,True,False,True,False,False,False,False,False,False,True,False,0.25,2026-03-05
2026-03-05,https://www.theguardian.com/world/2026/mar/05/iran-ship-sri-lanka-port-after-us-sinking-of-frigate,Sri Lanka evacuates crew from Iranian navy vessel days after warship was destroyed by US,https://www.theguardian.com/world/iran/2026/mar/05/all,True,False,True,False,False,False,False,False,False,True,False,0.25,2026-03-05
2026-03-05,https://www.theguardian.com/politics/audio/2026/mar/05/starmer-response-us-iran-airstrikes-podcast,Has Starmer been too weak on Iran? – podcast,https://www.theguardian.com/world/iran/2026/mar/05/all,True,False,False,False,False,False,False,False,False,False,False,0.0,2026-03-05
2026-03-05,https://www.theguardian.com/commentisfree/2026/mar/05/the-guardian-view-on-the-expanding-iran-crisis-no-clear-aim-and-no-end-in-sight,The Guardian view on the expanding Iran crisis: no clear aim and no end in sight,https://www.theguardian.com/world/iran/2026/mar/05/all,True,False,False,False,False,False,False,False,False,False,False,0.0,2026-03-05
2026-03-05,https://www.theguardian.com/world/video/2026/mar/05/iran-denies-responsibility-for-azerbaijan-drone-strike-video,Iran denies responsibility for Azerbaijan drone strike – video,https://www.theguardian.com/world/iran/2026/mar/05/all,True,False,True,True,False,False,False,False,False,False,False,1.0,2026-03-05
2026-03-05,https://www.theguardian.com/world/video/2026/mar/05/what-iran-military-capabilities-how-long-sustain-war-video-explainer,What are Iran's military capabilities and how long can it sustain the war? – video explainer,https://www.theguardian.com/world/iran/2026/mar/05/all,True,False,True,False,True,False,False,False,False,False,False,0.5,2026-03-05
2026-03-05,https://www.theguardian.com/global-development/2026/mar/05/at-least-dozen-hospital-and-health-facilities-in-iran-hit-since-us-israel-attacks-began-who-says,"At least 13 hospitals and health facilities hit during attacks on Iran, WHO says",https://www.theguardian.com/world/iran/2026/mar/05/all,True,False,True,True,False,False,False,False,False,True,False,1.0,2026-03-05
2026-03-05,https://www.theguardian.com/politics/audio/2026/mar/05/was-trump-ever-in-control-of-the-iran-war-podcast,Was Trump ever in control of the Iran war? – podcast,https://www.theguardian.com/world/iran/2026/mar/05/all,True,False,True,False,False,False,False,False,False,False,False,0.25,2026-03-05
2026-03-05,https://www.theguardian.com/news/video/2026/mar/05/why-does-trump-want-kurdish-fighters-to-join-the-war-in-iran-the-latest,Why does Trump want Kurdish fighters to join the war in Iran? - The Latest,https://www.theguardian.com/world/iran/2026/mar/05/all,True,False,True,False,False,False,False,False,False,False,False,0.25,2026-03-05
2026-03-05,https://www.theguardian.com/politics/2026/mar/05/best-way-forward-for-iran-would-be-negotiated-settlement-says-starmer,"Best way forward for Iran would be negotiated settlement, says Starmer",https://www.theguardian.com/world/iran/2026/mar/05/all,True,False,True,False,False,False,True,False,False,True,True,-0.75,2026-03-05
2026-03-05,https://www.theguardian.com/world/2026/mar/05/delayed-uk-rescue-flight-oman-british-nationals,Delayed UK rescue flight takes off from Oman with British nationals,https://www.theguardian.com/world/iran/2026/mar/05/all,False,False,False,False,False,False,False,False,False,True,False,0.0,2026-03-05
2026-03-05,https://www.theguardian.com/news/audio/2026/mar/05/why-does-trump-want-kurdish-fighters-to-join-the-war-in-iran-the-latest,Why does Trump want Kurdish fighters to join the war in Iran? – The Latest,https://www.theguardian.com/world/iran/2026/mar/05/all,True,False,True,False,False,False,False,False,False,False,False,0.25,2026-03-05
2026-03-05,https://www.theguardian.com/commentisfree/2026/mar/05/us-israel-war-iran-islamic-republic-theocracy-dictatorship,The US and Israel are waging war on an Iran they think they know. The reality is very different,https://www.theguardian.com/world/iran/2026/mar/05/all,True,False,True,False,False,False,False,False,False,False,False,0.25,2026-03-05
2026-03-05,https://www.theguardian.com/global-development/2026/mar/05/iran-internet-blackout-human-toll-war-rights-groups,"Iran’s internet blackout could worsen human toll of war, say rights groups",https://www.theguardian.com/world/iran/2026/mar/05/all,True,False,True,False,False,False,False,False,False,True,False,0.25,2026-03-05
2026-03-05,https://www.theguardian.com/politics/video/2026/mar/05/keir-starmer-uk-sending-fighter-jets-middle-east-us-israel-iran-conflict-video,Keir Starmer says UK sending more fighter jets to Middle East – video,https://www.theguardian.com/world/iran/2026/mar/05/all,False,False,False,False,False,False,False,False,False,False,False,0.0,2026-03-05
2026-03-05,https://www.theguardian.com/world/live/2026/mar/05/spain-us-israel-war-iran-white-house-trade-evacuations-latest-news,German foreign minister says ‘we will not allow ourselves to be divided’ after Trump-Spain spat – as it happened,https://www.theguardian.com/world/iran/2026/mar/05/all,False,False,False,False,False,False,False,False,False,False,False,0.0,2026-03-05
2026-03-05,https://www.theguardian.com/us-news/2026/mar/05/pakistani-man-trial-trump-assassination-plot-iran,Pakistani man on trial in Brooklyn for Trump assassination plot says he was recruited by Iran,https://www.theguardian.com/world/iran/2026/mar/05/all,True,False,False,False,False,False,False,False,False,True,False,0.0,2026-03-05
2026-03-05,https://www.theguardian.com/world/2026/mar/05/azerbaijan-accuses-iran-drone-attack-airport-injured-people,Azerbaijan accuses Iran of ‘terrorist’ drone attack on airport that injured four people,https://www.theguardian.com/world/iran/2026/mar/05/all,True,False,True,True,False,False,False,False,False,True,False,1.0,2026-03-05
2026-03-05,https://www.theguardian.com/world/2026/mar/05/guardian-readers-us-israel-war-on-iran,‘This is a needless war’: Americans share their thoughts on the US-Israel attacks on Iran,https://www.theguardian.com/world/iran/2026/mar/05/all,True,False,True,True,False,False,False,False,False,True,False,1.0,2026-03-05
2026-03-05,https://www.theguardian.com/world/2026/mar/05/inside-tehran-under-attack-photo-essay,‘There’s no safe place any more’: inside Tehran under attack – photo essay,https://www.theguardian.com/world/iran/2026/mar/05/all,True,False,True,True,False,False,False,False,False,True,False,1.0,2026-03-05
2026-03-05,https://www.theguardian.com/world/video/2026/mar/05/residential-buildings-damaged-us-israeli-strikes-iran-video,Aftermath video shows damage to buildings as US-Israeli strikes intensify across Iran – video,https://www.theguardian.com/world/iran/2026/mar/05/all,True,False,True,True,False,False,False,False,False,False,False,1.0,2026-03-05
2026-03-05,https://www.theguardian.com/commentisfree/2026/mar/05/us-israel-iran-antisemitism,The US-Israel relationship is finally facing a reckoning. It doesn’t need to slide into antisemitism,https://www.theguardian.com/world/iran/2026/mar/05/all,False,False,False,False,False,False,False,False,False,False,False,0.0,2026-03-05
2026-03-05,https://www.theguardian.com/commentisfree/2026/mar/05/trump-iran-war-responsibility,"In a Trump war, with great power comes no responsibility",https://www.theguardian.com/world/iran/2026/mar/05/all,False,False,False,False,False,False,False,False,False,False,False,0.0,2026-03-05
2026-03-05,https://www.theguardian.com/business/2026/mar/05/oil-price-continues-to-rise-amid-middle-east-crisis-but-stock-markets-rebound-across-asia,Oil price continues to rise amid Middle East crisis but stock markets rebound across Asia,https://www.theguardian.com/world/iran/2026/mar/05/all,False,False,False,False,False,True,False,False,True,False,False,0.0,2026-03-05
2026-03-05,https://www.theguardian.com/australia-news/2026/mar/05/iran-warship-australian-crew-onboard-us-submarine-foreign-minister-refuses-to-say,Defence sources say Australian crew onboard US submarine that sank Iranian warship,https://www.theguardian.com/world/iran/2026/mar/05/all,True,False,False,False,False,False,False,False,False,True,False,0.0,2026-03-05
2026-03-05,https://www.theguardian.com/world/2026/mar/05/globalisation-under-threat-britain-economy-iran-conflict,Globalisation is under threat from Iran war – and Britain is uniquely vulnerable,https://www.theguardian.com/world/iran/2026/mar/05/all,True,False,True,False,True,False,False,False,False,True,False,0.5,2026-03-05
2026-03-05,https://www.theguardian.com/business/2026/mar/05/big-burden-for-farmers-gulf-shipping-crisis-threatens-food-price-shock,‘A big burden for farmers’: Gulf shipping crisis threatens food price shock,https://www.theguardian.com/world/iran/2026/mar/05/all,False,False,False,False,True,True,False,False,False,True,False,0.0,2026-03-05
2026-03-05,https://www.theguardian.com/news/audio/2026/mar/05/starmer-trump-and-the-shaky-special-relationship,"Starmer, Trump and the shaky ‘special relationship’",https://www.theguardian.com/world/iran/2026/mar/05/all,False,False,False,False,False,False,False,False,False,False,False,0.0,2026-03-05
2026-03-06,https://www.theguardian.com/world/2026/mar/06/iran-war-us-india-russian-oil-prices-jump-israel-strikes-hezbollah-news-updates,Iran war briefing: US lets India buy Russian oil after energy prices jump,https://www.theguardian.com/world/iran/2026/mar/06/all,True,False,True,False,False,True,False,False,True,False,False,0.75,2026-03-06
2026-03-06,https://www.theguardian.com/world/2026/mar/06/us-israel-threaten-major-escalation-airstrikes-iran-lebanon,Trump demands Iran’s ‘unconditional surrender’ as bombs pound Tehran and Beirut,https://www.theguardian.com/world/iran/2026/mar/06/all,True,False,True,True,False,False,False,False,False,True,False,1.0,2026-03-06
2026-03-06,https://www.theguardian.com/football/2026/mar/06/donald-trump-monetises-war-iran-womens-team-deliver-great-act-sporting-heroism,"While Trump monetises war, Iran women’s team deliver great act of sporting heroism",https://www.theguardian.com/world/iran/2026/mar/06/all,True,False,True,False,False,False,False,False,False,True,False,0.25,2026-03-06
2026-03-06,https://www.theguardian.com/technology/commentisfree/2026/mar/06/the-guardian-view-on-ai-in-war-the-iran-conflict-shows-that-the-paradigm-shift-has-already-begun,The Guardian view on AI in war: the Iran conflict shows that the paradigm shift has already begun,https://www.theguardian.com/world/iran/2026/mar/06/all,True,False,True,False,False,False,False,False,False,False,False,0.25,2026-03-06
2026-03-06,https://www.theguardian.com/world/2026/mar/06/tehran-bombing-iran-night-of-terror,"‘If they don’t stop, Tehran will turn into Gaza’: Iranians describe night of terror",https://www.theguardian.com/world/iran/2026/mar/06/all,True,False,False,False,False,False,False,False,False,True,False,0.0,2026-03-06
2026-03-06,https://www.theguardian.com/world/2026/mar/06/international-law-and-the-difficulty-of-dealing-with-trump-at-war,International law and the difficulty of dealing with Trump at war,https://www.theguardian.com/world/iran/2026/mar/06/all,False,False,False,False,False,False,False,False,False,True,False,0.0,2026-03-06
2026-03-06,https://www.theguardian.com/commentisfree/picture/2026/mar/06/martin-rowson-middle-east-crisis-us-defence-secretary-pete-hegseth-iran-tehran,Martin Rowson on the deepening Middle East crisis – cartoon,https://www.theguardian.com/world/iran/2026/mar/06/all,False,False,False,False,False,False,False,False,False,False,False,0.0,2026-03-06
2026-03-06,https://www.theguardian.com/politics/live/2026/mar/06/david-lammy-raf-jets-cyprus-iran-middle-east-labour-keir-starmer-uk-politics-live-news-updates,Nigel Farage to discuss Chagos Islands deal at Mar-a-Lago dinner with Donald Trump tonight – as it happened,https://www.theguardian.com/world/iran/2026/mar/06/all,False,False,False,False,False,False,True,False,False,False,True,0.0,2026-03-06
2026-03-06,https://www.theguardian.com/world/2026/mar/06/missing-iranian-canada-masood-masjoody,"Iranian mathematician missing in Canada may have been targeted by Tehran, activists say",https://www.theguardian.com/world/iran/2026/mar/06/all,True,False,False,False,False,False,False,False,False,True,False,0.0,2026-03-06
2026-03-06,https://www.theguardian.com/world/2026/mar/06/iran-venezuela-trump-regime-capture,"Iran is not Venezuela, despite Trump’s hopes of repeating ‘regime capture’ strategy",https://www.theguardian.com/world/iran/2026/mar/06/all,True,False,False,False,False,False,False,False,False,True,False,0.0,2026-03-06
2026-03-06,https://www.theguardian.com/world/2026/mar/06/security-increase-iran-attack-us-israel-bombing,US officials increase security over fear of attack by Iran amid US-Israel bombing,https://www.theguardian.com/world/iran/2026/mar/06/all,True,False,True,True,False,False,False,False,False,True,False,1.0,2026-03-06
2026-03-06,https://www.theguardian.com/world/2026/mar/06/us-investigators-believe-strike-on-iranian-girls-school-likely-carried-out-by-us-forces,US investigators believe strike on Iranian girls’ school probably carried out by US forces,https://www.theguardian.com/world/iran/2026/mar/06/all,True,False,True,True,False,False,False,False,False,True,False,1.0,2026-03-06
2026-03-06,https://www.theguardian.com/world/2026/mar/06/new-supreme-leader-anti-iran-us-propaganda-reformists,Trump demands Iran’s surrender despite mediation claim,https://www.theguardian.com/world/iran/2026/mar/06/all,True,False,False,False,False,False,False,False,False,True,False,0.0,2026-03-06
2026-03-06,https://www.theguardian.com/uk-news/2026/mar/06/iranian-exiles-in-london-sense-of-doom-us-israeli-war,‘Sense of doom’: fear and foreboding over Iran war among London’s divided diaspora,https://www.theguardian.com/world/iran/2026/mar/06/all,True,False,True,False,False,False,False,False,False,True,False,0.25,2026-03-06
2026-03-06,https://www.theguardian.com/media/2026/mar/06/conservative-media-open-warfare-over-iran,‘You unbelievable coward’: conservative US media in open warfare over Iran,https://www.theguardian.com/world/iran/2026/mar/06/all,True,False,False,False,False,False,False,False,False,True,False,0.0,2026-03-06
2026-03-06,https://www.theguardian.com/business/2026/mar/06/seafarers-trapped-oil-tankers-standed-iran-war-strait-of-hormuz-shipping,‘We’re powerless … and hoping nothing hits us’: trapped on a tanker as Iran war escalates,https://www.theguardian.com/world/iran/2026/mar/06/all,True,False,True,False,True,True,False,False,False,True,False,1.0,2026-03-06
2026-03-06,https://www.theguardian.com/world/video/2026/mar/06/is-regime-change-in-iran-a-possibility-video,Is regime change in Iran a possibility? – video,https://www.theguardian.com/world/iran/2026/mar/06/all,True,False,False,False,False,False,False,False,False,False,False,0.0,2026-03-06
2026-03-06,https://www.theguardian.com/world/video/2026/mar/06/israel-strikes-southern-beirut-mass-evacuations-video,"Israel launches strikes in southern Beirut, after ordering mass evacuations – video",https://www.theguardian.com/world/iran/2026/mar/06/all,False,False,False,True,False,False,False,False,False,False,False,0.0,2026-03-06
2026-03-06,https://www.theguardian.com/commentisfree/2026/mar/06/influencers-sold-fantasy-dubai-missile-economic-migrants,Influencers sold the world a fantasy Dubai – and now it’s gone in a puff of missile smoke,https://www.theguardian.com/world/iran/2026/mar/06/all,False,False,False,True,False,False,False,False,False,False,False,0.0,2026-03-06
2026-03-06,https://www.theguardian.com/australia-news/video/2026/mar/06/iran-war-trump-us-israel-australia-response-full-story-podcast-video,Newsroom edition: Australia and the ‘bomb first’ new world order – Full Story podcast,https://www.theguardian.com/world/iran/2026/mar/06/all,False,False,False,True,False,False,False,False,False,False,False,0.0,2026-03-06
2026-03-06,https://www.theguardian.com/world/2026/mar/06/iran-backed-militias-iraq-attacks-us-israel,"Iran-backed militias intensify attacks against US, Israel and allies",https://www.theguardian.com/world/iran/2026/mar/06/all,True,False,True,True,False,False,False,False,False,True,False,1.0,2026-03-06
2026-03-06,https://www.theguardian.com/australia-news/2026/mar/06/australians-onboard-us-submarine-sank-iran-warship,"Three Australians were on US submarine that sank Iranian warship, PM says",https://www.theguardian.com/world/iran/2026/mar/06/all,True,False,False,False,False,False,False,False,False,True,False,0.0,2026-03-06
2026-03-06,https://www.theguardian.com/world/2026/mar/06/ukraine-war-briefing-trump-urges-zelenskyy-to-get-a-deal-done-with-russia,Ukraine war briefing: Trump urges Zelenskyy to ‘get a deal done’ with Russia,https://www.theguardian.com/world/iran/2026/mar/06/all,False,False,False,False,False,False,True,False,False,True,True,0.0,2026-03-06
2026-03-06,https://www.theguardian.com/world/2026/mar/06/iran-war-flight-chaos-flightradar24-tracking,How Flightradar24 became the go-to platform for the world to watch global aviation crises unfold,https://www.theguardian.com/world/iran/2026/mar/06/all,False,False,False,False,False,False,False,False,False,True,False,0.0,2026-03-06
2026-03-06,https://www.theguardian.com/world/2026/mar/06/ukraine-zelenskyy-iran-war-help-us-israel-fight-drones,"Ukraine to help US and its allies counter Iranian drones in Middle East, says Zelenskyy",https://www.theguardian.com/world/iran/2026/mar/06/all,True,False,True,True,False,False,False,False,False,True,False,1.0,2026-03-06
2026-03-07,https://www.theguardian.com/us-news/2026/mar/07/trump-starmer-iran-criticism,Trump tells Starmer help not needed even as US uses UK bases for Iran strikes,https://www.theguardian.com/world/iran/2026/mar/07/all,True,False,True,True,False,False,False,False,False,True,False,1.0,2026-03-09
2026-03-07,https://www.theguardian.com/world/2026/mar/07/iran-trump-unconditional-surrender-war-masoud-pezeshkian,Iran rejects Trump’s demand for unconditional surrender as a ‘dream’,https://www.theguardian.com/world/iran/2026/mar/07/all,True,False,False,False,False,False,False,False,False,True,False,0.0,2026-03-09
2026-03-07,https://www.theguardian.com/commentisfree/2026/mar/07/pms-pragmatism-on-trumps-iran-fury-risks-australia-following-us-into-operation-epic-fail,PM’s pragmatism on Trump’s Iran fury risks Australia following US into Operation Epic Fail,https://www.theguardian.com/world/iran/2026/mar/07/all,True,False,False,False,False,False,False,False,False,False,False,0.0,2026-03-09
2026-03-07,https://www.theguardian.com/world/2026/mar/07/offer-from-irans-president-to-not-attack-neighbours-provokes-internal-backlash,Offer from Iran’s president not to attack neighbours provokes internal backlash,https://www.theguardian.com/world/iran/2026/mar/07/all,True,False,True,True,False,False,False,False,False,True,False,1.0,2026-03-09
2026-03-07,https://www.theguardian.com/world/2026/mar/07/iran-us-israel-war-regime-change,Shrinking weapon stockpiles and regime-change uncertainty: doubts shadow US-Israel war on Iran,https://www.theguardian.com/world/iran/2026/mar/07/all,True,False,True,False,False,False,False,False,False,True,False,0.25,2026-03-09
2026-03-07,https://www.theguardian.com/uk-news/2026/mar/07/uk-preparing-aircraft-carrier-for-possible-middle-east-deployment,UK preparing aircraft carrier for possible Middle East deployment,https://www.theguardian.com/world/iran/2026/mar/07/all,False,False,False,False,True,False,False,False,False,True,False,0.0,2026-03-09
2026-03-07,https://www.theguardian.com/world/video/2026/mar/07/seven-days-of-war-in-the-middle-east-how-the-first-week-unfolded-video-timeline,Seven days of war in the Middle East: how the first week unfolded – video timeline,https://www.theguardian.com/world/iran/2026/mar/07/all,False,False,False,False,False,False,False,False,False,False,False,0.0,2026-03-09
2026-03-07,https://www.theguardian.com/us-news/2026/mar/07/trump-congress-republicans-iran-war-powers,Trump skirts Congress over Iran war as Republicans simply step aside,https://www.theguardian.com/world/iran/2026/mar/07/all,True,False,True,False,False,False,False,False,False,True,False,0.25,2026-03-09
2026-03-07,https://www.theguardian.com/us-news/2026/mar/07/trump-rationale-war-iran-story,Trump’s ever-changing rationale for war on Iran – how the story has shifted,https://www.theguardian.com/world/iran/2026/mar/07/all,True,False,True,False,False,False,False,False,False,True,False,0.25,2026-03-09
2026-03-07,https://www.theguardian.com/us-news/2026/mar/07/from-peace-president-to-operation-epic-fury-donald-trumps-road-to-war,From ‘peace president’ to Operation Epic Fury: Donald Trump’s road to war,https://www.theguardian.com/world/iran/2026/mar/07/all,False,False,False,False,False,False,True,False,False,True,True,0.0,2026-03-09
2026-03-07,https://www.theguardian.com/commentisfree/2026/mar/07/iran-tehran-demolished-bombs-israel-us,‘Don’t die’: the two words that sum up our lives in Tehran now,https://www.theguardian.com/world/iran/2026/mar/07/all,True,False,False,False,False,False,False,False,False,False,False,0.0,2026-03-09
2026-03-07,https://www.theguardian.com/world/2026/mar/07/seven-questions-about-iran-war,"Seven days on, seven questions about the US-Israeli war on Iran",https://www.theguardian.com/world/iran/2026/mar/07/all,True,False,True,False,False,False,False,False,False,True,False,0.25,2026-03-09
2026-03-07,https://www.theguardian.com/commentisfree/2026/mar/07/chaos-failed-state-iran-israel-war-benjamin-netanyahu,The chaos of a failed state in Iran would be a perfectly acceptable outcome for Netanyahu,https://www.theguardian.com/world/iran/2026/mar/07/all,True,False,False,False,False,False,False,False,False,False,False,0.0,2026-03-09
2026-03-07,https://www.theguardian.com/commentisfree/2026/mar/07/pedro-sanchez-stance-donald-trump-pragmatic,"Pedro Sánchez’s lone stance against Trump may look risky, but it is cannily pragmatic",https://www.theguardian.com/world/iran/2026/mar/07/all,False,False,False,False,False,False,False,False,False,False,False,0.0,2026-03-09
2026-03-07,https://www.theguardian.com/us-news/2026/mar/07/pakistani-man-convicted-of-plotting-to-kill-trump-over-death-of-iranian-commander,Pakistani man convicted of plotting to kill Trump over death of Iranian commander,https://www.theguardian.com/world/iran/2026/mar/07/all,True,False,False,False,False,False,False,False,False,True,False,0.0,2026-03-09
2026-03-08,https://www.theguardian.com/us-news/2026/mar/08/fox-news-trump-hat-salute-military,Fox News uses old clip of Trump after he wore hat while saluting slain US soldiers,https://www.theguardian.com/world/iran/2026/mar/08/all,False,False,False,False,False,False,False,False,False,True,False,0.0,2026-03-09
2026-03-08,https://www.theguardian.com/world/2026/mar/08/appointing-a-new-leader-is-the-least-of-irans-troubles,Appointing a new leader is the least of Iran’s troubles,https://www.theguardian.com/world/iran/2026/mar/08/all,True,False,False,False,False,False,False,False,False,True,False,0.0,2026-03-09
2026-03-08,https://www.theguardian.com/commentisfree/picture/2026/mar/08/ella-baron-presidents-new-clothes-donald-trump-us-israel-war-on-iran-cartoon,Ella Baron on Trump and Netanyahu’s war on Iran – cartoon,https://www.theguardian.com/world/iran/2026/mar/08/all,True,False,True,False,False,False,False,False,False,False,False,0.25,2026-03-09
2026-03-08,https://www.theguardian.com/world/2026/mar/08/dark-like-our-future-iranians-describe-scenes-of-catastrophe-after-tehrans-oil-depots-bombed,"‘Dark, like our future’: Iranians describe scenes of catastrophe after Tehran’s oil depots bombed",https://www.theguardian.com/world/iran/2026/mar/08/all,True,False,True,True,False,True,False,False,False,True,False,1.0,2026-03-09
2026-03-08,https://www.theguardian.com/world/2026/mar/08/iran-new-supreme-leader-selected-says-deciding-body,Iran threatens retaliatory attacks on oil facilities across Gulf after Israeli strikes,https://www.theguardian.com/world/iran/2026/mar/08/all,True,False,True,True,True,True,False,False,False,True,False,1.0,2026-03-09
2026-03-08,https://www.theguardian.com/world/2026/mar/08/us-energy-chief-spike-gas-prices,US energy chief says spike in gas prices will fall ‘before too long’ amid Iran war,https://www.theguardian.com/world/iran/2026/mar/08/all,True,False,True,False,False,True,False,False,True,False,False,0.75,2026-03-09
2026-03-08,https://www.theguardian.com/world/2026/mar/08/ukraine-struggles-us-focus-iran-putin,‘Putin smiled’: Ukraine hurries to adapt as US focus moves to Iran,https://www.theguardian.com/world/iran/2026/mar/08/all,True,False,False,False,False,False,False,False,False,True,False,0.0,2026-03-09
2026-03-08,https://www.theguardian.com/world/2026/mar/08/politics-parties-britain-voters-iran,"Opportunities, perils and pitfalls: how UK parties have responded to war in Iran",https://www.theguardian.com/world/iran/2026/mar/08/all,True,False,True,False,False,False,False,False,False,True,False,0.25,2026-03-09
2026-03-08,https://www.theguardian.com/commentisfree/2026/mar/08/iran-war-keir-starmer-donald-trump-us-israel,The first lesson of war is ‘know your enemy’ – and Britain’s enemy now is Donald Trump,https://www.theguardian.com/world/iran/2026/mar/08/all,False,False,False,False,False,False,False,False,False,False,False,0.0,2026-03-09
2026-03-08,https://www.theguardian.com/world/2026/mar/08/death-of-khamenei-seen-as-irans-berlin-wall-moment,‘End of an era’: death of Khamenei seen as Iran’s Berlin Wall moment,https://www.theguardian.com/world/iran/2026/mar/08/all,True,False,False,False,False,False,False,False,False,True,False,0.0,2026-03-09
2026-03-08,https://www.theguardian.com/world/video/2026/mar/08/tehran-oil-sites-on-fire-as-iran-exchanges-strikes-with-israel-and-us-video-report,Tehran oil sites on fire as Iran exchanges strikes with Israel and US – video report,https://www.theguardian.com/world/iran/2026/mar/08/all,True,False,True,True,False,True,False,False,False,False,False,1.0,2026-03-09
2026-03-08,https://www.theguardian.com/politics/2026/mar/08/yvette-cooper-rejects-tony-blair-call-for-uk-to-have-backed-trump-strikes-on-iran,Cooper rejects Blair’s call for UK to have backed Trump’s strikes on Iran,https://www.theguardian.com/world/iran/2026/mar/08/all,True,False,True,True,False,False,False,False,False,True,False,1.0,2026-03-09
2026-03-08,https://www.theguardian.com/us-news/2026/mar/08/pete-hegseth-pentagon-trump-iran,‘A very dangerous person’: alarm as Pete Hegseth revels in carnage of Iran war,https://www.theguardian.com/world/iran/2026/mar/08/all,True,False,True,False,False,False,False,False,False,True,False,0.25,2026-03-09
2026-03-08,https://www.theguardian.com/world/ng-interactive/2026/mar/08/us-interference-middle-east-iraq-iran-conflict-legacy-lessons,"From Bush Sr to Trump: the risks, lessons and legacy of US interference in the Middle East",https://www.theguardian.com/world/iran/2026/mar/08/all,False,False,False,False,False,False,False,False,False,True,False,0.0,2026-03-09
2026-03-09,https://www.theguardian.com/us-news/2026/mar/09/democrats-iran-war-powers-resolutions,Democrats file new war powers resolutions and call for public hearings on Iran strikes,https://www.theguardian.com/world/iran/2026/mar/09/all,True,False,True,True,False,False,False,False,False,True,False,1.0,2026-03-09
2026-03-09,https://www.theguardian.com/football/2026/mar/09/iran-women-football-team-australia-asian-cup,‘They are safe here’: five Iranian women footballers granted humanitarian visas in Australia,https://www.theguardian.com/world/iran/2026/mar/09/all,True,False,False,False,False,False,False,False,False,True,False,0.0,2026-03-09
2026-03-09,https://www.theguardian.com/business/2026/mar/09/iran-war-drives-oil-price-above-100-a-barrel-for-first-time-since-2022,US stock markets close on high after Iran war drove oil prices above $100 a barrel,https://www.theguardian.com/world/iran/2026/mar/09/all,True,False,True,False,False,True,False,False,True,False,False,0.75,2026-03-09
2026-03-09,https://www.theguardian.com/us-news/2026/mar/09/lindsey-graham-saudi-arabia-iran,Trump ally Lindsey Graham issues threat to Saudi Arabia over Iran war,https://www.theguardian.com/world/iran/2026/mar/09/all,True,False,True,False,True,False,False,False,False,True,False,0.5,2026-03-09
2026-03-09,https://www.theguardian.com/commentisfree/2026/mar/09/the-guardian-view-on-the-iran-crisis-exposing-britains-energy-vulnerability-clean-power-offers-protection,The Guardian view on the Iran crisis exposing Britain’s energy vulnerability: clean power offers protection,https://www.theguardian.com/world/iran/2026/mar/09/all,True,False,False,False,False,True,False,False,False,False,False,0.0,2026-03-09
2026-03-09,https://www.theguardian.com/world/2026/mar/09/divided-iranians-react-to-new-supreme-leader,A country divided: state media show Mojtaba supporters as Iranians online fear repression,https://www.theguardian.com/world/iran/2026/mar/09/all,True,False,False,False,False,False,False,False,False,True,False,0.0,2026-03-09
2026-03-09,https://www.theguardian.com/world/2026/mar/09/emmanuel-macron-cyprus-europe-iran-war-drone-strike,Emmanuel Macron vows Europe will stand by Cyprus after Iran drone strike,https://www.theguardian.com/world/iran/2026/mar/09/all,True,False,True,True,False,False,False,False,False,True,False,1.0,2026-03-09
2026-03-09,https://www.theguardian.com/technology/2026/mar/09/x-suspends-accounts-massive-scale-manipulation-attempts-russia,X suspends 800m accounts in one year amid ‘massive’ scale of manipulation attempts,https://www.theguardian.com/world/iran/2026/mar/09/all,False,False,False,False,False,False,False,False,False,True,False,0.0,2026-03-09
2026-03-09,https://www.theguardian.com/world/2026/mar/09/iran-supreme-leader-brings-mystery-element-to-middle-east-crisis-mojtaba-khamenei,Iran’s new supreme leader brings mystery element to Middle East crisis,https://www.theguardian.com/world/iran/2026/mar/09/all,True,False,False,False,False,False,False,False,False,True,False,0.0,2026-03-09
2026-03-09,https://www.theguardian.com/commentisfree/picture/2026/mar/09/ben-jennings-donald-trump-iran-surging-oil-prices-cartoon,"Ben Jennings on Donald Trump, Iran and surging oil prices – cartoon",https://www.theguardian.com/world/iran/2026/mar/09/all,True,False,False,False,False,True,False,False,True,False,False,0.0,2026-03-09
2026-03-09,https://www.theguardian.com/world/2026/mar/09/seventh-us-service-member-killed-iran-war,Seventh US service member killed in war with Iran identified,https://www.theguardian.com/world/iran/2026/mar/09/all,True,False,True,True,False,False,False,False,False,True,False,1.0,2026-03-09
2026-03-09,https://www.theguardian.com/world/2026/mar/09/ursula-von-der-leyen-eu-foreign-policy-more-realistic-interest-driven,Von der Leyen calls for EU foreign policy to be ‘more realistic and interest-driven’,https://www.theguardian.com/world/iran/2026/mar/09/all,False,False,False,False,False,False,False,False,False,True,False,0.0,2026-03-09
2026-03-09,https://www.theguardian.com/commentisfree/2026/mar/09/britons-dont-want-trump-war-fixation-labour,Britons don’t want any part of Trump’s war fixation – the sooner Labour realises that the better,https://www.theguardian.com/world/iran/2026/mar/09/all,False,False,False,False,False,False,False,False,False,False,False,0.0,2026-03-09
2026-03-09,https://www.theguardian.com/world/video/2026/mar/09/will-trump-make-a-deal-with-irans-new-supreme-leader-the-latest,Will Trump make a deal with Iran's new supreme leader? - The Latest,https://www.theguardian.com/world/iran/2026/mar/09/all,True,False,False,False,False,False,True,False,False,False,True,0.0,2026-03-09
2026-03-09,https://www.theguardian.com/world/audio/2026/mar/09/what-we-know-about-iran-new-supreme-leader-the-latest,Will Trump make a deal with Iran’s new supreme leader? - The Latest,https://www.theguardian.com/world/iran/2026/mar/09/all,True,False,False,False,False,False,True,False,False,False,True,0.0,2026-03-09
2026-03-09,https://www.theguardian.com/world/2026/mar/09/hope-and-solidarity-with-those-trying-to-stay-alive-in-iran,Hope and solidarity with those trying to stay alive in Iran,https://www.theguardian.com/world/iran/2026/mar/09/all,True,False,False,False,False,False,False,False,False,True,False,0.0,2026-03-09
2026-03-09,https://www.theguardian.com/us-news/2026/mar/09/pete-hegseth-us-war-with-iran-casualties,Pete Hegseth says ‘there will be more casualties’ in US war with Iran,https://www.theguardian.com/world/iran/2026/mar/09/all,True,False,True,False,False,False,False,False,False,True,False,0.25,2026-03-09
2026-03-09,https://www.theguardian.com/world/2026/mar/09/uk-has-sufficient-oil-and-gas-supplies-says-minister-after-two-days-left-reports,"Lengthy US-Iran war would affect ‘lives and households of everybody’, says Starmer",https://www.theguardian.com/world/iran/2026/mar/09/all,True,False,True,False,False,False,False,False,False,True,False,0.25,2026-03-09
2026-03-09,https://www.theguardian.com/world/2026/mar/09/video-shows-us-tomahawk-missile-hit-base-next-bombed-iranian-school,Video shows US Tomahawk missile hit base next to bombed Iranian school,https://www.theguardian.com/world/iran/2026/mar/09/all,True,False,True,True,False,False,False,False,False,True,False,1.0,2026-03-09
2026-03-09,https://www.theguardian.com/world/gallery/2026/mar/09/a-giant-cat-and-a-back-to-the-future-reunion-photos-of-the-day-monday,A giant cat and a Back to the Future reunion: photos of the day - Monday,https://www.theguardian.com/world/iran/2026/mar/09/all,False,False,False,False,False,False,False,False,False,False,False,0.0,2026-03-09
2026-03-09,https://www.theguardian.com/australia-news/2026/mar/09/australia-iran-war-deception-greens-shoebridge,"Australia would be signed up to Iran war ‘by deception and stealth’ if military support sent, Shoebridge says",https://www.theguardian.com/world/iran/2026/mar/09/all,True,False,True,False,True,False,False,False,False,True,False,0.5,2026-03-09
2026-03-09,https://www.theguardian.com/world/2026/mar/09/monday-briefing-how-are-iranians-abroad-grappling-with-loss-and-uncertainty-from-afar,Monday briefing: ​How are Iranians abroad grappling with loss and uncertainty from afar?,https://www.theguardian.com/world/iran/2026/mar/09/all,True,False,False,False,False,False,False,False,False,True,False,0.0,2026-03-09
2026-03-09,https://www.theguardian.com/australia-news/2026/mar/09/australia-iran-war-assistance-middle-east-nations,Australia has been asked to assist Middle East nations coming under fire from Iran. What could that look like?,https://www.theguardian.com/world/iran/2026/mar/09/all,True,False,False,False,False,False,False,False,False,True,False,0.0,2026-03-09
2026-03-10,https://www.theguardian.com/world/2026/mar/10/iranian-regime-is-not-weakening-in-face-of-us-israel-onslaught-but-becoming-more-defiant,Iran is becoming more defiant in face of US-Israeli onslaught,https://www.theguardian.com/world/iran/2026/mar/10/all,True,False,False,False,False,False,False,False,False,True,False,0.0,2026-03-10
2026-03-10,https://www.theguardian.com/world/2026/mar/10/us-weighs-sending-forces-into-iran-to-secure-nuclear-stockpile-reports-say,"US weighs sending forces into Iran to secure nuclear stockpile, reports say",https://www.theguardian.com/world/iran/2026/mar/10/all,True,False,True,False,True,False,False,False,False,True,False,0.5,2026-03-10
2026-03-10,https://www.theguardian.com/business/2026/mar/10/aramco-warns-oil-market-catastrophe-strait-of-hormuz,Aramco warns of oil market ‘catastrophe’ unless strait of Hormuz reopens soon,https://www.theguardian.com/world/iran/2026/mar/10/all,True,False,True,False,True,True,False,False,False,True,False,1.0,2026-03-10
2026-03-10,https://www.theguardian.com/commentisfree/picture/2026/mar/10/ella-baron-donald-trump-war-iran-cartoon,Ella Baron on Donald Trump’s predictions for the war on Iran – cartoon,https://www.theguardian.com/world/iran/2026/mar/10/all,True,False,True,False,False,False,False,False,False,False,False,0.25,2026-03-10
2026-03-10,https://www.theguardian.com/world/2026/mar/10/iranians-living-in-uk-warn-starmer-war-nazanin-zaghari-ratcliffe-letter,Iranians living in UK tell Starmer that war will only strengthen Tehran regime,https://www.theguardian.com/world/iran/2026/mar/10/all,True,False,True,False,False,False,False,False,False,True,False,0.25,2026-03-10
2026-03-10,https://www.theguardian.com/world/2026/mar/10/tehran-strikes-mixed-us-messages,Tehran endures ‘worst night of strikes’ amid mixed US messages about more to come,https://www.theguardian.com/world/iran/2026/mar/10/all,True,False,True,True,False,False,False,False,False,True,False,1.0,2026-03-10
2026-03-10,https://www.theguardian.com/world/2026/mar/10/its-not-just-influencers-who-move-to-dubai,It’s not just influencers who move to Dubai,https://www.theguardian.com/world/iran/2026/mar/10/all,False,False,False,False,False,False,False,False,False,True,False,0.0,2026-03-10
2026-03-10,https://www.theguardian.com/global-development/2026/mar/10/iran-minab-school-bombing-shajareh-tayyebeh-primary-what-evidence-us-responsible,Minab school bombing: what evidence is there that the US was responsible?,https://www.theguardian.com/world/iran/2026/mar/10/all,False,False,False,True,False,False,False,False,False,True,False,0.0,2026-03-10
2026-03-10,https://www.theguardian.com/world/video/2026/mar/10/could-trump-really-end-the-war-in-iran-very-soon-the-latest,Could Trump really end the war in Iran 'very soon'? - The Latest,https://www.theguardian.com/world/iran/2026/mar/10/all,True,False,True,False,False,False,True,False,False,False,True,-0.75,2026-03-10
2026-03-10,https://www.theguardian.com/news/audio/2026/mar/10/could-trump-really-end-the-war-in-iran-very-soon-the-latest,Could Trump really end the war in Iran ‘very soon’? – The Latest,https://www.theguardian.com/world/iran/2026/mar/10/all,True,False,True,False,False,False,True,False,False,False,True,-0.75,2026-03-10
2026-03-10,https://www.theguardian.com/world/2026/mar/10/how-eu-member-states-reacting-energy-crisis-iran-war,How are EU and member states reacting to energy crisis triggered by Iran war?,https://www.theguardian.com/world/iran/2026/mar/10/all,True,False,True,False,False,True,False,False,False,True,False,0.75,2026-03-10
2026-03-10,https://www.theguardian.com/culture/2026/mar/10/stephen-colbert-trump-us-war-iran,Stephen Colbert on US war in Iran: ‘We’re still no closer to learning what the goal is’,https://www.theguardian.com/world/iran/2026/mar/10/all,True,False,True,False,False,False,False,False,False,True,False,0.25,2026-03-10
2026-03-10,https://www.theguardian.com/world/2026/mar/10/hegseth-iran-intense-strikes-civilian-deaths,Pete Hegseth warns of ‘most intense’ day of US strikes on Iran yet,https://www.theguardian.com/world/iran/2026/mar/10/all,True,False,True,True,True,False,False,False,False,True,False,1.0,2026-03-10
2026-03-10,https://www.theguardian.com/commentisfree/2026/mar/10/shock-awe-trump-granddaughter-kai-war-effort-shopper,"It’s shock and awe as Trump’s granddaughter does her bit for the war effort. All hail Kai Trump, the shopper-in-chief",https://www.theguardian.com/world/iran/2026/mar/10/all,False,False,False,False,False,False,False,False,False,False,False,0.0,2026-03-10
2026-03-10,https://www.theguardian.com/technology/2026/mar/10/datacenters-target-warfare-iran,Datacenters are becoming a target in warfare for the first time,https://www.theguardian.com/world/iran/2026/mar/10/all,False,False,False,False,False,False,False,False,False,True,False,0.0,2026-03-10
2026-03-10,https://www.theguardian.com/business/video/2026/mar/10/how-iran-middle-east-conflict-affect-prices-world-video-explainer,How the Iran conflict could affect prices around the world – video explainer,https://www.theguardian.com/world/iran/2026/mar/10/all,True,False,False,False,False,False,False,False,False,False,False,0.0,2026-03-10
2026-03-10,https://www.theguardian.com/world/2026/mar/10/mod-criticised-after-delay-in-sending-hms-dragon-to-cyprus,The HMS Dragon row: why has it taken so long to get a UK destroyer to Cyprus?,https://www.theguardian.com/world/iran/2026/mar/10/all,False,False,False,False,False,False,False,False,False,True,False,0.0,2026-03-10
2026-03-10,https://www.theguardian.com/commentisfree/2026/mar/10/iran-supreme-leader-mystery-regime-mojtaba-khamenei,"Iran’s new supreme leader is a figure of mystery, but the symbolism is clear: the regime fights on",https://www.theguardian.com/world/iran/2026/mar/10/all,True,False,False,False,False,False,False,False,False,False,False,0.0,2026-03-10
2026-03-10,https://www.theguardian.com/commentisfree/2026/mar/10/get-ready-for-price-shocks-because-of-iran-how-are-we-supposed-to-do-that,Get ready for price shocks because of Iran? How are we supposed to do that?,https://www.theguardian.com/world/iran/2026/mar/10/all,True,False,False,False,False,False,False,False,False,False,False,0.0,2026-03-10
2026-03-10,https://www.theguardian.com/world/2026/mar/10/trump-free-flow-energy-fails-restart-shipping-strait-hormuz,Trump’s ‘free flow of energy’ vow fails to restart shipping in strait of Hormuz,https://www.theguardian.com/world/iran/2026/mar/10/all,True,False,True,False,False,True,False,False,False,True,False,0.75,2026-03-10
2026-03-10,https://www.theguardian.com/australia-news/2026/mar/10/labor-moves-to-block-some-temporary-visa-holders-traveling-to-australia-amid-middle-east-war,Labor moves to block some temporary visa holders travelling to Australia amid Middle East war,https://www.theguardian.com/world/iran/2026/mar/10/all,False,False,False,False,False,False,False,False,False,True,False,0.0,2026-03-10
2026-03-10,https://www.theguardian.com/world/2026/mar/10/how-the-us-israeli-war-in-iran-parallels-russia-invasion-of-ukraine,‘Sounds familiar’: how the US-Israeli war in Iran parallels Russia’s invasion of Ukraine,https://www.theguardian.com/world/iran/2026/mar/10/all,True,False,True,True,False,False,False,False,False,True,False,1.0,2026-03-10
2026-03-10,https://www.theguardian.com/commentisfree/2026/mar/10/us-israel-war-iranian-people,Who will stand up for the Iranian people as death rains on them from the skies?,https://www.theguardian.com/world/iran/2026/mar/10/all,True,False,False,False,False,False,False,False,False,False,False,0.0,2026-03-10
2026-03-10,https://www.theguardian.com/football/video/2026/mar/10/iranian-womens-football-team-protesters-bus-gold-coast-hotel-video-ntwnfb,Protesters try to block bus as Iranian women's football team depart Gold Coast hotel – video,https://www.theguardian.com/world/iran/2026/mar/10/all,True,False,False,False,False,False,False,False,False,False,False,0.0,2026-03-10
2026-03-10,https://www.theguardian.com/science/audio/2026/mar/10/was-iran-really-building-a-nuclear-weapon-podcast,Was Iran really building a nuclear weapon? – podcast,https://www.theguardian.com/world/iran/2026/mar/10/all,True,False,True,False,True,False,False,False,False,False,False,0.5,2026-03-10
2026-03-10,https://www.theguardian.com/world/2026/mar/10/bombing-of-irans-oil-infrastructure-to-have-major-environmental-fallout-experts-warn,"Bombing of Iran’s oil infrastructure to have major environmental fallout, experts warn",https://www.theguardian.com/world/iran/2026/mar/10/all,True,False,True,True,True,True,False,False,False,True,False,1.0,2026-03-10
2026-03-10,https://www.theguardian.com/world/video/2026/mar/10/iranian-women-footballers-australia-asylum-tony-burke-aussie-chant-video-ntwnfb,"Iranian footballers chanted 'Aussie, Aussie, Aussie' when granted asylum, says Burke – video",https://www.theguardian.com/world/iran/2026/mar/10/all,True,False,False,False,False,False,False,False,False,False,False,0.0,2026-03-10
2026-03-10,https://www.theguardian.com/news/audio/2026/mar/10/inside-iran-as-the-bombs-fall-podcast,Inside Iran as the bombs fall – podcast,https://www.theguardian.com/world/iran/2026/mar/10/all,True,False,True,True,False,False,False,False,False,False,False,1.0,2026-03-10
2026-03-10,https://www.theguardian.com/world/2026/mar/10/trump-iran-war-over-pretty-quickly,"Vague and contradictory Trump says Iran war ‘won’, but not ‘won enough’",https://www.theguardian.com/world/iran/2026/mar/10/all,True,False,True,False,False,False,False,False,False,True,False,0.25,2026-03-10
2026-03-10,https://www.theguardian.com/world/2026/mar/10/north-korea-nuclear-weapons-trump-iran-war,Trump’s Iran war will reinforce North Korea’s view that nuclear weapons are the only path to security,https://www.theguardian.com/world/iran/2026/mar/10/all,True,False,True,False,True,False,False,False,False,True,False,0.5,2026-03-10
2026-03-11,https://www.theguardian.com/world/2026/mar/11/iran-escalates-attacks-on-infrastructure-and-transport-networks-across-the-gulf,Iran escalates attacks on infrastructure and transport networks across the Gulf,https://www.theguardian.com/world/iran/2026/mar/11/all,True,False,True,True,True,False,False,False,False,True,False,1.0,2026-03-11
2026-03-11,https://www.theguardian.com/world/2026/mar/11/attacks-iran-oil-tankers-strait-hormuz,US intelligence sees direct attacks by Iran on oil tankers as greater risk than mines,https://www.theguardian.com/world/iran/2026/mar/11/all,True,False,True,True,False,True,False,False,False,True,False,1.0,2026-03-11
2026-03-11,https://www.theguardian.com/politics/live/2026/mar/11/peter-mandelson-documents-keir-starmer-pmqs-iran-latest-news-updates,"Starmer’s national security adviser expressed concern about Mandelson appointment, documents show - as it happened",https://www.theguardian.com/world/iran/2026/mar/11/all,False,False,False,False,False,False,False,False,False,False,False,0.0,2026-03-11
2026-03-11,https://www.theguardian.com/world/video/2026/mar/11/iran-war-alliances-us-israel,Why alliances in the Iran-US war are not simple – video,https://www.theguardian.com/world/iran/2026/mar/11/all,True,False,True,False,False,False,False,False,False,False,False,0.25,2026-03-11
2026-03-11,https://www.theguardian.com/world/2026/mar/11/elevating-injured-mojtaba-khamenei-supreme-leader-shows-iranian-military-machine-autopilot,Elevating injured Mojtaba Khamenei to supreme leader shows Iranian war machine can run on autopilot,https://www.theguardian.com/world/iran/2026/mar/11/all,True,False,True,False,False,False,False,False,False,True,False,0.25,2026-03-11
2026-03-11,https://www.theguardian.com/world/2026/mar/11/iran-war-missile-strike-elementary-school,"US responsible for deadly missile strike on Iran school, preliminary inquiry says",https://www.theguardian.com/world/iran/2026/mar/11/all,True,False,True,True,False,False,False,False,False,True,False,1.0,2026-03-11
2026-03-11,https://www.theguardian.com/commentisfree/picture/2026/mar/11/ben-jennings-donald-trump-pete-hegseth-cartoon,Ben Jennings on Trump and Hegseth: mission accomplished? – cartoon,https://www.theguardian.com/world/iran/2026/mar/11/all,False,False,False,False,False,False,False,False,False,False,False,0.0,2026-03-11
2026-03-11,https://www.theguardian.com/news/2026/mar/11/us-iran-strait-of-hormuz-mine-boat-attacks,Three merchant ships struck as tensions rise in Hormuz strait amid Iran war,https://www.theguardian.com/world/iran/2026/mar/11/all,True,False,True,False,False,True,False,False,False,True,False,0.75,2026-03-11
2026-03-11,https://www.theguardian.com/news/2026/mar/11/here-we-are-again-inside-the-13-march-guardian-weekly,Here we are again: inside the 13 March Guardian Weekly,https://www.theguardian.com/world/iran/2026/mar/11/all,False,False,False,False,False,False,False,False,False,True,False,0.0,2026-03-11
2026-03-11,https://www.theguardian.com/world/2026/mar/11/echoes-of-iraq-invasion-in-trumps-iran-plan,Echoes of Iraq invasion in Trump’s Iran plan,https://www.theguardian.com/world/iran/2026/mar/11/all,True,False,True,True,False,False,False,False,False,True,False,1.0,2026-03-11
2026-03-11,https://www.theguardian.com/business/2026/mar/11/iea-oil-reserves-stockpiles-release-price-per-barrel-analysis,Will releasing millions of barrels of oil stockpiles really bring down fuel costs?,https://www.theguardian.com/world/iran/2026/mar/11/all,False,False,False,False,False,True,False,False,False,True,False,0.0,2026-03-11
2026-03-11,https://www.theguardian.com/world/2026/mar/11/stunned-sidelined-and-disunited-how-war-in-the-middle-east-paralysed-the-eu,"‘Stunned, sidelined and disunited’: how war in the Middle East paralysed the EU",https://www.theguardian.com/world/iran/2026/mar/11/all,False,False,False,False,False,False,False,False,False,True,False,0.0,2026-03-11
2026-03-11,https://www.theguardian.com/culture/2026/mar/11/jimmy-kimmel-pentagon-food-iran-melania-documentary,Jimmy Kimmel on Pentagon splurging on doughnuts: ‘Is this My 600lb Defense Department?’,https://www.theguardian.com/world/iran/2026/mar/11/all,False,False,False,False,False,False,False,False,False,True,False,0.0,2026-03-11
2026-03-11,https://www.theguardian.com/world/2026/mar/11/energy-independence-renewables-nuclear-says-john-kerry-war-iran-oil,"Countries must seek energy independence through renewables and nuclear, says John Kerry",https://www.theguardian.com/world/iran/2026/mar/11/all,False,False,False,False,True,True,False,False,False,True,False,0.0,2026-03-11
2026-03-11,https://www.theguardian.com/world/2026/mar/11/mojtaba-khamenei-was-hurt-in-strike-that-killed-his-father-irans-cyprus-ambassador-confirms,"Mojtaba Khamenei was hurt in strike that killed his father, Iran’s Cyprus ambassador confirms",https://www.theguardian.com/world/iran/2026/mar/11/all,True,False,True,True,False,False,False,False,False,True,False,1.0,2026-03-11
2026-03-11,https://www.theguardian.com/australia-news/2026/mar/11/sometimes-you-feel-very-sad-what-the-iranian-football-asylum-seekers-can-expect-from-life-in-australia,‘Sometimes you feel very sad’: what the Iranian football asylum seekers can expect from life in Australia,https://www.theguardian.com/world/iran/2026/mar/11/all,True,False,False,False,False,False,False,False,False,True,False,0.0,2026-03-11
2026-03-11,https://www.theguardian.com/world/2026/mar/11/severe-water-stress-why-desalination-plants-are-gulf-greatest-weakness,‘Severe water stress’: why desalination plants are the Gulf’s greatest weakness,https://www.theguardian.com/world/iran/2026/mar/11/all,False,False,False,False,False,False,False,False,False,True,False,0.0,2026-03-11
2026-03-11,https://www.theguardian.com/world/video/2026/mar/11/us-footage-strikes-mine-laying-vessels-strait-of-hormuz-video,US releases footage of strikes on mine-laying vessels in strait of Hormuz  – video,https://www.theguardian.com/world/iran/2026/mar/11/all,True,False,True,True,False,True,False,False,False,False,False,1.0,2026-03-11
2026-03-11,https://www.theguardian.com/commentisfree/2026/mar/11/us-israel-iran-plan-b-strategy-dahiya-doctrine,The US-Israeli strategy failed to defeat Iran quickly – now they are moving to plan B,https://www.theguardian.com/world/iran/2026/mar/11/all,True,False,False,False,False,False,False,False,False,False,False,0.0,2026-03-11
2026-03-11,https://www.theguardian.com/uk-news/2026/mar/11/what-is-londons-al-quds-day-march-and-why-has-the-event-been-banned,What is London’s al-Quds Day march and why has the event been banned?,https://www.theguardian.com/world/iran/2026/mar/11/all,False,False,False,False,False,False,False,False,False,True,False,0.0,2026-03-11
2026-03-11,https://www.theguardian.com/us-news/2026/mar/11/iran-leaders-us-trump-support,Iranian exile factions vie for US leaders’ blessing to lead Iran,https://www.theguardian.com/world/iran/2026/mar/11/all,True,False,False,False,False,False,False,False,False,True,False,0.0,2026-03-11
2026-03-11,https://www.theguardian.com/world/2026/mar/11/how-iran-has-used-the-strait-of-hormuz-to-throttle-oil-and-gas-a-visual-guide,How Iran has used the strait of Hormuz to throttle oil and gas – a visual guide,https://www.theguardian.com/world/iran/2026/mar/11/all,True,False,True,False,False,True,False,False,False,True,False,0.75,2026-03-11
2026-03-11,https://www.theguardian.com/politics/2026/mar/11/shabana-mahmood-approves-police-request-to-ban-al-quds-march-in-london,Shabana Mahmood approves police request to ban al-Quds march in London,https://www.theguardian.com/world/iran/2026/mar/11/all,False,False,False,False,False,False,False,False,False,True,False,0.0,2026-03-11
2026-03-11,https://www.theguardian.com/world/2026/mar/11/why-irans-vital-kharg-island-oil-hub-is-still-untouched-by-us-israel-bombers,Why Iran’s vital Kharg Island oil hub is still untouched by US-Israel bombers,https://www.theguardian.com/world/iran/2026/mar/11/all,True,False,True,True,False,True,False,False,False,True,False,1.0,2026-03-11
2026-03-11,https://www.theguardian.com/world/2026/mar/11/irans-regional-proxies-hold-back-from-all-out-war-with-us-and-israel,Iran’s regional proxies hold back from all-out war with US and Israel,https://www.theguardian.com/world/iran/2026/mar/11/all,True,False,True,False,False,False,False,False,False,True,False,0.25,2026-03-11
2026-03-11,https://www.theguardian.com/world/2026/mar/11/redeployment-us-missiles-thaad-south-korea-middle-east-seoul-iran,Hasty redeployment of US missiles from South Korea to Middle East leaves Seoul rattled,https://www.theguardian.com/world/iran/2026/mar/11/all,False,False,False,True,False,False,False,False,False,True,False,0.0,2026-03-11
2026-03-11,https://www.theguardian.com/news/audio/2026/mar/11/from-the-archive-iran-was-our-hogwarts-my-childhood-between-tehran-and-essex-podcast,From the archive: ‘Iran was our Hogwarts’: my childhood between Tehran and Essex – podcast,https://www.theguardian.com/world/iran/2026/mar/11/all,True,False,False,False,False,False,False,False,False,False,False,0.0,2026-03-11
2026-03-11,https://www.theguardian.com/commentisfree/2026/mar/11/donald-trump-war-iran-ego-trip-economic-damage,Trump’s ego-trip war has collided with economic reality but he can’t undo the damage,https://www.theguardian.com/world/iran/2026/mar/11/all,False,False,False,False,False,False,False,False,False,False,False,0.0,2026-03-11
2026-03-11,https://www.theguardian.com/australia-news/2026/mar/11/iran-womens-football-team-asylum-tony-burke-labor,Football squad member changes mind on asylum as Iran accuses Australia of holding players ‘hostage’,https://www.theguardian.com/world/iran/2026/mar/11/all,True,False,False,False,False,False,False,False,False,True,False,0.0,2026-03-11
2026-03-11,https://www.theguardian.com/world/2026/mar/11/iran-war-filipino-workers-israel,"‘If I go home, we don’t have enough money’: the low-paid Filipino workers caught up in the war on Iran",https://www.theguardian.com/world/iran/2026/mar/11/all,True,False,True,False,False,False,False,False,False,True,False,0.25,2026-03-11
2026-03-11,https://www.theguardian.com/australia-news/video/2026/mar/11/iranian-football-player-led-by-wrist-video,Iranian women’s football player led by wrist on to bus outside Gold Coast hotel – video,https://www.theguardian.com/world/iran/2026/mar/11/all,True,False,False,False,False,False,False,False,False,False,False,0.0,2026-03-11
2026-03-11,https://www.theguardian.com/commentisfree/2026/mar/11/irans-women-footballers-faced-an-impossible-choice-but-we-must-not-romanticise-what-they-are-going-through,"Iran’s female footballers faced an impossible choice, but we must not romanticise what they are going through",https://www.theguardian.com/world/iran/2026/mar/11/all,True,False,False,False,False,False,False,False,False,False,False,0.0,2026-03-11
2026-03-11,https://www.theguardian.com/football/video/2026/mar/11/iranian-womens-football-team-australia-asylum-malaysia,Iranian women’s football team land in Malaysia after teammates granted asylum in Australia – video,https://www.theguardian.com/world/iran/2026/mar/11/all,True,False,False,False,False,False,False,False,False,False,False,0.0,2026-03-11
2026-03-12,https://www.theguardian.com/us-news/2026/mar/12/israel-us-iran-war-cost,Pentagon tells lawmakers Iran war costs top $11.3bn – but true price unknown,https://www.theguardian.com/world/iran/2026/mar/12/all,True,False,True,False,False,False,False,False,False,True,False,0.25,2026-03-12
2026-03-12,https://www.theguardian.com/us-news/2026/mar/12/california-iran-threat-fbi,California officials say no imminent Iran threat found after FBI alert,https://www.theguardian.com/world/iran/2026/mar/12/all,True,False,False,False,True,False,False,False,False,True,False,0.0,2026-03-12
2026-03-12,https://www.theguardian.com/politics/2026/mar/12/linking-iran-russia-john-healey-uk-role-in-us-israel-war,"In linking Iran to Russia, Healey could be laying ground for hard choices ahead",https://www.theguardian.com/world/iran/2026/mar/12/all,True,False,False,False,False,False,False,False,False,True,False,0.0,2026-03-12
2026-03-12,https://www.theguardian.com/commentisfree/picture/2026/mar/12/ben-jennings-oscars-cartoon-los-angeles-middle-east-crisis,Ben Jennings on the Oscars – cartoon,https://www.theguardian.com/world/iran/2026/mar/12/all,False,False,False,False,False,False,False,False,False,False,False,0.0,2026-03-12
2026-03-12,https://www.theguardian.com/commentisfree/2026/mar/12/the-guardian-view-on-the-cost-of-trumps-war-the-worlds-poor-will-pay-most-dearly,The Guardian view on the cost of Trump’s war on Iran: the world’s poor will pay most dearly,https://www.theguardian.com/world/iran/2026/mar/12/all,True,False,True,False,False,False,False,False,False,False,False,0.25,2026-03-12
2026-03-12,https://www.theguardian.com/world/2026/mar/12/iran-using-russian-drone-tactics-uk-defence-secretary-john-healey,"Putin’s ‘hidden hand’ lies behind Iran’s drone tactics, UK defence secretary says",https://www.theguardian.com/world/iran/2026/mar/12/all,True,False,True,True,False,False,False,False,False,True,False,1.0,2026-03-12
2026-03-12,https://www.theguardian.com/world/2026/mar/12/israel-bombards-beirut-southern-lebanon-hezbollah,Israel strikes Beirut and orders south Lebanon evacuation as conflict mounts,https://www.theguardian.com/world/iran/2026/mar/12/all,False,False,False,True,False,False,False,False,False,True,False,0.0,2026-03-12
2026-03-12,https://www.theguardian.com/world/2026/mar/12/tehran-diary-dark-and-bitter-the-terror-of-life-under-us-bombardment,"Tehran diary: dark and bitter, the terror of life under US-Israeli bombardment",https://www.theguardian.com/world/iran/2026/mar/12/all,True,False,True,True,False,False,False,False,False,True,False,1.0,2026-03-12
2026-03-12,https://www.theguardian.com/business/2026/mar/12/middle-east-war-creating-largest-supply-disruption-in-the-history-of-oil-markets,Middle East war creating ‘largest supply disruption in the history of oil markets’,https://www.theguardian.com/world/iran/2026/mar/12/all,False,False,False,False,False,True,False,False,False,True,False,0.0,2026-03-12
2026-03-12,https://www.theguardian.com/world/video/2026/mar/12/iran-steps-up-attack-on-oil-infrastructure-in-middle-east-video-report,Iran steps up attack on oil infrastructure in Middle East - video report,https://www.theguardian.com/world/iran/2026/mar/12/all,True,False,True,True,False,True,False,False,False,False,False,1.0,2026-03-12
2026-03-12,https://www.theguardian.com/world/2026/mar/12/iran-vows-to-fight-on-in-first-message-issued-in-name-of-mojtaba-khamenei,Iran vows to fight on in first message issued in name of Mojtaba Khamenei,https://www.theguardian.com/world/iran/2026/mar/12/all,True,False,False,False,False,False,False,False,False,True,False,0.0,2026-03-12
2026-03-12,https://www.theguardian.com/us-news/2026/mar/12/trump-gas-prices-iran-war,‘We make a lot of money’: Trump downplays rise in gas prices during Iran war,https://www.theguardian.com/world/iran/2026/mar/12/all,True,False,True,False,False,True,False,False,True,False,False,0.75,2026-03-12
2026-03-12,https://www.theguardian.com/football/2026/mar/12/donald-trump-iran-status-world-cup,Donald Trump says Iran should not play in World Cup for their ‘life and safety’,https://www.theguardian.com/world/iran/2026/mar/12/all,True,False,False,False,False,False,False,False,False,True,False,0.0,2026-03-12
2026-03-12,https://www.theguardian.com/world/2026/mar/12/dismay-as-ancient-heritage-sites-across-iran-damaged-in-us-israel-bombing,Dismay as ancient heritage sites across Iran damaged in US-Israel bombing,https://www.theguardian.com/world/iran/2026/mar/12/all,True,False,True,True,False,False,False,False,False,True,False,1.0,2026-03-12
2026-03-12,https://www.theguardian.com/commentisfree/2026/mar/12/war-iran-world-war-3-discussion,Fears about nuclear war are reaching a fever pitch. Another grim sign of the times,https://www.theguardian.com/world/iran/2026/mar/12/all,False,False,False,False,True,False,False,False,False,False,False,0.0,2026-03-12
2026-03-12,https://www.theguardian.com/world/2026/mar/12/russia-fossil-fuels-revenue-us-israel-war-iran-data,"Russia earned €6bn from fossil fuel exports since start of Iran war, data suggests",https://www.theguardian.com/world/iran/2026/mar/12/all,True,False,True,False,False,False,False,False,False,True,False,0.25,2026-03-12
2026-03-12,https://www.theguardian.com/world/2026/mar/12/iran-war-trump-gas-price-promise,"Iran war punctures Trump’s ‘drill, baby, drill’ promise on US gas prices, experts say",https://www.theguardian.com/world/iran/2026/mar/12/all,True,False,True,False,False,True,False,False,True,False,False,0.75,2026-03-12
2026-03-12,https://www.theguardian.com/commentisfree/2026/mar/12/us-israel-iran-war-trump-american-values,The war in Iran is an American failure. What do we do now?,https://www.theguardian.com/world/iran/2026/mar/12/all,True,False,True,False,False,False,False,False,False,False,False,0.25,2026-03-12
2026-03-12,https://www.theguardian.com/world/2026/mar/12/iran-group-hack-medical-company-minab-school,Iran-linked group says it hacked US company in retaliation for Minab school bombing,https://www.theguardian.com/world/iran/2026/mar/12/all,True,False,True,True,False,False,False,False,False,True,False,1.0,2026-03-12
2026-03-12,https://www.theguardian.com/world/2026/mar/12/israel-iran-us-attack-no-plan-for-regime-change-security-sources,"We attacked Iran with no clear plan for regime change, Israeli security sources say",https://www.theguardian.com/world/iran/2026/mar/12/all,True,False,True,True,False,False,False,False,False,True,False,1.0,2026-03-12
2026-03-12,https://www.theguardian.com/commentisfree/2026/mar/12/israel-us-iran-war-trump-netanyahu,Israel and the US are fighting Iran together. Are they on the same page though?,https://www.theguardian.com/world/iran/2026/mar/12/all,True,False,False,False,False,False,False,False,False,False,False,0.0,2026-03-12
2026-03-12,https://www.theguardian.com/australia-news/2026/mar/12/iranian-regime-linked-handler-alleged-death-threat-investigated,Iranian regime-linked handler investigated by Australian police over alleged death threat,https://www.theguardian.com/world/iran/2026/mar/12/all,True,False,False,False,True,False,False,False,False,True,False,0.0,2026-03-12
2026-03-12,https://www.theguardian.com/world/2026/mar/12/thursday-briefing-first-edition-trump-netanyahu-us-israel-war-in-iran-whats-next,Thursday briefing: What an Iran negotiator thinks could happen next – and why Trump still has an off-ramp,https://www.theguardian.com/world/iran/2026/mar/12/all,True,False,True,False,False,False,True,False,False,True,True,-0.75,2026-03-12
2026-03-12,https://www.theguardian.com/commentisfree/2026/mar/12/children-killed-school-graveyard-wartime-iran,"Children killed, a school turned into a graveyard: even in wartime, we can’t accept this",https://www.theguardian.com/world/iran/2026/mar/12/all,False,False,False,True,False,False,False,False,False,False,False,0.0,2026-03-12
2026-03-12,https://www.theguardian.com/world/2026/mar/12/gordon-brown-calls-for-international-criminal-court-for-crimes-against-children,Gordon Brown calls for international criminal court for crimes against children,https://www.theguardian.com/world/iran/2026/mar/12/all,False,False,False,False,False,False,False,False,False,True,False,0.0,2026-03-12
2026-03-12,https://www.theguardian.com/world/video/2026/mar/12/iranian-boat-attacks-iraqi-waters-fuel-tankers,Fuel tankers burst into flames in Iraqi waters after suspected Iranian boat attacks – video,https://www.theguardian.com/world/iran/2026/mar/12/all,True,False,True,True,False,True,False,False,False,False,False,1.0,2026-03-12
2026-03-13,https://www.theguardian.com/world/2026/mar/13/trump-calls-iran-leaders-deranged-scumbags-middle-east-violence,Trump calls Iran leaders ‘deranged scumbags’ as Middle East violence spirals,https://www.theguardian.com/world/iran/2026/mar/13/all,True,False,False,False,False,False,False,False,False,True,False,0.0,2026-03-13
2026-03-13,https://www.theguardian.com/commentisfree/2026/mar/13/the-guardian-view-on-the-iran-war-and-international-law-its-worse-than-a-mistake-its-a,The Guardian view on the Iran war and international law: it’s worse than a mistake; it’s a crime,https://www.theguardian.com/world/iran/2026/mar/13/all,True,False,True,False,False,False,False,False,False,False,False,0.25,2026-03-13
2026-03-13,https://www.theguardian.com/commentisfree/picture/2026/mar/13/ella-baron-cartoon-war-middle-east-donald-trump-us-iran,"Ella Baron on Trump, Netanyahu and the victims of the war in the Middle East – cartoon",https://www.theguardian.com/world/iran/2026/mar/13/all,False,False,False,False,False,False,False,False,False,False,False,0.0,2026-03-13
2026-03-13,https://www.theguardian.com/us-news/2026/mar/13/goal-plan-iran-war-military,"‘No clear goal’: lack of Iran war plan has unleashed chaos and could stymie US military for decades, say critics",https://www.theguardian.com/world/iran/2026/mar/13/all,True,False,True,False,True,False,False,False,False,True,False,0.5,2026-03-13
2026-03-13,https://www.theguardian.com/commentisfree/2026/mar/13/donald-trump-iran-war-total-disaster,"Even taking Trump’s confused reasons for the Iran war at face value, it’s still a total disaster",https://www.theguardian.com/world/iran/2026/mar/13/all,True,False,True,False,False,False,False,False,False,False,False,0.25,2026-03-13
2026-03-13,https://www.theguardian.com/us-news/2026/mar/13/pete-hegseth-iran-was-us-press,Pete Hegseth attacks media for not being positive enough about US attacks on Iran,https://www.theguardian.com/world/iran/2026/mar/13/all,True,False,True,True,False,False,False,False,False,True,False,1.0,2026-03-13
2026-03-13,https://www.theguardian.com/culture/2026/mar/13/jimmy-kimmel-trump-olympic-medal-melania-iran-oil,Jimmy Kimmel on Trump being gifted an Olympic medal: ‘Yet another award he didn’t win’,https://www.theguardian.com/world/iran/2026/mar/13/all,False,False,False,False,False,False,False,False,False,True,False,0.0,2026-03-13
2026-03-13,https://www.theguardian.com/news/gallery/2026/mar/13/lava-flow-snow-geese-and-oscars-prep-photos-of-the-day-friday,"Snow geese, a lava flow and Oscars prep: photos of the day – Friday",https://www.theguardian.com/world/iran/2026/mar/13/all,False,False,False,False,False,False,False,False,False,False,False,0.0,2026-03-13
2026-03-13,https://www.theguardian.com/commentisfree/2026/mar/13/trump-iran-war-imperial-presidency,Trump’s war in Iran marks the culmination of his imperial presidency,https://www.theguardian.com/world/iran/2026/mar/13/all,True,False,True,False,False,False,False,False,False,False,False,0.25,2026-03-13
2026-03-13,https://www.theguardian.com/us-news/2026/mar/13/detroit-michigan-gas-prices,‘I don’t give a shit about Iran. I don’t want to pay higher gas’: Motor City motorists feel pinch as gas prices surge,https://www.theguardian.com/world/iran/2026/mar/13/all,True,False,False,False,False,True,False,False,True,False,False,0.0,2026-03-13
2026-03-13,https://www.theguardian.com/commentisfree/2026/mar/13/ai-generated-fake-iran-images,AI-generated Iran images are widespread. How do we know what to believe?,https://www.theguardian.com/world/iran/2026/mar/13/all,True,False,False,False,False,False,False,False,False,False,False,0.0,2026-03-13
2026-03-13,https://www.theguardian.com/commentisfree/2026/mar/13/trump-iran-weakness,Trump is the weakest he’s ever been. That makes him so dangerous on Iran,https://www.theguardian.com/world/iran/2026/mar/13/all,True,False,False,False,False,False,False,False,False,False,False,0.0,2026-03-13
2026-03-13,https://www.theguardian.com/us-news/2026/mar/13/david-mccloskey-persian-book,Ex-CIA analyst David McCloskey on the Mossad’s intelligence inside Iran: ‘I was surprised’,https://www.theguardian.com/world/iran/2026/mar/13/all,True,False,False,False,False,False,False,False,False,True,False,0.0,2026-03-13
2026-03-13,https://www.theguardian.com/world/2026/mar/13/pentagon-maga-journalists-iran-war,Has the pro-Maga media turned on the Pentagon over Iran?,https://www.theguardian.com/world/iran/2026/mar/13/all,True,False,False,False,False,False,False,False,False,True,False,0.0,2026-03-13
2026-03-13,https://www.theguardian.com/commentisfree/2026/mar/13/king-charles-state-visit-us-donald-trump-military,The king’s visit to the US must go ahead despite Trump’s terrible military aggression,https://www.theguardian.com/world/iran/2026/mar/13/all,False,False,False,False,True,False,False,False,False,False,False,0.0,2026-03-13
2026-03-13,https://www.theguardian.com/football/2026/mar/13/iran-2026-world-cup-status-explainer,Will Iran play at the 2026 World Cup? Explaining the state of play,https://www.theguardian.com/world/iran/2026/mar/13/all,True,False,False,False,False,False,False,False,False,True,False,0.0,2026-03-13
2026-03-13,https://www.theguardian.com/politics/audio/2026/mar/13/could-the-us-military-turn-on-trump-podcast,Could the US military turn on Trump? – podcast,https://www.theguardian.com/world/iran/2026/mar/13/all,False,False,False,False,True,False,False,False,False,False,False,0.0,2026-03-13
2026-03-13,https://www.theguardian.com/australia-news/2026/mar/13/former-iranian-diplomat-granted-asylum-in-australia-after-defecting-ntwnfb,Former Iranian diplomat was granted asylum in Australia after defecting,https://www.theguardian.com/world/iran/2026/mar/13/all,True,False,False,False,False,False,False,False,False,True,False,0.0,2026-03-13
2026-03-14,https://www.theguardian.com/world/2026/mar/14/us-kharg-island-oil-export-hub,Trump says US may strike Iran’s Kharg Island oil export hub ‘just for fun’,https://www.theguardian.com/world/iran/2026/mar/14/all,True,False,True,True,False,True,False,False,False,True,False,1.0,2026-03-16
2026-03-14,https://www.theguardian.com/world/2026/mar/14/us-service-members-killed-identified,Pentagon identifies six US service members killed in aircraft crash over Iraq,https://www.theguardian.com/world/iran/2026/mar/14/all,False,False,False,True,False,False,False,False,False,True,False,0.0,2026-03-16
2026-03-14,https://www.theguardian.com/us-news/2026/mar/14/fcc-broadcast-permits-iran-war-news,FCC chair threatens to throttle news broadcasts over ‘hoaxes’ about Iran war,https://www.theguardian.com/world/iran/2026/mar/14/all,True,False,True,False,True,False,False,False,False,True,False,0.5,2026-03-16
2026-03-14,https://www.theguardian.com/world/2026/mar/14/trump-iran-war,How the war in Iran and its economic fallout could lead to Trump’s defeat,https://www.theguardian.com/world/iran/2026/mar/14/all,True,False,True,False,False,False,False,False,False,True,False,0.25,2026-03-16
2026-03-14,https://www.theguardian.com/world/2026/mar/14/gulf-strait-of-hormuz-nightmare-anger-frustration-at-us,‘Worst nightmare’: anger and frustration as Gulf states bear brunt of war they did not start,https://www.theguardian.com/world/iran/2026/mar/14/all,False,False,False,False,False,False,False,False,False,True,False,0.0,2026-03-16
2026-03-14,https://www.theguardian.com/us-news/2026/mar/14/jolene-doctrine-us-foreign-policy-stanley-mcchrystal,The ‘Jolene doctrine’: retired US army general likens Trump foreign policy to Dolly Parton song,https://www.theguardian.com/world/iran/2026/mar/14/all,False,False,False,False,False,False,False,False,False,True,False,0.0,2026-03-16
2026-03-14,https://www.theguardian.com/world/video/2026/mar/14/donald-trump-posts-videos-of-strikes-on-kharg-island-video,Donald Trump posts videos of strikes on Kharg Island – video,https://www.theguardian.com/world/iran/2026/mar/14/all,True,False,True,True,False,False,False,False,False,False,False,1.0,2026-03-16
2026-03-14,https://www.theguardian.com/world/2026/mar/14/global-food-supplies-iran-war-fertiliser-yara-svein-tore-holsether,"Global food supplies could be badly hit if Iran war drags on, says fertiliser boss",https://www.theguardian.com/world/iran/2026/mar/14/all,True,False,True,False,False,False,False,False,False,True,False,0.25,2026-03-16
2026-03-14,https://www.theguardian.com/us-news/2026/mar/14/trump-iran-war-chaos,Trump wages war on Iran his own way: commander-in-chaos,https://www.theguardian.com/world/iran/2026/mar/14/all,True,False,True,False,False,False,False,False,False,True,False,0.25,2026-03-16
2026-03-14,https://www.theguardian.com/commentisfree/2026/mar/14/trump-iran-vietnam,Trump faces a ‘personal Vietnam’ in Iran,https://www.theguardian.com/world/iran/2026/mar/14/all,True,False,False,False,False,False,False,False,False,False,False,0.0,2026-03-16
2026-03-14,https://www.theguardian.com/world/2026/mar/14/anti-regime-iranians-turn-on-trump-us,‘You are all worse than each other’: anti-regime Iranians turn on Trump,https://www.theguardian.com/world/iran/2026/mar/14/all,True,False,False,False,False,False,False,False,False,True,False,0.0,2026-03-16
2026-03-14,https://www.theguardian.com/commentisfree/2026/mar/14/iran-revolution-foreign-western-journalist-khomeini,I had a ringside seat for the Iranian revolution. Foreign meddling didn’t work then either,https://www.theguardian.com/world/iran/2026/mar/14/all,True,False,False,False,False,False,False,False,False,False,False,0.0,2026-03-16
2026-03-14,https://www.theguardian.com/politics/2026/mar/14/yvette-cooper-uk-foreign-secretary-iran-us-war,Foreign secretary Yvette Cooper: ‘Making decisions based on what the US do or say doesn’t feel like sensible foreign policy’,https://www.theguardian.com/world/iran/2026/mar/14/all,False,False,False,False,False,False,False,False,False,True,False,0.0,2026-03-16
2026-03-14,https://www.theguardian.com/politics/2026/mar/14/starmer-trump-iran-middle-east-us-israel-conflict-britain,‘Could be the making of him’: Starmer’s allies praise stance on Trump and Iran,https://www.theguardian.com/world/iran/2026/mar/14/all,True,False,False,False,False,False,False,False,False,True,False,0.0,2026-03-16
2026-03-14,https://www.theguardian.com/world/2026/mar/14/how-iran-war-escalate-vietnam-trump-netanyahu-us-israel,The escalation trap: how the Iran war could become more costly and complex,https://www.theguardian.com/world/iran/2026/mar/14/all,True,False,True,False,True,False,False,False,False,True,False,0.5,2026-03-16
2026-03-15,https://www.theguardian.com/world/2026/mar/15/uk-plans-minesweeping-drones-help-reopen-strait-hormuz,UK plans to send minesweeping drones to help reopen strait of Hormuz,https://www.theguardian.com/world/iran/2026/mar/15/all,True,False,True,True,False,True,False,False,False,True,False,1.0,2026-03-16
2026-03-15,https://www.theguardian.com/world/2026/mar/15/initiative-may-be-slipping-away-from-us-and-israel-as-middle-east-crisis-deepens,Initiative may be slipping away from US and Israel as Middle East crisis deepens,https://www.theguardian.com/world/iran/2026/mar/15/all,False,False,False,False,False,False,False,False,False,True,False,0.0,2026-03-16
2026-03-15,https://www.theguardian.com/world/2026/mar/15/us-israel-iran-war-donald-trump-ceasefire-deal-new-attacks,"US not ready to seek deal to end war with Iran, Donald Trump says",https://www.theguardian.com/world/iran/2026/mar/15/all,True,False,True,False,False,False,True,True,False,True,False,0.5,2026-03-16
2026-03-15,https://www.theguardian.com/world/2026/mar/15/iranians-embrace-anthem-by-ai-singer-created-by-uk-based-iran-born-artist,"Iranians embrace anthem by AI singer created by UK-based, Iran-born artist",https://www.theguardian.com/world/iran/2026/mar/15/all,True,False,False,False,False,False,False,False,False,True,False,0.0,2026-03-16
2026-03-15,https://www.theguardian.com/world/2026/mar/15/cory-booker-trump-war-powers-congress,Cory Booker calls both parties ‘feckless’ for ceding war powers to Trump,https://www.theguardian.com/world/iran/2026/mar/15/all,False,False,False,False,False,False,False,False,False,True,False,0.0,2026-03-16
2026-03-15,https://www.theguardian.com/world/2026/mar/15/us-iran-war-terrorist-attack,War on Iran may provoke a terrorist attack in US – and that may be the point,https://www.theguardian.com/world/iran/2026/mar/15/all,True,False,True,True,False,False,False,False,False,True,False,1.0,2026-03-16
2026-03-15,https://www.theguardian.com/commentisfree/picture/2026/mar/15/nicola-jennings-donald-trump-iran-war-strategy-cartoon,Nicola Jennings on Trump’s Iran war strategy – cartoon,https://www.theguardian.com/world/iran/2026/mar/15/all,True,False,True,False,False,False,False,False,False,False,False,0.25,2026-03-16
2026-03-15,https://www.theguardian.com/science/2026/mar/15/a-royal-rule-of-thumb-for-measurements,A royal rule of thumb for measurements,https://www.theguardian.com/world/iran/2026/mar/15/all,False,False,False,False,False,False,False,False,False,True,False,0.0,2026-03-16
2026-03-15,https://www.theguardian.com/world/2026/mar/15/uk-china-japan-countries-debating-strait-of-hormuz-ships-iran-you-now,Trump’s call for allied deployment to strait of Hormuz meets muted response,https://www.theguardian.com/world/iran/2026/mar/15/all,True,False,True,False,True,True,False,False,False,True,False,1.0,2026-03-16
2026-03-15,https://www.theguardian.com/business/2026/mar/15/middle-east-oilfield-shutdowns-prices-high-iran-war-strait-of-hormuz,Beyond the strait: why attacks on Kharg Island could keep oil prices high,https://www.theguardian.com/world/iran/2026/mar/15/all,True,False,True,True,False,True,False,False,True,False,False,1.0,2026-03-16
2026-03-15,https://www.theguardian.com/australia-news/2026/mar/15/iran-womens-football-squad-members-decide-to-return-home-australia-asylum-visas-tony-burke,Four Iranian women’s team members set to return home after being granted asylum in Australia,https://www.theguardian.com/world/iran/2026/mar/15/all,True,False,False,False,False,False,False,False,False,True,False,0.0,2026-03-16
2026-03-15,https://www.theguardian.com/world/2026/mar/15/us-attack-iris-dena-undermines-indian-security-ties-iran,‘Bit of treachery’: US attack on IRIS Dena undermines Indian security ties,https://www.theguardian.com/world/iran/2026/mar/15/all,False,False,False,True,False,False,False,False,False,True,False,0.0,2026-03-16
2026-03-15,https://www.theguardian.com/us-news/ng-interactive/2026/mar/15/ai-defense-warfare-companies,"These aren’t AI firms, they’re defense contractors. We can’t let them hide behind their models",https://www.theguardian.com/world/iran/2026/mar/15/all,False,False,False,False,False,False,False,False,False,True,False,0.0,2026-03-16
2026-03-15,https://www.theguardian.com/world/2026/mar/15/iran-war-conflicting-statements-second-week,Conflicting US statements in the second week of the war on Iran – a timeline,https://www.theguardian.com/world/iran/2026/mar/15/all,True,False,True,False,False,False,False,False,False,True,False,0.25,2026-03-16
2026-03-15,https://www.theguardian.com/business/2026/mar/15/labour-cushion-poorest-iran-war-economic-fallout-trumpflation,Relief for some of Britain’s poorest lands at right moment to cushion Iran aftershocks,https://www.theguardian.com/world/iran/2026/mar/15/all,True,False,False,False,False,False,False,False,False,True,False,0.0,2026-03-16
2026-03-15,https://www.theguardian.com/commentisfree/2026/mar/15/us-iran-war-donald-trump-failure,Here’s the news from Iran – Donald Trump is making America lose wars again,https://www.theguardian.com/world/iran/2026/mar/15/all,True,False,True,False,False,False,False,False,False,False,False,0.25,2026-03-16
2026-03-15,https://www.theguardian.com/world/2026/mar/15/uk-ships-mine-hunting-drones-strait-of-hormuz-iran-ed-miliband,"UK may send ships and mine-hunting drones to help open strait of Hormuz, says Miliband",https://www.theguardian.com/world/iran/2026/mar/15/all,True,False,True,True,False,True,False,False,False,True,False,1.0,2026-03-16
2026-03-15,https://www.theguardian.com/us-news/2026/mar/15/trump-iran-war-truth-social-pictures,‘War leader’ Trump fixates on trivial matters as Iran death toll mounts,https://www.theguardian.com/world/iran/2026/mar/15/all,True,False,True,False,False,False,False,False,False,True,False,0.25,2026-03-16
2026-03-15,https://www.theguardian.com/australia-news/live/2026/mar/15/federal-politics-jim-chalmers-anthony-albanese-labor-angus-taylor-matt-canavan-coalition-barnaby-joyce-one-nation-iran-womens-football-team-asylum-offers-ntwnfb,‘Blue-sky flood’ as waters reach outskirts of Longreach – as it happened,https://www.theguardian.com/world/iran/2026/mar/15/all,False,False,False,False,False,False,False,False,False,False,False,0.0,2026-03-16
2026-03-15,https://www.theguardian.com/us-news/2026/mar/15/trump-administration-news-updates-today,Trump news at a glance: president says Iran’s Kharg Island ‘demolished’ and threatens more strikes ‘just for fun’,https://www.theguardian.com/world/iran/2026/mar/15/all,True,False,True,True,True,False,False,False,False,True,False,1.0,2026-03-16
2026-03-15,https://www.theguardian.com/business/2026/mar/15/no-recession-but-inflation-hike-and-increased-cost-of-living-pressure-on-the-way-jim-chalmers-says,"No recession but inflation hike and increased cost-of-living pressure on the way, Jim Chalmers says",https://www.theguardian.com/world/iran/2026/mar/15/all,False,False,False,False,False,False,False,False,True,False,False,0.0,2026-03-16
2026-03-16,https://www.theguardian.com/us-news/2026/mar/16/trump-china-summit-iran-war,Trump seeks to delay China summit as Vance denies ‘wedge’ over Iran war,https://www.theguardian.com/world/iran/2026/mar/16/all,True,False,True,False,False,False,False,False,False,True,False,0.25,2026-03-16
2026-03-16,https://www.theguardian.com/us-news/2026/mar/16/us-troops-iran-war,"At least 200 American troops wounded in Iran war, US military says",https://www.theguardian.com/world/iran/2026/mar/16/all,True,False,True,False,True,False,False,False,False,True,False,0.5,2026-03-16
2026-03-16,https://www.theguardian.com/world/2026/mar/16/gulf-states-may-be-covertly-encouraging-attacks-by-us-irans-foreign-minister-says,"Gulf states may be covertly encouraging attacks by US, Iran foreign minister says",https://www.theguardian.com/world/iran/2026/mar/16/all,True,False,True,True,False,False,False,False,False,True,False,1.0,2026-03-16
2026-03-16,https://www.theguardian.com/world/2026/mar/16/europe-donald-trump-strait-hormuz-iran,European countries reject Trump’s call for help to reopen strait of Hormuz,https://www.theguardian.com/world/iran/2026/mar/16/all,True,False,True,False,False,True,False,False,False,True,False,0.75,2026-03-16
2026-03-16,https://www.theguardian.com/world/2026/mar/16/starmer-distances-uk-from-iran-war-as-eu-leaders-rule-out-sending-warships,Starmer distances UK from Iran war as EU leaders rule out sending warships,https://www.theguardian.com/world/iran/2026/mar/16/all,True,False,True,False,False,False,False,False,False,True,False,0.25,2026-03-16
2026-03-16,https://www.theguardian.com/us-news/2026/mar/16/trump-fcc-chair-broadcast-license-threat-iran-war,Trump backs FCC chair’s threat to pull licenses of news outlets over Iran war coverage,https://www.theguardian.com/world/iran/2026/mar/16/all,True,False,True,False,True,False,False,False,False,True,False,0.5,2026-03-16
2026-03-16,https://www.theguardian.com/world/2026/mar/16/sri-lanka-four-day-week-oil-and-gas-iran-war,Sri Lanka brings in four-day week to eke out stocks of oil and gas hit by Iran war,https://www.theguardian.com/world/iran/2026/mar/16/all,True,False,True,False,False,True,False,False,True,False,False,0.75,2026-03-16
2026-03-16,https://www.theguardian.com/commentisfree/2026/mar/16/the-guardian-view-on-trumps-war-with-iran-if-the-us-is-winning-why-ask-nato-for-help,"The Guardian view on Trump’s war with Iran: if the US is winning, why ask Nato for help?",https://www.theguardian.com/world/iran/2026/mar/16/all,True,False,True,False,False,False,False,False,False,False,False,0.25,2026-03-16
2026-03-16,https://www.theguardian.com/politics/2026/mar/16/starmer-speech-on-iran-leaves-reform-uk-and-the-tories-playing-catch-up,One day Keir Starmer might say what he really thinks of Trump. But not today,https://www.theguardian.com/world/iran/2026/mar/16/all,False,False,False,False,False,False,False,False,False,True,False,0.0,2026-03-16
2026-03-16,https://www.theguardian.com/politics/live/2026/mar/16/keir-starmer-donald-trump-iran-nato-oil-cost-of-living-latest-news-updates,Trump says he is ‘not happy’ with UK as he criticises Starmer for being overly reliant on advisers – as it happened,https://www.theguardian.com/world/iran/2026/mar/16/all,False,False,False,False,False,False,False,False,False,False,False,0.0,2026-03-16
2026-03-16,https://www.theguardian.com/world/2026/mar/16/donald-trump-nato-threats-glaring-absence-iran-strategy,Trump’s threats to Nato reveal glaring absence of any strategy on Iran,https://www.theguardian.com/world/iran/2026/mar/16/all,True,False,False,False,True,False,False,False,False,True,False,0.0,2026-03-16
2026-03-16,https://www.theguardian.com/commentisfree/picture/2026/mar/16/ben-jennings-donald-trumps-plea-european-support-for-his-war-on-iran-cartoon,Ben Jennings on Donald Trump’s plea for European support for his war on Iran – cartoon,https://www.theguardian.com/world/iran/2026/mar/16/all,True,False,True,False,False,False,False,False,False,False,False,0.25,2026-03-16
2026-03-16,https://www.theguardian.com/news/video/2026/mar/16/could-trump-blow-up-nato-over-iran-war-the-latest,Could Trump blow up Nato over Iran war? – The Latest,https://www.theguardian.com/world/iran/2026/mar/16/all,True,False,True,False,False,False,False,False,False,False,False,0.25,2026-03-16
2026-03-16,https://www.theguardian.com/society/2026/mar/16/childs-play-blame-it-all-on-the-dog,Child’s play: blame it all on the dog,https://www.theguardian.com/world/iran/2026/mar/16/all,False,False,False,False,False,False,False,False,False,True,False,0.0,2026-03-16
2026-03-16,https://www.theguardian.com/news/audio/2026/mar/16/could-trump-blow-up-nato-over-iran-war-the-latest,Could Trump blow up Nato over Iran war? – The Latest,https://www.theguardian.com/world/iran/2026/mar/16/all,True,False,True,False,False,False,False,False,False,False,False,0.25,2026-03-16
2026-03-16,https://www.theguardian.com/commentisfree/2026/mar/16/iran-strait-of-hormuz-blockade-trump-israel,Iran’s Hormuz blockade is its most powerful card against Trump and Israel. It won’t back down easily,https://www.theguardian.com/world/iran/2026/mar/16/all,True,False,True,True,False,True,False,False,False,False,False,1.0,2026-03-16
2026-03-16,https://www.theguardian.com/world/2026/mar/16/uk-will-not-be-drawn-into-wider-war-in-middle-east-says-keir-starmer,"UK will not be drawn into wider war in Middle East, says Keir Starmer",https://www.theguardian.com/world/iran/2026/mar/16/all,False,False,False,False,False,False,False,False,False,True,False,0.0,2026-03-16
2026-03-16,https://www.theguardian.com/politics/video/2026/mar/16/uk-will-not-be-drawn-into-wider-war-over-iran-says-keir-starmer-video,"UK ‘will not be drawn into wider war’ over Iran, says Starmer – video",https://www.theguardian.com/world/iran/2026/mar/16/all,True,False,True,False,False,False,False,False,False,False,False,0.25,2026-03-16
2026-03-16,https://www.theguardian.com/us-news/2026/mar/16/epstein-files-trump-iran-war,‘Attention will swing back’: Epstein outrage unlikely to subside despite Trump’s Iran war,https://www.theguardian.com/world/iran/2026/mar/16/all,True,False,True,False,False,False,False,False,False,True,False,0.25,2026-03-16
2026-03-16,https://www.theguardian.com/australia-news/2026/mar/16/fifth-iranian-football-player-leaves-australia-after-initially-accepting-offer-of-asylum,Captain of Iranian women’s football team leaves Australia after initially accepting offer of asylum,https://www.theguardian.com/world/iran/2026/mar/16/all,True,False,False,False,False,False,False,False,False,True,False,0.0,2026-03-16
2026-03-16,https://www.theguardian.com/commentisfree/2026/mar/16/war-iran-gulf-west-palestine-occupation-us,"War in Iran, chaos in the Gulf, repression in the west: and the thread that binds them all is Palestine",https://www.theguardian.com/world/iran/2026/mar/16/all,True,False,True,False,False,False,False,False,False,False,False,0.25,2026-03-16
2026-03-16,https://www.theguardian.com/news/audio/2026/mar/16/el-guapo-spanish-pm-standing-up-to-trump-pedro-sanchez-podcast,‘El Guapo’: The Spanish PM standing up to Trump – podcast,https://www.theguardian.com/world/iran/2026/mar/16/all,False,False,False,False,False,False,False,False,False,False,False,0.0,2026-03-16
2026-03-17,https://www.theguardian.com/world/2026/mar/17/irans-security-chief-ali-larijani-killed-in-airstrike-israel-says,"Iran’s national security council confirms death of its chief, Ali Larijani",https://www.theguardian.com/world/iran/2026/mar/17/all,True,False,False,False,False,False,False,False,False,True,False,0.0,2026-03-17
2026-03-17,https://www.theguardian.com/us-news/2026/mar/17/democrats-windfall-tax-fossil-fuel-companies-iran-war,Democrats urge windfall tax as big oil set to make billions from Iran war,https://www.theguardian.com/world/iran/2026/mar/17/all,True,False,True,False,False,True,False,False,False,True,False,0.75,2026-03-17
2026-03-17,https://www.theguardian.com/world/2026/mar/17/europe-must-prepare-for-drone-strikes-volodymyr-zelenskyy,"Europe must prepare for drone strikes by terrorists and criminals, warns Zelenskyy",https://www.theguardian.com/world/iran/2026/mar/17/all,False,False,False,True,True,False,False,False,False,True,False,0.0,2026-03-17
2026-03-17,https://www.theguardian.com/commentisfree/picture/2026/mar/17/ella-baron-donald-trump-war-iran-cartoon,Ella Baron on Vladimir Putin and the benefits to Russia of war in Iran – cartoon,https://www.theguardian.com/world/iran/2026/mar/17/all,True,False,True,False,False,False,False,False,False,False,False,0.25,2026-03-17
2026-03-17,https://www.theguardian.com/politics/live/2026/mar/17/uk-us-starmer-trump-king-charles-state-visit-iran-war-zelenskyy-ukraine-latest-news-updates,Zelenskyy says Europe is a ‘global force’ that can stand against any other power in address to MPs – as it happened,https://www.theguardian.com/world/iran/2026/mar/17/all,False,False,False,False,False,False,False,False,False,False,False,0.0,2026-03-17
2026-03-17,https://www.theguardian.com/news/video/2026/mar/17/key-iran-leader-killed-what-does-it-mean-for-war-the-latest,Key Iran leader ‘killed’: what does it mean for war? - The Latest,https://www.theguardian.com/world/iran/2026/mar/17/all,True,False,True,True,False,False,False,False,False,False,False,1.0,2026-03-17
2026-03-17,https://www.theguardian.com/news/audio/2026/mar/17/iran-security-chief-killed-what-does-it-mean-for-war-the-latest,Key Iran leader killed: what does it mean for the war? - The Latest,https://www.theguardian.com/world/iran/2026/mar/17/all,True,False,True,True,False,False,False,False,False,False,False,1.0,2026-03-17
2026-03-17,https://www.theguardian.com/politics/2026/mar/17/uk-nationals-flown-back-from-iran-since-start-of-conflict,"UK nationals fleeing Middle East reach 100,000 as evacuation efforts continue",https://www.theguardian.com/world/iran/2026/mar/17/all,False,False,False,False,False,False,False,False,False,True,False,0.0,2026-03-17
2026-03-17,https://www.theguardian.com/politics/video/2026/mar/17/starmer-tells-zelenskyy-that-focus-must-remain-on-ukraine-video,Starmer tells Zelenskyy that 'focus must remain on Ukraine' – video,https://www.theguardian.com/world/iran/2026/mar/17/all,False,False,False,False,False,False,False,False,False,False,False,0.0,2026-03-17
2026-03-17,https://www.theguardian.com/world/2026/mar/17/ali-larijani-influence-iran-profile,Death of influential Ali Larijani could be bigger loss to Iran than Khamenei,https://www.theguardian.com/world/iran/2026/mar/17/all,True,False,False,False,False,False,False,False,False,True,False,0.0,2026-03-17
2026-03-17,https://www.theguardian.com/culture/2026/mar/17/jimmy-kimmel-trump-iran-hegseth,Jimmy Kimmel on Trump: ‘He uses his bones to feel things instead of his brain’,https://www.theguardian.com/world/iran/2026/mar/17/all,False,False,False,False,False,False,False,False,False,True,False,0.0,2026-03-17
2026-03-17,https://www.theguardian.com/world/2026/mar/17/two-men-court-murder-iranian-activist-canada,Man and woman charged with murder of Iranian activist in Canada,https://www.theguardian.com/world/iran/2026/mar/17/all,True,False,False,False,False,False,False,False,False,True,False,0.0,2026-03-17
2026-03-17,https://www.theguardian.com/world/2026/mar/17/uk-security-adviser-attended-us-iran-talks-and-judged-deal-was-within-reach,UK security adviser ‘attended’ US-Iran talks and judged deal was within reach,https://www.theguardian.com/world/iran/2026/mar/17/all,True,False,True,False,False,False,True,False,False,True,True,-0.75,2026-03-17
2026-03-17,https://www.theguardian.com/world/video/2026/mar/17/air-attacks-target-us-embassy-in-baghdad-video,Air attacks target US embassy in Baghdad – video,https://www.theguardian.com/world/iran/2026/mar/17/all,False,False,False,True,False,False,False,False,False,False,False,0.0,2026-03-17
2026-03-17,https://www.theguardian.com/commentisfree/2026/mar/17/trump-iran-war-cost-americans-11-billion,Trump’s Iran war has cost Americans at least $11bn already. And that’s just the start,https://www.theguardian.com/world/iran/2026/mar/17/all,True,False,True,False,False,False,False,False,False,False,False,0.25,2026-03-17
2026-03-17,https://www.theguardian.com/world/2026/mar/17/first-edition-iran-dubai-uae-qatar,Tuesday briefing: How the conflict in Iran shattered the Gulf state image of peace and luxury,https://www.theguardian.com/world/iran/2026/mar/17/all,True,False,True,False,False,False,True,False,False,True,True,-0.75,2026-03-17
2026-03-17,https://www.theguardian.com/news/audio/2026/mar/17/will-the-strait-of-hormuz-torpedo-trumps-war-podcast,Will the strait of Hormuz torpedo Trump’s war? – podcast,https://www.theguardian.com/world/iran/2026/mar/17/all,True,False,True,False,False,True,False,False,False,False,False,0.75,2026-03-17
2026-03-17,https://www.theguardian.com/commentisfree/2026/mar/17/iranian-womens-football-team-choose-between-sport-safety,Iranian women’s footballers shouldn’t have to choose between their sport and their safety,https://www.theguardian.com/world/iran/2026/mar/17/all,True,False,False,False,False,False,False,False,False,False,False,0.0,2026-03-17
2026-03-18,https://www.theguardian.com/world/2026/mar/18/iran-intelligence-minister-esmail-khatib-killed-israel-claims,Israel strikes Iran’s South Pars gasfield hours after forces kill intelligence minister,https://www.theguardian.com/world/iran/2026/mar/18/all,True,False,True,True,False,False,False,False,False,True,False,1.0,2026-03-18
2026-03-18,https://www.theguardian.com/world/2026/mar/18/uk-says-it-remains-in-talks-over-escorting-ships-through-strait-of-hormuz,UK says it remains in talks over escorting ships through strait of Hormuz,https://www.theguardian.com/world/iran/2026/mar/18/all,True,False,True,False,False,True,True,True,False,True,False,1.0,2026-03-18
2026-03-18,https://www.theguardian.com/world/2026/mar/18/us-and-israel-strategy-to-kill-irans-top-figures-may-prove-counterproductive,US and Israel’s strategy to kill Iran’s top figures may prove counterproductive,https://www.theguardian.com/world/iran/2026/mar/18/all,True,False,False,False,False,False,False,False,False,True,False,0.0,2026-03-18
2026-03-18,https://www.theguardian.com/world/2026/mar/18/as-trump-shows-lack-of-direction-on-iran-even-badenoch-distances-herself,"As Trump shows lack of direction on Iran, even Badenoch distances herself",https://www.theguardian.com/world/iran/2026/mar/18/all,True,False,False,False,False,False,False,False,False,True,False,0.0,2026-03-18
2026-03-18,https://www.theguardian.com/news/2026/mar/18/energy-jolt-inside-the-20-march-guardian-weekly,Energy jolt: inside the 20 March Guardian Weekly,https://www.theguardian.com/world/iran/2026/mar/18/all,False,False,False,False,False,True,False,False,False,True,False,0.0,2026-03-18
2026-03-18,https://www.theguardian.com/world/2026/mar/18/we-cant-stand-by-while-children-are-killed-in-war,We can’t stand by while children are killed in war,https://www.theguardian.com/world/iran/2026/mar/18/all,False,False,False,True,False,False,False,False,False,True,False,0.0,2026-03-18
2026-03-18,https://www.theguardian.com/politics/live/2026/mar/18/angela-rayner-andy-burnham-labour-keir-starmer-kemi-badenoch-pmqs-uk-politics-latest-news-updates,Starmer says Tory shadow minister should be sacked for criticism of Muslims praying in Trafalgar Square – as it happened,https://www.theguardian.com/world/iran/2026/mar/18/all,False,False,False,False,False,False,False,False,False,False,False,0.0,2026-03-18
2026-03-18,https://www.theguardian.com/environment/2026/mar/18/iran-scientist-exile-wins-stockholm-water-prize-kaveh-madani,‘They called me a water terrorist’: exiled Iranian scientist wins global prize,https://www.theguardian.com/world/iran/2026/mar/18/all,True,False,False,False,False,False,False,False,False,True,False,0.0,2026-03-18
2026-03-18,https://www.theguardian.com/world/2026/mar/18/polymarket-gamblers-threaten-israeli-journalist-missile-strike-wager,Polymarket gamblers threaten Israeli journalist over missile strike story,https://www.theguardian.com/world/iran/2026/mar/18/all,False,False,False,True,True,False,False,False,False,True,False,0.0,2026-03-18
2026-03-18,https://www.theguardian.com/commentisfree/2026/mar/18/trump-netanyahu-iran-war,Trump needs to reject Netanyahu’s quest for a forever war,https://www.theguardian.com/world/iran/2026/mar/18/all,False,False,False,False,False,False,False,False,False,False,False,0.0,2026-03-18
2026-03-18,https://www.theguardian.com/world/video/2026/mar/18/iran-missile-strike-central-israel-video,Two killed in Iranian missile strike on central Israel – video,https://www.theguardian.com/world/iran/2026/mar/18/all,True,False,True,True,False,False,False,False,False,False,False,1.0,2026-03-18
2026-03-18,https://www.theguardian.com/world/2026/mar/18/iranians-daily-life-under-air-attack,‘We want change but not like this’: Iranians describe daily life under air attack,https://www.theguardian.com/world/iran/2026/mar/18/all,True,False,True,True,False,False,False,False,False,True,False,1.0,2026-03-18
2026-03-18,https://www.theguardian.com/commentisfree/2026/mar/18/donald-trump-limits-us-power-slow-learner-china-iran-war,Trump is being schooled on the limits of US power – but he is a slow learner,https://www.theguardian.com/world/iran/2026/mar/18/all,False,False,False,False,False,False,False,False,False,False,False,0.0,2026-03-18
2026-03-18,https://www.theguardian.com/world/2026/mar/18/ignorance-misunderstanding-obfuscation-iran-nuclear-talks-trump,"How ignorance, misunderstanding and obfuscation ended Iran nuclear talks",https://www.theguardian.com/world/iran/2026/mar/18/all,True,False,True,False,True,False,True,False,False,True,True,-0.5,2026-03-18
2026-03-18,https://www.theguardian.com/australia-news/2026/mar/18/iran-war-strikes-near-australian-airbase-uae,"Iranian strikes hit near Australian airbase in UAE, Albanese confirms",https://www.theguardian.com/world/iran/2026/mar/18/all,True,False,True,True,False,False,False,False,False,True,False,1.0,2026-03-18
2026-03-19,https://www.theguardian.com/world/2026/mar/19/iran-says-it-will-show-zero-restraint-if-energy-infrastructure-is-targeted-again,Iran says it will show ‘zero restraint’ if energy infrastructure is targeted again,https://www.theguardian.com/world/iran/2026/mar/19/all,True,False,False,False,False,True,False,False,False,True,False,0.0,2026-03-19
2026-03-19,https://www.theguardian.com/us-news/2026/mar/19/israeli-strike-iranian-gas-field-trump,Strike on Iran gasfield exposes US-Israel rift as Trump claims he did not know,https://www.theguardian.com/world/iran/2026/mar/19/all,True,False,True,True,False,False,False,False,False,True,False,1.0,2026-03-19
2026-03-19,https://www.theguardian.com/business/nils-pratley-on-finance/2026/mar/19/markets-keep-the-faith-but-oil-staying-at-100-could-test-that-optimism,Markets keep the faith – but oil staying above $100 could test that optimism,https://www.theguardian.com/world/iran/2026/mar/19/all,False,False,False,False,False,True,False,False,False,True,False,0.0,2026-03-19
2026-03-19,https://www.theguardian.com/commentisfree/2026/mar/19/the-guardian-view-on-the-iran-war-escalation-as-trump-breaks-things-who-will-pick-up-the-pieces,"The Guardian view on the Iran war escalation: as Trump breaks things, who will pick up the pieces?",https://www.theguardian.com/world/iran/2026/mar/19/all,True,False,True,False,True,False,False,False,False,False,False,0.5,2026-03-19
2026-03-19,https://www.theguardian.com/news/audio/2026/mar/19/why-gasfield-attacks-are-major-escalation-in-iran-war-the-latest,Why gasfield attacks are major escalation in Iran war – The Latest,https://www.theguardian.com/world/iran/2026/mar/19/all,True,False,True,True,True,False,False,False,False,False,False,1.0,2026-03-19
2026-03-19,https://www.theguardian.com/news/video/2026/mar/19/why-gasfield-attacks-are-a-major-escalation-in-iran-war-the-latest,Why gasfield attacks are a major escalation in Iran war – The Latest,https://www.theguardian.com/world/iran/2026/mar/19/all,True,False,True,True,True,False,False,False,False,False,False,1.0,2026-03-19
2026-03-19,https://www.theguardian.com/world/live/2026/mar/19/europe-ukraine-russian-eu-loan-orban-hungary-tariffs-iran-nato-latest-news-updates,No breakthrough on Hungary’s veto of EU’s €90bn loan to Ukraine – as it happened,https://www.theguardian.com/world/iran/2026/mar/19/all,False,False,False,False,False,False,False,False,False,False,False,0.0,2026-03-19
2026-03-19,https://www.theguardian.com/world/ng-interactive/2026/mar/19/visual-guide-oil-and-gas-site-attacks-middle-east,‘Doomsday scenario’: a visual guide to the oil and gas site attacks in the Middle East,https://www.theguardian.com/world/iran/2026/mar/19/all,False,False,False,True,False,True,False,False,False,True,False,0.0,2026-03-19
2026-03-19,https://www.theguardian.com/world/2026/mar/19/us-lost-control-of-its-own-foreign-policy-oman-foreign-minister,Oman claims Israel pushed US into Iran war when deal was possible,https://www.theguardian.com/world/iran/2026/mar/19/all,True,False,True,False,False,False,True,False,False,True,True,-0.75,2026-03-19
2026-03-19,https://www.theguardian.com/us-news/2026/mar/19/pete-hegseth-iran-war,"No timeframe for ending US war against Iran, says Pete Hegseth",https://www.theguardian.com/world/iran/2026/mar/19/all,True,False,True,False,False,False,False,False,False,True,False,0.25,2026-03-19
2026-03-19,https://www.theguardian.com/commentisfree/2026/mar/19/iran-us-boer-war-victory-empire-economy,Iran could be the US’s Boer war: a hollow victory that marks the beginning of the end of empire,https://www.theguardian.com/world/iran/2026/mar/19/all,True,False,True,False,False,False,False,False,False,False,False,0.25,2026-03-19
2026-03-19,https://www.theguardian.com/commentisfree/2026/mar/19/donald-trump-brute-force-us-decline-iran-war,Trump thinks brute force will arrest the US’s decline. His heavy-handed actions in Iran are only accelerating it,https://www.theguardian.com/world/iran/2026/mar/19/all,True,False,False,False,False,False,False,False,False,False,False,0.0,2026-03-19
2026-03-19,https://www.theguardian.com/world/ng-interactive/2026/mar/19/us-iran-war-cost,The war on Iran cost the US $12.7bn by day six. Here’s how it’s been spent – in charts,https://www.theguardian.com/world/iran/2026/mar/19/all,True,False,True,False,False,False,False,False,False,True,False,0.25,2026-03-19
2026-03-19,https://www.theguardian.com/commentisfree/2026/mar/19/oil-crisis-research-rich-costs-wealth-redistribute,We can tell you who will really get rich from this oil crisis – and how we can stop them,https://www.theguardian.com/world/iran/2026/mar/19/all,False,False,False,False,False,True,False,False,False,False,False,0.0,2026-03-19
2026-03-19,https://www.theguardian.com/commentisfree/2026/mar/19/iran-greed-oil-capitalism-regimes,We need to be honest about Iran – and how our rampant greed for oil is causing mayhem,https://www.theguardian.com/world/iran/2026/mar/19/all,True,False,False,False,False,True,False,False,False,False,False,0.0,2026-03-19
2026-03-19,https://www.theguardian.com/world/2026/mar/19/iran-war-trump-south-pars-threat-if-tehran-strikes-qatar,Trump threatens to ‘blow up’ all of Iran’s South Pars gasfield if Tehran strikes Qatar,https://www.theguardian.com/world/iran/2026/mar/19/all,True,False,True,True,True,False,False,False,False,True,False,1.0,2026-03-19
2026-03-19,https://www.theguardian.com/us-news/2026/mar/19/fbi-probing-counterterrorism-official-who-resigned-over-iran-war-reports-say,"FBI investigating US counter-terrorism chief who resigned over Iran war, reports say",https://www.theguardian.com/world/iran/2026/mar/19/all,True,False,True,False,False,False,False,False,False,True,False,0.25,2026-03-19
2026-03-20,https://www.theguardian.com/commentisfree/2026/mar/20/attack-uk-us-europe-netanyahu-jews-violence-antisemitism,"Attacks on synagogues and Jewish shops in the UK, Europe and the US don’t hurt Netanyahu. They just hurt ordinary Jews",https://www.theguardian.com/world/iran/2026/mar/20/all,False,False,False,True,False,False,False,False,False,False,False,0.0,2026-03-20
2026-03-20,https://www.theguardian.com/commentisfree/picture/2026/mar/20/ella-baron-trump-interrupted-shipping-cartoon,Ella Baron on Trump and interrupted shipping – cartoon,https://www.theguardian.com/world/iran/2026/mar/20/all,False,False,False,False,False,True,False,False,False,False,False,0.0,2026-03-20
2026-03-20,https://www.theguardian.com/world/video/2026/mar/20/cash-handouts-and-ac-limits-iran-war-causes-energy-shock-in-asia-the-latest,Fuel rations and cash handouts: Iran war energy shock hits Asia | The Latest,https://www.theguardian.com/world/iran/2026/mar/20/all,True,False,True,False,False,True,False,False,False,False,False,0.75,2026-03-20
2026-03-20,https://www.theguardian.com/business/live/2026/mar/20/demand-destruction-fears-iran-war-oil-and-gas-prices-uk-government-borrowing-jumps-latest-news-updates,"FTSE 100 loses all its 2026 gains as Middle East conflict hits shares, and UK borrowing costs reach highest since 2008 – as it happened",https://www.theguardian.com/world/iran/2026/mar/20/all,False,False,False,False,False,False,False,False,True,False,False,0.0,2026-03-20
2026-03-20,https://www.theguardian.com/politics/live/2026/mar/20/reform-climate-targets-steve-reed-badenoch-assisted-dying-energy-bills-latest-news-updates,Labour dismisses Reform UK MSP candidates as ‘hopeless Tory rejects and oddballs’ as one is suspended – as it happened,https://www.theguardian.com/world/iran/2026/mar/20/all,False,False,False,False,False,False,False,False,False,False,False,0.0,2026-03-20
2026-03-20,https://www.theguardian.com/world/2026/mar/20/gulf-states-weigh-up-options-iran-us-israel-conflict-middle-east-crisis-war,‘Not our war’: Gulf states weigh up options as existential threat from Iran conflict grows,https://www.theguardian.com/world/iran/2026/mar/20/all,True,False,True,False,True,False,False,False,False,True,False,0.5,2026-03-20
2026-03-20,https://www.theguardian.com/culture/2026/mar/20/jimmy-kimmel-trump-pearl-harbor-japan-pm,Jimmy Kimmel on Trump Pearl Harbor joke: ‘Everything he knows about it begins and ends with the Ben Affleck movie’,https://www.theguardian.com/world/iran/2026/mar/20/all,False,False,False,False,False,False,False,False,False,True,False,0.0,2026-03-20
2026-03-20,https://www.theguardian.com/world/gallery/2026/mar/20/middle-east-iran-war-moments-gallery,Moments amid the chaos of war in the Middle East – in pictures,https://www.theguardian.com/world/iran/2026/mar/20/all,False,False,False,False,False,False,False,False,False,False,False,0.0,2026-03-20
2026-03-20,https://www.theguardian.com/commentisfree/2026/mar/20/home-country-war-neutrality-middle-east,"When your home country is ravaged by war, is it possible to stay neutral?",https://www.theguardian.com/world/iran/2026/mar/20/all,False,False,False,False,False,False,False,False,False,False,False,0.0,2026-03-20
2026-03-20,https://www.theguardian.com/us-news/2026/mar/20/iran-war-military-father-pete-hegseth,Father of killed US military member disputes Hegseth’s claim he said to ‘finish’ the job in Iran,https://www.theguardian.com/world/iran/2026/mar/20/all,True,False,True,True,True,False,False,False,False,True,False,1.0,2026-03-20
2026-03-20,https://www.theguardian.com/commentisfree/2026/mar/20/war-us-iran-gulf-states-stability,The war in Iran is ripping up the Gulf’s plan for stability,https://www.theguardian.com/world/iran/2026/mar/20/all,True,False,True,False,False,False,False,False,False,False,False,0.25,2026-03-20
2026-03-20,https://www.theguardian.com/commentisfree/2026/mar/20/donald-trump-war-iran-president-power,"Behind the bombast, Trump will be worried: when he tries to stop the war on Iran, will anyone listen?",https://www.theguardian.com/world/iran/2026/mar/20/all,True,False,True,True,False,False,False,False,False,False,False,1.0,2026-03-20
2026-03-20,https://www.theguardian.com/world/video/2026/mar/20/they-are-brainwashed-iranian-diaspora-clash-over-middle-east-war-the-view-from,'They are brainwashed': Iranian diaspora clash over Middle East war | The View From,https://www.theguardian.com/world/iran/2026/mar/20/all,True,False,True,False,False,False,False,False,False,False,False,0.25,2026-03-20
2026-03-20,https://www.theguardian.com/commentisfree/2026/mar/20/iran-war-uk-starmer-resist-dragged-in,This is a key moment in the war on Iran – and Starmer must resist the UK being dragged into it any further,https://www.theguardian.com/world/iran/2026/mar/20/all,True,False,True,False,False,False,False,False,False,False,False,0.25,2026-03-20
2026-03-21,https://www.theguardian.com/world/2026/mar/21/iran-hits-israeli-town-housing-nuclear-facility-in-retaliation-for-natanz-strike,Iran hits Israeli town near nuclear facility in retaliation for Natanz strike,https://www.theguardian.com/world/iran/2026/mar/21/all,True,False,True,True,True,False,False,False,False,True,False,1.0,2026-03-23
2026-03-21,https://www.theguardian.com/world/2026/mar/21/iran-reportedly-fires-missiles-towards-uk-us-base-on-diego-garcia,UK foreign secretary condemns Iran’s ‘reckless threats’ after strike towards US-UK base,https://www.theguardian.com/world/iran/2026/mar/21/all,True,False,True,True,True,False,False,False,False,True,False,1.0,2026-03-23
2026-03-21,https://www.theguardian.com/artanddesign/2026/mar/21/we-must-preserve-our-traditions-war-shadows-tehran-as-iranians-mark-nowruz,‘We must preserve our traditions’: war casts shadow over Iranian Nowruz celebrations,https://www.theguardian.com/world/iran/2026/mar/21/all,True,False,True,False,False,False,False,False,False,True,False,0.25,2026-03-23
2026-03-21,https://www.theguardian.com/world/ng-interactive/2026/mar/21/iranian-americans-us-israel-iran-war,Little joy to be found among Iranian Americans over the war and Iran’s future: ‘I have righteous anger’,https://www.theguardian.com/world/iran/2026/mar/21/all,True,False,True,False,False,False,False,False,False,True,False,0.25,2026-03-23
2026-03-21,https://www.theguardian.com/world/2026/mar/21/iran-war-conflict-middle-east-trump-israel,Iran’s willingness to escalate this high-stakes war is its greatest weapon,https://www.theguardian.com/world/iran/2026/mar/21/all,True,False,True,False,True,False,False,False,False,True,False,0.5,2026-03-23
2026-03-22,https://www.theguardian.com/world/2026/mar/22/iran-says-destroy-middle-east-infrastructure-us-energy-sites,Iran vows to destroy Middle East water and energy facilities if US attacks power plants,https://www.theguardian.com/world/iran/2026/mar/22/all,True,False,True,True,False,True,False,False,False,True,False,1.0,2026-03-23
2026-03-22,https://www.theguardian.com/commentisfree/picture/2026/mar/22/ella-baron-donald-trump-iran-war-cartoon,Ella Baron on Donald Trump and the Iran war – cartoon,https://www.theguardian.com/world/iran/2026/mar/22/all,True,False,True,False,False,False,False,False,False,False,False,0.25,2026-03-23
2026-03-22,https://www.theguardian.com/world/2026/mar/22/iran-war-timeline-civilians-bear-brunt-of-us-and-israels-month-long-campaign,Iran war timeline: civilians bear brunt of US and Israel’s weeks-long campaign,https://www.theguardian.com/world/iran/2026/mar/22/all,True,False,True,False,False,False,False,False,False,True,False,0.25,2026-03-23
2026-03-22,https://www.theguardian.com/uk-news/2026/mar/22/british-iranians-safety-concerns-authorities-iran-war-uk-diaspora,British-Iranians in UK report safety concerns to authorities amid Iran war,https://www.theguardian.com/world/iran/2026/mar/22/all,True,False,True,False,False,False,False,False,False,True,False,0.25,2026-03-23
2026-03-22,https://www.theguardian.com/us-news/2026/mar/22/a-smidgen-of-doubt-about-trumps-jibe,A smidgen of doubt about Trump’s jibe,https://www.theguardian.com/world/iran/2026/mar/22/all,False,False,False,False,False,False,False,False,False,True,False,0.0,2026-03-23
2026-03-22,https://www.theguardian.com/news/gallery/2026/mar/22/a-private-prayer-and-a-shouting-contest-photos-of-the-weekend,A private prayer and a Stella shouting contest: photos of the weekend,https://www.theguardian.com/world/iran/2026/mar/22/all,False,False,False,False,False,False,False,False,False,False,False,0.0,2026-03-23
2026-03-22,https://www.theguardian.com/world/video/2026/mar/22/drone-footage-shows-widespread-damage-to-two-israeli-cities-after-iranian-missile-strikes-video,Drone footage shows damage to two Israeli cities after Iranian missile strikes – video,https://www.theguardian.com/world/iran/2026/mar/22/all,True,False,True,True,False,False,False,False,False,False,False,1.0,2026-03-23
2026-03-22,https://www.theguardian.com/us-news/2026/mar/22/trump-iran-leon-panetta,"‘Nobody else is responsible’: Trump to blame for Iran crisis, ex-CIA chief says",https://www.theguardian.com/world/iran/2026/mar/22/all,True,False,False,False,False,False,False,False,False,True,False,0.0,2026-03-23
2026-03-22,https://www.theguardian.com/world/2026/mar/22/iran-capability-intent-bomb-missiles-britain-steve-reed,"Iran not believed to have capability or intent to bomb Britain, says UK minister",https://www.theguardian.com/world/iran/2026/mar/22/all,True,False,True,True,False,False,False,False,False,True,False,1.0,2026-03-23
2026-03-22,https://www.theguardian.com/world/2026/mar/22/iran-donald-trump-48-hours-open-hormuz-strait,Trump tells Iran it has 48 hours to open Hormuz or US will ‘obliterate’ its power plants,https://www.theguardian.com/world/iran/2026/mar/22/all,True,False,True,False,False,True,False,False,False,True,False,0.75,2026-03-23
2026-03-22,https://www.theguardian.com/australia-news/2026/mar/22/six-fuel-ships-bound-for-australia-cancelled-as-bowen-concedes-flow-of-oil-to-asian-refineries-has-slowed,Six fuel ships bound for Australia cancelled as Bowen concedes ‘flow of oil to Asian refineries has slowed’,https://www.theguardian.com/world/iran/2026/mar/22/all,False,False,False,False,False,True,False,False,False,True,False,0.0,2026-03-23
2026-03-23,https://www.theguardian.com/business/live/2026/mar/23/stock-markets-gold-dollar-trump-iran-ultimatum-uk-economy-growth-borrowing-costs-latest-news-updates,Dow Jones Industrial Average posts best day since early February as hopes of Middle East de-escalation lift markets – as it happened,https://www.theguardian.com/world/iran/2026/mar/23/all,False,False,False,False,True,False,True,False,False,False,True,0.0,2026-03-23
2026-03-23,https://www.theguardian.com/world/2026/mar/23/surprise-us-talks-with-irans-fractured-leadership-offer-uncertain-path-out-of-conflict,Surprise US talks with Iran’s fractured leadership offer uncertain path out of conflict,https://www.theguardian.com/world/iran/2026/mar/23/all,True,False,True,False,False,False,True,False,False,True,True,-0.75,2026-03-23
2026-03-23,https://www.theguardian.com/politics/live/2026/mar/23/keir-starmer-donald-trump-strait-of-hormuz-shabana-mahood-john-healey-labour-conservatives-kemi-badenoch-cobra-uk-politics-latest-updates-news,Starmer says he is ‘unapologetic’ about his focus on national interest when asked how he deals with ‘rude’ Trump – as it happened,https://www.theguardian.com/world/iran/2026/mar/23/all,False,False,False,False,False,False,False,False,False,False,False,0.0,2026-03-23
2026-03-23,https://www.theguardian.com/world/video/2026/mar/23/trump-flip-flops-on-iran-deadline-the-latest,Trump flip-flops on Iran deadline | The Latest,https://www.theguardian.com/world/iran/2026/mar/23/all,True,False,False,False,False,False,False,False,False,False,False,0.0,2026-03-23
2026-03-23,https://www.theguardian.com/world/2026/mar/23/israel-launches-new-strikes-on-tehran-as-trump-pauses-iran-energy-attacks,Israel launches new strikes on Tehran as Trump pauses Iran energy attacks,https://www.theguardian.com/world/iran/2026/mar/23/all,True,False,True,True,False,True,True,False,False,True,True,0.75,2026-03-23
2026-03-23,https://www.theguardian.com/world/2026/mar/23/is-iran-able-strike-london-is-uk-prepared,"Is Iran really able to strike London, and is the UK prepared for an attack?",https://www.theguardian.com/world/iran/2026/mar/23/all,True,False,True,True,False,False,False,False,False,True,False,1.0,2026-03-23
2026-03-23,https://www.theguardian.com/news/audio/2026/mar/23/donald-trump-changes-iran-deadline-strait-of-hormuz-the-latest-podcast,Trump chickens out on Iran deadline – The Latest,https://www.theguardian.com/world/iran/2026/mar/23/all,True,False,False,False,False,False,False,False,False,False,False,0.0,2026-03-23
2026-03-23,https://www.theguardian.com/world/2026/mar/23/unimaginable-hell-iranian-relief-and-unease-after-trump-pauses-plan-to-cripple-power-supply,‘Stop this savage being’: Iranians fear postponed Trump attack is merely disaster delayed,https://www.theguardian.com/world/iran/2026/mar/23/all,True,False,True,True,False,False,False,False,False,True,False,1.0,2026-03-23
2026-03-23,https://www.theguardian.com/world/2026/mar/23/iran-cluster-bombs-bypassing-israel-air-defences,Breaching the Iron Dome: the Iranian cluster bombs bypassing Israeli air defences,https://www.theguardian.com/world/iran/2026/mar/23/all,True,False,True,True,False,False,False,False,False,True,False,1.0,2026-03-23
2026-03-23,https://www.theguardian.com/world/2026/mar/23/iran-threat-to-destroy-water-facilities-gulf,Why Iran’s threat to destroy water facilities could spell disaster for Gulf countries,https://www.theguardian.com/world/iran/2026/mar/23/all,True,False,False,False,True,False,False,False,False,True,False,0.0,2026-03-23
2026-03-23,https://www.theguardian.com/australia-news/live/2026/mar/23/federal-parliament-ursula-von-der-leyen-visit-labor-anthony-albanese-chris-bowen-fuel-crisis-coalition-liberals-angus-taylor-nationals-matt-canavan-ntwnfb,Crossbench MPs pressure Labor over gas export tax – as it happened,https://www.theguardian.com/world/iran/2026/mar/23/all,False,False,False,False,False,True,False,False,False,False,False,0.0,2026-03-23
2026-03-23,https://www.theguardian.com/commentisfree/2026/mar/23/iran-us-trump-video-game-war-ai-memes,"Trump’s video game war: AI, memes and a simplistic narrative have flattened the conflict in Iran",https://www.theguardian.com/world/iran/2026/mar/23/all,True,False,True,False,False,False,False,False,False,False,False,0.25,2026-03-23
2026-03-23,https://www.theguardian.com/world/2026/mar/23/iran-war-energy-crisis-1970s-oil-shocks-fatih-birol-iea,"Iran war energy crisis equal to 70s twin oil shocks and fallout from Ukraine war, says IEA chief",https://www.theguardian.com/world/iran/2026/mar/23/all,True,False,True,False,False,True,False,False,False,True,False,0.75,2026-03-23
2026-03-23,https://www.theguardian.com/world/2026/mar/23/tehran-toxic-cloud-satellite-image-oil-fires,Tehran’s toxic cloud: satellite images show oily fires burned for days,https://www.theguardian.com/world/iran/2026/mar/23/all,True,False,False,False,False,False,False,False,False,True,False,0.0,2026-03-23
2026-03-24,https://www.theguardian.com/world/2026/mar/24/trumps-rehashed-15-point-iran-plan-unlikely-to-appease-tehran,Trump’s rehashed 15-point Iran plan unlikely to appease Tehran,https://www.theguardian.com/world/iran/2026/mar/24/all,True,False,False,False,False,False,False,False,False,True,False,0.0,2026-03-24
2026-03-24,https://www.theguardian.com/world/2026/mar/24/uk-offers-to-host-international-security-summit-on-reopening-strait-of-hormuz,UK offers to host international summit on reopening strait of Hormuz,https://www.theguardian.com/world/iran/2026/mar/24/all,True,False,True,False,False,True,False,False,False,True,False,0.75,2026-03-24
2026-03-24,https://www.theguardian.com/world/2026/mar/24/a-tangled-web-leads-from-golders-green-ambulance-attack-to-tehran,Tangled trail probably leads from Golders Green ambulance attack to Tehran,https://www.theguardian.com/world/iran/2026/mar/24/all,True,False,True,True,False,False,False,False,False,True,False,1.0,2026-03-24
2026-03-24,https://www.theguardian.com/world/2026/mar/24/netanyahu-vows-further-strikes-iran-lebanon-missile-hits-tel-aviv-middle-east-crisis,Israel says it will seize parts of southern Lebanon as ‘defensive buffer’,https://www.theguardian.com/world/iran/2026/mar/24/all,False,False,False,False,False,False,False,False,False,True,False,0.0,2026-03-24
2026-03-24,https://www.theguardian.com/commentisfree/picture/2026/mar/24/ella-baron-donald-trump-peace-negotiations-iran-cartoon,Ella Baron on Donald Trump’s peace negotiations with Iran – cartoon,https://www.theguardian.com/world/iran/2026/mar/24/all,True,False,True,False,False,False,True,False,False,False,True,-0.75,2026-03-24
2026-03-24,https://www.theguardian.com/uk-news/video/2026/mar/24/ambulance-arson-attack-what-we-know-so-far-the-latest,North London ambulance arson attack:  what we know so far - The Latest,https://www.theguardian.com/world/iran/2026/mar/24/all,False,False,False,True,False,False,False,False,False,False,False,0.0,2026-03-24
2026-03-24,https://www.theguardian.com/world/2026/mar/24/iran-parliament-speaker-mohammad-bagher-ghalibaf-white-house,Iran’s parliament speaker: the outsider seen by White House as possible partner,https://www.theguardian.com/world/iran/2026/mar/24/all,True,False,False,False,False,False,False,False,False,True,False,0.0,2026-03-24
2026-03-24,https://www.theguardian.com/commentisfree/2026/mar/24/keir-starmer-rightwing-press-iran-war,Starmer’s press tormentors are merciless. He either needs to fight back or bypass them,https://www.theguardian.com/world/iran/2026/mar/24/all,False,False,False,False,False,False,False,False,False,False,False,0.0,2026-03-24
2026-03-24,https://www.theguardian.com/world/2026/mar/24/pakistan-army-chief-iran-peace-talks-trump-call,JD Vance role touted as Pakistan attempts to broker US-Iran peace talks,https://www.theguardian.com/world/iran/2026/mar/24/all,True,False,True,False,False,False,True,False,False,True,True,-0.75,2026-03-24
2026-03-24,https://www.theguardian.com/commentisfree/2026/mar/24/trump-iran-strategy-nixon-vietnam,Want to understand why Trump is still bombing Iran? Look to Nixon and Vietnam,https://www.theguardian.com/world/iran/2026/mar/24/all,True,False,True,True,False,False,False,False,False,False,False,1.0,2026-03-24
2026-03-24,https://www.theguardian.com/world/2026/mar/24/trumps-very-good-talks-with-iran-buy-him-time-with-oil-and-energy-markets,Trump’s ‘very good’ talks with Iran buy him time with oil and energy markets,https://www.theguardian.com/world/iran/2026/mar/24/all,True,False,True,False,False,True,True,False,False,True,True,-0.25,2026-03-24
2026-03-25,https://www.theguardian.com/world/video/2026/mar/25/iran-us-war-talks-foreign-minister,"'No conversations and negotiations' have taken place with US, Iran's foreign minister says – video",https://www.theguardian.com/world/iran/2026/mar/25/all,True,False,True,False,False,False,True,True,False,False,False,0.5,2026-03-25
2026-03-25,https://www.theguardian.com/us-news/2026/mar/25/trump-iran-war-analysis,Trump’s peace plan falls flat as he insists the war is almost over while increasing troop numbers,https://www.theguardian.com/world/iran/2026/mar/25/all,False,False,False,False,False,False,True,True,False,True,False,0.0,2026-03-25
2026-03-25,https://www.theguardian.com/commentisfree/2026/mar/25/the-guardian-view-on-a-significant-week-for-european-politics-progressives-have-some-reasons-to-be-cheerful-,The Guardian view on a significant week for European politics: progressives have some reasons to be cheerful,https://www.theguardian.com/world/iran/2026/mar/25/all,False,False,False,False,False,False,False,False,False,False,False,0.0,2026-03-25
2026-03-25,https://www.theguardian.com/news/2026/mar/25/breakdown-of-brinkmanship-inside-the-27-march-guardian-weekly,Breakdown of brinkmanship: inside the 27 March Guardian Weekly,https://www.theguardian.com/world/iran/2026/mar/25/all,False,False,False,False,False,False,False,False,False,True,False,0.0,2026-03-25
2026-03-25,https://www.theguardian.com/world/2026/mar/25/iranians-try-to-maintain-semblance-of-normal-life-as-conflict-drags-on,‘We want peace’: Iranians try to maintain semblance of normal life as conflict drags on,https://www.theguardian.com/world/iran/2026/mar/25/all,True,False,True,False,False,False,True,False,False,True,True,-0.75,2026-03-25
2026-03-25,https://www.theguardian.com/society/2026/mar/25/a-place-to-heal-for-former-prisoners,A place to heal for former prisoners,https://www.theguardian.com/world/iran/2026/mar/25/all,False,False,False,False,False,False,False,False,False,True,False,0.0,2026-03-25
2026-03-25,https://www.theguardian.com/world/2026/mar/25/trump-war-in-iran-us-shift-global-chaos,Trump’s war in Iran exposes US’s shift from a global guardian to an arbiter of chaos,https://www.theguardian.com/world/iran/2026/mar/25/all,True,False,True,False,False,False,False,False,False,True,False,0.25,2026-03-25
2026-03-25,https://www.theguardian.com/commentisfree/2026/mar/25/big-corporations-global-food-system-war-iran,"We’re letting big corporations gamble with our lives. Act now, or the food could run out",https://www.theguardian.com/world/iran/2026/mar/25/all,False,False,False,False,False,False,False,False,False,False,False,0.0,2026-03-25
2026-03-25,https://www.theguardian.com/commentisfree/2026/mar/25/iran-war-us-israel-islamic-republic-liberate,The Islamic Republic has not crushed the Iranian people’s resolve. This war will not do so either,https://www.theguardian.com/world/iran/2026/mar/25/all,True,False,True,False,False,False,False,False,False,False,False,0.25,2026-03-25
2026-03-25,https://www.theguardian.com/commentisfree/2026/mar/25/like-putin-trump-is-a-megalomaniac-in-europe-we-can-shield-ourselves-not-look-for-rational-motives,"Like Putin, Trump is a megalomaniac. In Europe, we can shield ourselves, not look for rational motives",https://www.theguardian.com/world/iran/2026/mar/25/all,False,False,False,False,False,False,False,False,False,False,False,0.0,2026-03-25
2026-03-25,https://www.theguardian.com/australia-news/2026/mar/25/penny-wong-tells-israel-australia-backs-lebanons-sovereignty-and-opposes-occupation,"Australia backs Lebanon’s sovereignty and opposes occupation, Penny Wong tells Israel",https://www.theguardian.com/world/iran/2026/mar/25/all,False,False,False,False,False,False,False,False,False,True,False,0.0,2026-03-25
2026-03-25,https://www.theguardian.com/news/audio/2026/mar/25/the-maga-divide-over-iran-podcast,The Maga divide over Iran – podcast,https://www.theguardian.com/world/iran/2026/mar/25/all,True,False,False,False,False,False,False,False,False,False,False,0.0,2026-03-25
2026-03-26,https://www.theguardian.com/world/2026/mar/26/irgc-naval-commander-killed-in-israeli-strike-was-hardliner-who-understood-power-of-strait-of-hormuz,IRGC naval commander killed in Israeli strike was hardliner who understood power of strait of Hormuz,https://www.theguardian.com/world/iran/2026/mar/26/all,True,False,True,True,False,True,False,False,False,True,False,1.0,2026-03-26
2026-03-26,https://www.theguardian.com/politics/2026/mar/26/donald-trump-uk-aircraft-carriers-toys-nato-keir-starmer-iran,Trump describes UK aircraft carriers as ‘toys’ in latest anti-Nato jibe,https://www.theguardian.com/world/iran/2026/mar/26/all,False,False,False,False,False,False,False,False,False,True,False,0.0,2026-03-26
2026-03-26,https://www.theguardian.com/world/2026/mar/26/air-superiority-war-planing-iran,The delusion of easy victory from the air may have seduced the US into another war,https://www.theguardian.com/world/iran/2026/mar/26/all,False,False,False,False,False,False,False,False,False,True,False,0.0,2026-03-26
2026-03-26,https://www.theguardian.com/news/video/2026/mar/26/iran-says-trump-negotiating-with-himself-what-next-for-war-the-latest,Iran says Trump ‘negotiating with himself’: what next for war? - The Latest,https://www.theguardian.com/world/iran/2026/mar/26/all,True,False,True,False,False,False,True,False,False,False,True,-0.75,2026-03-26
2026-03-26,https://www.theguardian.com/world/2026/mar/26/strait-of-hormuz-visual-guide-trickle-of-ships-iran,‘Tehran’s tollbooth’: a visual guide to how a trickle of ships still passes through strait of Hormuz,https://www.theguardian.com/world/iran/2026/mar/26/all,True,False,True,False,False,True,False,False,False,True,False,0.75,2026-03-26
2026-03-26,https://www.theguardian.com/news/audio/2026/mar/26/trump-and-iran-at-odds-over-peace-talks-the-latest-podcast,Iran says Trump ‘negotiating with himself’ - The Latest,https://www.theguardian.com/world/iran/2026/mar/26/all,True,False,True,False,False,False,True,False,False,False,True,-0.75,2026-03-26
2026-03-26,https://www.theguardian.com/commentisfree/picture/2026/mar/26/rebecca-hendin-donald-trumps-claim-to-be-pursuing-peace-with-iran,Rebecca Hendin on Donald Trump’s 15-point peace plan – cartoon,https://www.theguardian.com/world/iran/2026/mar/26/all,False,False,False,False,False,False,True,False,False,False,True,0.0,2026-03-26
2026-03-26,https://www.theguardian.com/commentisfree/2026/mar/26/benjamin-netanyahu-iran-peace-israel-war-palestinian,Netanyahu claims that victory over Iran would bring peace to Israel. He should look closer to home,https://www.theguardian.com/world/iran/2026/mar/26/all,True,False,True,False,False,False,True,False,False,False,True,-0.75,2026-03-26
2026-03-26,https://www.theguardian.com/commentisfree/2026/mar/26/american-war-taxes,I am not paying American war taxes this year. Will you join me?,https://www.theguardian.com/world/iran/2026/mar/26/all,False,False,False,False,False,False,False,False,False,False,False,0.0,2026-03-26
2026-03-26,https://www.theguardian.com/australia-news/audio/2026/mar/26/andrew-roth-on-whats-really-going-on-with-trumps-peace-talks-full-story-podcast,Andrew Roth on what’s really going on with Trump’s peace talks – Full Story podcast,https://www.theguardian.com/world/iran/2026/mar/26/all,False,False,False,False,False,False,True,False,False,False,True,0.0,2026-03-26
2026-03-26,https://www.theguardian.com/world/2026/mar/26/thursday-briefing-why-most-israelis-back-the-conflict-with-iran-even-as-international-support-wanes,"Thursday briefing: Why ​most Israelis ​back the ​conflict​ with Iran, even as international support wanes",https://www.theguardian.com/world/iran/2026/mar/26/all,True,False,False,False,False,False,False,False,False,True,False,0.0,2026-03-26
2026-03-26,https://www.theguardian.com/news/2026/mar/26/ai-got-the-blame-for-the-iran-school-bombing-the-truth-is-far-more-worrying,AI got the blame for the Iran school bombing. The truth is far more worrying,https://www.theguardian.com/world/iran/2026/mar/26/all,True,False,True,True,False,False,False,False,False,True,False,1.0,2026-03-26
2026-03-26,https://www.theguardian.com/world/2026/mar/26/gulf-states-scepticism-over-alleged-us-iran-talks-signals-a-distrust-of-trump,Gulf states’ scepticism over alleged US-Iran talks signals a distrust of Trump,https://www.theguardian.com/world/iran/2026/mar/26/all,True,False,True,False,False,False,True,False,False,True,True,-0.75,2026-03-26
2026-03-27,https://www.theguardian.com/us-news/2026/mar/27/fbi-director-kash-patel-email-hacked-by-iran,"FBI director’s personal email, photos and documents leaked by Iran-linked hackers",https://www.theguardian.com/world/iran/2026/mar/27/all,True,False,False,False,False,False,False,False,False,True,False,0.0,2026-03-27
2026-03-27,https://www.theguardian.com/news/audio/2026/mar/27/what-is-netanyahu-endgame-iran-war-the-latest,What is Netanyahu’s endgame in Iran war? – The Latest,https://www.theguardian.com/world/iran/2026/mar/27/all,True,False,True,False,False,False,False,False,False,False,False,0.25,2026-03-27
2026-03-27,https://www.theguardian.com/commentisfree/picture/2026/mar/27/ella-baron-cartoon-donald-trump-iran-war-us-president-tehran,Ella Baron on Donald Trump and the Iran war – cartoon,https://www.theguardian.com/world/iran/2026/mar/27/all,True,False,True,False,False,False,False,False,False,False,False,0.25,2026-03-27
2026-03-27,https://www.theguardian.com/politics/live/2026/mar/27/starmer-says-iran-and-ukraine-wars-could-reshape-global-order-and-define-us-for-a-generation-uk-politics-live,"Social media has led to a ‘complete rewiring of childhood’, says minister – UK politics live",https://www.theguardian.com/world/iran/2026/mar/27/all,False,False,False,False,False,False,False,False,False,False,False,0.0,2026-03-27
2026-03-27,https://www.theguardian.com/world/2026/mar/27/european-intelligence-agencies-russia-supplying-drones-iran,"European intelligence agencies believe Russia is supplying drones to Iran, says official",https://www.theguardian.com/world/iran/2026/mar/27/all,True,False,True,True,False,False,False,False,False,True,False,1.0,2026-03-27
2026-03-27,https://www.theguardian.com/football/video/2026/mar/27/iran-football-players-hold-school-bags-in-tribute-to-girls-killed-in-bombing-video,Iran football players hold school bags in tribute to girls killed in bombing – video,https://www.theguardian.com/world/iran/2026/mar/27/all,True,False,True,True,False,False,False,False,False,False,False,1.0,2026-03-27
2026-03-27,https://www.theguardian.com/business/2026/mar/27/trump-iran-strategy-taco,Blink and miss: Trump’s tactic of threats first and U-turn later is proving stale in Iran war,https://www.theguardian.com/world/iran/2026/mar/27/all,True,False,True,False,True,False,False,False,False,True,False,0.5,2026-03-27
2026-03-27,https://www.theguardian.com/world/2026/mar/27/how-trump-bombed-us-into-worse-position-iran-strategic-failure,A war of regression: how Trump bombed the US into a worse position with Iran,https://www.theguardian.com/world/iran/2026/mar/27/all,True,False,True,True,False,False,False,False,False,True,False,1.0,2026-03-27
2026-03-27,https://www.theguardian.com/world/2026/mar/27/nothing-is-normal-diary-of-iranian-presidents-son-reflects-hopes-and-fears-of-ordinary-citizens,‘Nothing is normal’: diary of Iranian president’s son reflects hopes and fears of ordinary citizens,https://www.theguardian.com/world/iran/2026/mar/27/all,True,False,False,False,False,False,False,False,False,True,False,0.0,2026-03-27
2026-03-27,https://www.theguardian.com/world/2026/mar/27/saudi-arabia-us-iran-attacks-mohammed-bin-salman,"Saudi Arabia urging US to ramp up Iran attacks, intelligence source confirms",https://www.theguardian.com/world/iran/2026/mar/27/all,True,False,True,True,False,False,False,False,False,True,False,1.0,2026-03-27
2026-03-27,https://www.theguardian.com/news/2026/mar/27/irans-black-rain-is-latest-grim-example-of-weather-in-war-zones,Iran’s black rain is latest grim example of weather in war zones,https://www.theguardian.com/world/iran/2026/mar/27/all,True,False,True,False,False,False,False,False,False,True,False,0.25,2026-03-27
2026-03-27,https://www.theguardian.com/world/2026/mar/27/malaysian-vessels-permitted-to-travel-through-strait-of-hormuz-countrys-pm-says-after-talks-with-iran,"Malaysian vessels permitted to travel through strait of Hormuz, country’s PM says after Iran talks",https://www.theguardian.com/world/iran/2026/mar/27/all,True,False,True,False,False,True,True,False,False,True,True,-0.25,2026-03-27
2026-03-27,https://www.theguardian.com/australia-news/2026/mar/27/trump-takes-swipe-at-not-great-australia-among-complaints-about-global-lack-of-support-for-us-in-iran-conflict,Albanese says he hasn’t received direct request for help after Trump takes swipe at ‘not great’ Australia,https://www.theguardian.com/world/iran/2026/mar/27/all,False,False,False,False,False,False,False,False,False,True,False,0.0,2026-03-27
2026-03-28,https://www.theguardian.com/world/2026/mar/28/us-destroyed-third-iran-missiles-intelligence-suggests-trump,"US has destroyed only a third of Iran’s missiles, intelligence suggests",https://www.theguardian.com/world/iran/2026/mar/28/all,True,False,True,True,False,False,False,False,False,True,False,1.0,2026-03-30
2026-03-28,https://www.theguardian.com/us-news/2026/mar/28/as-us-troops-sail-to-middle-east-how-likely-is-trump-to-order-boots-on-the-ground,"As US troops sail to Middle East, how likely is Trump to order boots on the ground?",https://www.theguardian.com/world/iran/2026/mar/28/all,False,False,False,False,True,False,False,False,False,True,False,0.0,2026-03-30
2026-03-28,https://www.theguardian.com/world/2026/mar/28/iran-pro-regime-demonstrations-detained-people,"Hundreds of organised protests show resilience of Iranian regime, experts say",https://www.theguardian.com/world/iran/2026/mar/28/all,True,False,False,False,False,False,False,False,False,True,False,0.0,2026-03-30
2026-03-29,https://www.theguardian.com/world/2026/mar/29/what-the-houthis-entry-into-the-iran-war-means-for-the-conflict-and-the-wider-region,What the Houthis’ entry into the Iran war means for the conflict and the wider region,https://www.theguardian.com/world/iran/2026/mar/29/all,True,False,True,False,False,False,False,False,False,True,False,0.25,2026-03-30
2026-03-29,https://www.theguardian.com/world/2026/mar/29/pentagon-ground-operations-iran-report,Lawmakers react to reports Pentagon preparing for ground operations in Iran,https://www.theguardian.com/world/iran/2026/mar/29/all,True,False,False,False,False,False,False,False,False,True,False,0.0,2026-03-30
2026-03-29,https://www.theguardian.com/food/2026/mar/29/how-we-can-improve-food-security-in-britain,How we can improve food security in Britain,https://www.theguardian.com/world/iran/2026/mar/29/all,False,False,False,False,False,False,False,False,False,True,False,0.0,2026-03-30
2026-03-29,https://www.theguardian.com/us-news/ng-interactive/2026/mar/29/how-to-end-the-iran-war,Americans don’t want this war. They can end it,https://www.theguardian.com/world/iran/2026/mar/29/all,False,False,False,False,False,False,False,False,False,True,False,0.0,2026-03-30
2026-03-29,https://www.theguardian.com/us-news/ng-interactive/2026/mar/29/lindsey-graham-trump-iran-war,"Once a foe, Lindsey Graham is now Trump’s biggest Iran war booster: ‘The most pro-war Republican out there’",https://www.theguardian.com/world/iran/2026/mar/29/all,True,False,True,False,False,False,False,False,False,True,False,0.25,2026-03-30
2026-03-29,https://www.theguardian.com/commentisfree/2026/mar/29/trump-boots-ground-iran-war-middle-east,Trump is contemplating the sheer folly of boots on the ground in Iran. How did it come to this?,https://www.theguardian.com/world/iran/2026/mar/29/all,True,False,False,False,False,False,False,False,False,False,False,0.0,2026-03-30
2026-03-29,https://www.theguardian.com/world/2026/mar/29/israeli-strikes-us-troop-buildup-pakistan-peacemaker-role-under-pressure,Israeli strikes and US troop buildup put Pakistan’s peacemaker role under pressure,https://www.theguardian.com/world/iran/2026/mar/29/all,False,False,False,True,False,False,False,False,False,True,False,0.0,2026-03-30
2026-03-29,https://www.theguardian.com/world/2026/mar/29/ukraine-war-briefing-zelenskyy-drums-up-defence-agreements-with-gulf-states-on-countering-missiles-and-drones,Ukraine war briefing: Zelenskyy drums up defence agreements with Gulf states on countering missiles and drones,https://www.theguardian.com/world/iran/2026/mar/29/all,False,False,False,True,False,False,False,False,False,True,False,0.0,2026-03-30
2026-03-30,https://www.theguardian.com/us-news/2026/mar/30/trump-threatens-to-obliterate-irans-energy-grid-if-ceasefire-not-reached-shortly,Trump threatens to ‘obliterate’ Iran’s energy grid if ceasefire not reached ‘shortly’,https://www.theguardian.com/world/iran/2026/mar/30/all,True,False,True,False,True,True,True,False,False,True,True,0.25,2026-03-30
2026-03-30,https://www.theguardian.com/commentisfree/2026/mar/30/the-guardian-view-on-trumps-iran-war-escalation-without-end,The Guardian view on Trump’s Iran war: escalation without end,https://www.theguardian.com/world/iran/2026/mar/30/all,True,False,True,False,True,False,False,False,False,False,False,0.5,2026-03-30
2026-03-30,https://www.theguardian.com/world/2026/mar/30/egypt-pakistan-saudi-arabia-turkey-talks-embryo-new-order,Islamabad talks signal emergence of new four-nation bloc in Middle East,https://www.theguardian.com/world/iran/2026/mar/30/all,False,False,False,False,False,False,True,False,False,True,True,0.0,2026-03-30
2026-03-30,https://www.theguardian.com/news/audio/2026/mar/30/will-trump-put-boots-on-the-ground-in-iran-the-latest,Will Trump put boots on the ground in Iran? – The Latest,https://www.theguardian.com/world/iran/2026/mar/30/all,True,False,False,False,False,False,False,False,False,False,False,0.0,2026-03-30
2026-03-30,https://www.theguardian.com/news/video/2026/mar/30/will-trump-put-boots-on-the-ground-in-iran-the-latest,Will Trump put boots on the ground in Iran? - The Latest,https://www.theguardian.com/world/iran/2026/mar/30/all,True,False,False,False,False,False,False,False,False,False,False,0.0,2026-03-30
2026-03-30,https://www.theguardian.com/world/2026/mar/30/we-cant-look-away-from-the-horrors-of-war,We can’t look away from the horrors of war,https://www.theguardian.com/world/iran/2026/mar/30/all,False,False,False,False,False,False,False,False,False,True,False,0.0,2026-03-30
2026-03-30,https://www.theguardian.com/politics/audio/2026/mar/30/how-will-the-iran-war-play-at-the-ballot-box-in-may-podcast,How will the Iran war play at the ballot box in May? – podcast,https://www.theguardian.com/world/iran/2026/mar/30/all,True,False,True,False,False,False,False,False,False,False,False,0.25,2026-03-30
2026-03-30,https://www.theguardian.com/commentisfree/2026/mar/30/trump-boomer-war-iran,Trump is fighting a ‘boomer war’ in Iran: a relic unpopular with anyone under 60,https://www.theguardian.com/world/iran/2026/mar/30/all,True,False,True,False,False,False,False,False,False,False,False,0.25,2026-03-30
2026-03-30,https://www.theguardian.com/commentisfree/2026/mar/30/trump-iran-war,Trump’s Iran war is holding him hostage,https://www.theguardian.com/world/iran/2026/mar/30/all,True,False,True,False,False,False,False,False,False,False,False,0.25,2026-03-30
2026-03-30,https://www.theguardian.com/film/2026/mar/30/rob-schneider-calls-on-us-to-restore-military-draft,Rob Schneider calls on US to restore military draft,https://www.theguardian.com/world/iran/2026/mar/30/all,False,False,False,False,True,False,False,False,False,True,False,0.0,2026-03-30
2026-03-30,https://www.theguardian.com/world/2026/mar/30/how-could-us-forcibly-reopen-strait-of-hormuz-iran-what-are-the-risks,How could US forcibly reopen strait of Hormuz and what are the risks?,https://www.theguardian.com/world/iran/2026/mar/30/all,True,False,True,False,False,True,False,False,False,True,False,0.75,2026-03-30
2026-03-30,https://www.theguardian.com/artanddesign/video/2026/mar/30/guardian-australia-best-photos-march-how-to-capture-blood-full-moon-picture,Why your moon photos look so bad (and how to fix it): the best Australian photos of March - video,https://www.theguardian.com/world/iran/2026/mar/30/all,False,False,False,False,False,False,False,False,False,False,False,0.0,2026-03-30
2026-03-30,https://www.theguardian.com/world/2026/mar/30/houthis-who-are-they-rebels-fighting-for-iran-war,Who are the Houthis – explained in 30 seconds,https://www.theguardian.com/world/iran/2026/mar/30/all,False,False,False,False,False,False,False,False,False,True,False,0.0,2026-03-30
2026-03-30,https://www.theguardian.com/us-news/2026/mar/30/trump-news-updates-maga-cpac-conservative-conference-iran-dhs-abortion-no-kings,Trump news at a glance: Generational divide over Iran war emerges at key conservative conference,https://www.theguardian.com/world/iran/2026/mar/30/all,True,False,True,False,False,False,False,False,False,True,False,0.25,2026-03-30
2026-03-30,https://www.theguardian.com/world/2026/mar/30/china-teapot-refineries-crude-oil-iran-war,China’s ‘teapot’ oil refineries keep economy brewing – but surging crude prices leave them strained,https://www.theguardian.com/world/iran/2026/mar/30/all,False,False,False,False,False,True,False,False,False,True,False,0.0,2026-03-30
2026-03-31,https://www.theguardian.com/world/2026/mar/31/uk-troops-gulf-donald-trump-jibes-british-military-involvement,UK sends more troops to Gulf amid Trump jibes over British military role,https://www.theguardian.com/world/iran/2026/mar/31/all,False,False,False,False,True,False,False,False,False,True,False,0.0,2026-03-31
2026-03-31,https://www.theguardian.com/uk-news/2026/mar/31/to-call-my-part-of-london-little-tehran-isnt-quite-right,To call my part of London ‘Little Tehran’ isn’t quite right,https://www.theguardian.com/world/iran/2026/mar/31/all,True,False,False,False,False,False,False,False,False,True,False,0.0,2026-03-31
2026-03-31,https://www.theguardian.com/world/video/2026/mar/31/large-explosion-seen-in-isfahan-in-iran-video,Large explosion seen in Isfahan in Iran – video,https://www.theguardian.com/world/iran/2026/mar/31/all,True,False,False,False,False,False,False,False,False,False,False,0.0,2026-03-31
2026-03-31,https://www.theguardian.com/world/2026/mar/31/pakistan-china-propose-five-part-peace-plan-middle-east,Pakistan and China propose five-part peace plan for Middle East,https://www.theguardian.com/world/iran/2026/mar/31/all,False,False,False,False,False,False,True,False,False,True,True,0.0,2026-03-31
2026-03-31,https://www.theguardian.com/football/2026/mar/31/infantino-iran-world-cup-2026,Infantino says Iran ‘will be at the World Cup’ despite war with United States,https://www.theguardian.com/world/iran/2026/mar/31/all,True,False,True,False,False,False,False,False,False,True,False,0.25,2026-03-31
2026-03-31,https://www.theguardian.com/world/2026/mar/31/kuwaiti-tanker-hit-by-iranian-attack-in-dubai-port-raising-oil-spill-fears,‘There’s no safe place here’: Kuwaiti tanker hit by Iranian drone attack in Dubai port,https://www.theguardian.com/world/iran/2026/mar/31/all,True,False,True,True,False,True,False,False,False,True,False,1.0,2026-03-31
2026-03-31,https://www.theguardian.com/world/2026/mar/31/destruction-us-radar-plane-saudi-base-raises-surveillance-concerns,Attack on US radar plane at Saudi base raises concern over Iran’s capabilities,https://www.theguardian.com/world/iran/2026/mar/31/all,True,False,True,True,False,False,False,False,False,True,False,1.0,2026-03-31
2026-03-31,https://www.theguardian.com/commentisfree/2026/mar/31/petrol-more-than-4-a-gallon-dont-blame-jd-vance,Petrol more than $4 a gallon? Don’t blame JD Vance!,https://www.theguardian.com/world/iran/2026/mar/31/all,False,False,False,False,False,False,False,False,False,False,False,0.0,2026-03-31
2026-03-31,https://www.theguardian.com/us-news/2026/mar/31/first-thing-kuwaiti-tanker-hit-by-iranian-drone-attack-in-dubai-port,First Thing: Kuwaiti tanker hit by Iranian drone attack in Dubai port,https://www.theguardian.com/world/iran/2026/mar/31/all,True,False,True,True,False,True,False,False,False,True,False,1.0,2026-03-31
2026-04-01,https://www.theguardian.com/world/2026/apr/01/israel-hits-iran-attacks-killed-senior-hezbollah-commander,Israel hits Iran with waves of attacks and says it killed top Hezbollah commander,https://www.theguardian.com/world/iran/2026/apr/01/all,True,False,True,True,False,False,False,False,False,True,False,1.0,2026-04-01
2026-04-01,https://www.theguardian.com/commentisfree/2026/apr/01/the-guardian-view-on-ukraines-perilous-spring-europes-steadfast-support-is-more-vital-than-ever,The Guardian view on Ukraine’s perilous spring: Europe’s steadfast support is more vital than ever,https://www.theguardian.com/world/iran/2026/apr/01/all,False,False,False,False,False,False,False,False,False,False,False,0.0,2026-04-01
2026-04-01,https://www.theguardian.com/commentisfree/2026/apr/01/inflationary-shock-pay-the-price-uk-energy-crisis-us-iran-war,A third inflationary shock in less than a decade is coming: who will pay the price this time around?,https://www.theguardian.com/world/iran/2026/apr/01/all,False,False,False,False,False,False,False,False,False,False,False,0.0,2026-04-01
2026-04-01,https://www.theguardian.com/world/2026/apr/01/trump-says-he-is-absolutely-considering-withdrawing-us-from-nato,Trump says he is ‘absolutely’ considering withdrawing US from Nato,https://www.theguardian.com/world/iran/2026/apr/01/all,False,False,False,False,False,False,False,False,False,True,False,0.0,2026-04-01
2026-04-01,https://www.theguardian.com/technology/2026/apr/01/dont-blame-ai-for-the-iran-school-bombing,Don’t blame AI for the Iran school bombing,https://www.theguardian.com/world/iran/2026/apr/01/all,True,False,True,True,False,False,False,False,False,True,False,1.0,2026-04-01
2026-04-01,https://www.theguardian.com/news/video/2026/apr/01/trump-lashes-out-at-nato-will-europe-stand-up-to-him-the-latest,Trump lashes out at Nato: will Europe stand up to him? - The Latest,https://www.theguardian.com/world/iran/2026/apr/01/all,False,False,False,False,False,False,False,False,False,False,False,0.0,2026-04-01
2026-04-01,https://www.theguardian.com/politics/live/2026/apr/01/keir-starmer-rachel-reeves-iran-energy-bills-supermarket-cost-of-living-uk-politics-latest-news-updates,Reeves criticises Trump for starting Iran war with no ‘clear plan’ to get out of it – as it happened,https://www.theguardian.com/world/iran/2026/apr/01/all,True,False,True,False,False,False,False,False,False,False,False,0.25,2026-04-01
2026-04-01,https://www.theguardian.com/news/audio/2026/apr/01/trump-lashes-out-will-europe-stand-up-to-him-the-latest,Trump lashes out at Nato: will Europe stand up to him? – The Latest,https://www.theguardian.com/world/iran/2026/apr/01/all,False,False,False,False,False,False,False,False,False,False,False,0.0,2026-04-01
2026-04-01,https://www.theguardian.com/australia-news/2026/apr/01/chalmers-says-small-business-paying-the-price-for-middle-east-conflict-as-he-unveils-support-measures,Anthony Albanese to address nation on Wednesday night as treasurer announces Covid-era support measures,https://www.theguardian.com/world/iran/2026/apr/01/all,False,False,False,False,False,False,False,False,False,True,False,0.0,2026-04-01
2026-04-01,https://www.theguardian.com/world/2026/apr/01/shelly-kittleson-us-american-journalist-kidnapped-iraq,"American journalist Shelly Kittleson kidnapped in Iraq, US officials say",https://www.theguardian.com/world/iran/2026/apr/01/all,False,False,False,False,False,False,False,False,False,True,False,0.0,2026-04-01
2026-04-01,https://www.theguardian.com/world/2026/apr/01/wednesday-briefing-how-did-russia-become-the-unexpected-beneficiary-of-the-iran-war,Wednesday briefing: ​How did Russia become the unexpected beneficiary of the Iran war?,https://www.theguardian.com/world/iran/2026/apr/01/all,True,False,True,False,False,False,False,False,False,True,False,0.25,2026-04-01
2026-04-02,https://www.theguardian.com/world/2026/apr/02/trump-warns-tehran-more-to-follow-after-strike-destroys-irans-largest-bridge,Trump warns Tehran ‘more to follow’ after strike destroys Iran’s largest bridge,https://www.theguardian.com/world/iran/2026/apr/02/all,True,False,True,True,True,False,False,False,False,True,False,1.0,2026-04-02
2026-04-02,https://www.theguardian.com/world/2026/apr/02/coalition-countries-ships-strait-of-hormuz-yvette-cooper,Coalition of countries discuss ‘every possible measure’ to pressure Iran into reopening strait of Hormuz,https://www.theguardian.com/world/iran/2026/apr/02/all,True,False,True,False,False,True,False,False,False,True,False,0.75,2026-04-02
2026-04-02,https://www.theguardian.com/commentisfree/2026/apr/02/trump-iran-speech-reaction,Trump’s surreal speech on Iran shed no light on his goals,https://www.theguardian.com/world/iran/2026/apr/02/all,True,False,False,False,False,False,False,False,False,False,False,0.0,2026-04-02
2026-04-02,https://www.theguardian.com/commentisfree/2026/apr/02/donald-trump-iran-us-constitution-world-response,"To a world at a loss as to how to handle Trump, I say this: the only answer may be to wait him out",https://www.theguardian.com/world/iran/2026/apr/02/all,False,False,False,False,False,False,False,False,False,False,False,0.0,2026-04-02
2026-04-02,https://www.theguardian.com/world/2026/apr/02/you-have-to-be-serious-macron-criticises-trumps-mixed-messages-about-nato-and-iran,‘You have to be serious’: Macron criticises Trump’s mixed messages about Nato and Iran,https://www.theguardian.com/world/iran/2026/apr/02/all,True,False,False,False,False,False,False,False,False,True,False,0.0,2026-04-02
2026-04-02,https://www.theguardian.com/us-news/2026/apr/02/trump-iran-war-address-backlash,‘A litany of lies’: Trump’s rambling primetime Iran address sparks backlash,https://www.theguardian.com/world/iran/2026/apr/02/all,True,False,False,False,False,False,False,False,False,True,False,0.0,2026-04-02
2026-04-02,https://www.theguardian.com/global/video/2026/apr/02/war-without-a-plan-what-trumps-latest-speech-revealed-the-latest,War without a plan?: What Trump’s latest speech revealed – The Latest,https://www.theguardian.com/world/iran/2026/apr/02/all,False,False,False,False,False,False,False,False,False,False,False,0.0,2026-04-02
2026-04-02,https://www.theguardian.com/world/2026/apr/02/how-have-trump-iran-war-aims-changed,How have Trump’s Iran war aims changed and has he achieved any of them?,https://www.theguardian.com/world/iran/2026/apr/02/all,True,False,True,False,False,False,False,False,False,True,False,0.25,2026-04-02
2026-04-02,https://www.theguardian.com/global-development/2026/apr/02/award-winning-iranian-human-rights-lawyer-arrested-in-tehran-says-her-daughter,"Award-winning Iranian human rights lawyer arrested in Tehran, says her daughter",https://www.theguardian.com/world/iran/2026/apr/02/all,True,False,False,False,False,False,False,False,False,True,False,0.0,2026-04-02
2026-04-02,https://www.theguardian.com/us-news/2026/apr/02/lets-play-our-trump-card-over-kings-visit,Let’s play our trump card over king’s visit,https://www.theguardian.com/world/iran/2026/apr/02/all,False,False,False,False,False,False,False,False,False,True,False,0.0,2026-04-02
2026-04-02,https://www.theguardian.com/news/audio/2026/apr/02/war-without-a-plan-what-trumps-latest-speech-revealed-the-latest,War without a plan? What Trump revealed in latest speech – The Latest,https://www.theguardian.com/world/iran/2026/apr/02/all,False,False,False,False,False,False,False,False,False,False,False,0.0,2026-04-02
2026-04-02,https://www.theguardian.com/world/2026/apr/02/strait-of-hormuz-iran-closure-uk-food-medicine-supplies,How could strait of Hormuz closure affect UK food and medicine supplies?,https://www.theguardian.com/world/iran/2026/apr/02/all,True,False,True,False,False,True,False,False,False,True,False,0.75,2026-04-02
2026-04-02,https://www.theguardian.com/global-development/2026/apr/02/iran-iranian-protesters-surge-executions-death-penalty-war,‘Everyone is thinking about oil prices’: is Iran using the war to hide a surge in executions?,https://www.theguardian.com/world/iran/2026/apr/02/all,True,False,True,False,False,True,False,False,True,False,False,0.75,2026-04-02
2026-04-02,https://www.theguardian.com/us-news/2026/apr/02/trump-tulsi-gabbard-intelligence-chief,Trump polled advisers about replacing Tulsi Gabbard as intelligence chief,https://www.theguardian.com/world/iran/2026/apr/02/all,False,False,False,False,False,False,False,False,False,True,False,0.0,2026-04-02
2026-04-02,https://www.theguardian.com/commentisfree/2026/apr/02/donald-trump-trade-war-uk-us-iran-stagflation,Trump’s trade war put the UK on the back foot. His actual war may break us,https://www.theguardian.com/world/iran/2026/apr/02/all,False,False,False,False,False,False,False,False,False,False,False,0.0,2026-04-02
2026-04-02,https://www.theguardian.com/australia-news/2026/apr/02/penny-wong-to-join-talks-with-35-countries-excluding-us-to-explore-ways-to-reopen-strait-of-hormuz,"Penny Wong to join talks with 35 countries, excluding US, to explore ways to reopen strait of Hormuz",https://www.theguardian.com/world/iran/2026/apr/02/all,True,False,True,False,False,True,True,False,False,True,True,-0.25,2026-04-02
2026-04-02,https://www.theguardian.com/world/2026/apr/02/why-eu-not-using-leverage-israel-lebanon-gaza,‘Weak and pathetic’: why is the EU not using its leverage to stop Israel?,https://www.theguardian.com/world/iran/2026/apr/02/all,False,False,False,False,False,False,False,False,False,True,False,0.0,2026-04-02
2026-04-02,https://www.theguardian.com/world/2026/apr/02/trump-iran-war-rationale-uranium-stockpiles,Rationale for Iran war questioned after Trump says ‘I don’t care’ about regime’s uranium stockpiles,https://www.theguardian.com/world/iran/2026/apr/02/all,True,False,True,False,True,False,False,False,False,True,False,0.5,2026-04-02
2026-04-03,https://www.theguardian.com/world/2026/apr/03/us-fighter-jet-confirmed-shot-down-over-iran,One of two US crew members rescued after F-15E jet shot down over Iran,https://www.theguardian.com/world/iran/2026/apr/03/all,True,False,False,False,False,False,False,False,False,True,False,0.0,2026-04-06
2026-04-03,https://www.theguardian.com/world/2026/apr/03/trump-iran-war-is-now-beyond-rhyme-or-reason,Trump’s Iran war is now beyond rhyme or reason,https://www.theguardian.com/world/iran/2026/apr/03/all,True,False,True,False,False,False,False,False,False,True,False,0.25,2026-04-06
2026-04-03,https://www.theguardian.com/world/video/2026/apr/03/footage-shows-iranian-bridge-destroyed-by-strikes-video,Footage shows Iranian bridge destroyed by strikes – video,https://www.theguardian.com/world/iran/2026/apr/03/all,True,False,True,True,False,False,False,False,False,False,False,1.0,2026-04-06
2026-04-03,https://www.theguardian.com/law/2026/apr/03/us-war-crimes-iran-civilian-infrastructure-international-law-school-strike,Is the US committing war crimes by targeting Iran’s civilian infrastructure?,https://www.theguardian.com/world/iran/2026/apr/03/all,True,False,True,False,False,False,False,False,False,True,False,0.25,2026-04-06
2026-04-03,https://www.theguardian.com/us-news/2026/apr/03/soldier-deaths-iran-war-trump-veterans,"Midwest US pays high cost for Trump’s Iran war as soldiers die, while veterans are baffled: ‘Why are we there?’",https://www.theguardian.com/world/iran/2026/apr/03/all,True,False,True,False,False,False,False,False,False,True,False,0.25,2026-04-06
2026-04-03,https://www.theguardian.com/world/2026/apr/03/iraq-deep-rifts-balancing-act-iran-war,Iraqi leaders face balancing act as Iran conflict exposes deep rifts,https://www.theguardian.com/world/iran/2026/apr/03/all,True,False,False,False,False,False,False,False,False,True,False,0.0,2026-04-06
2026-04-03,https://www.theguardian.com/culture/gallery/2026/apr/03/sheida-soleimani-ghostwriter-iran-art-photography-nyc-gallery,Culture of care: surreal celebrations of Iranian tenderness – in pictures,https://www.theguardian.com/world/iran/2026/apr/03/all,True,False,False,False,False,False,False,False,False,False,False,0.0,2026-04-06
2026-04-03,https://www.theguardian.com/world/2026/apr/03/iran-turkey-kapikoy-border-crossing-war,"‘Every night they are bombarding’: at border crossing, some Iranians are fleeing war and some are heading home",https://www.theguardian.com/world/iran/2026/apr/03/all,True,False,True,True,False,False,False,False,False,True,False,1.0,2026-04-06
2026-04-03,https://www.theguardian.com/news/audio/2026/apr/03/the-families-torn-apart-by-the-minab-school-bombing-podcast,The families torn apart by the Minab school bombing – podcast,https://www.theguardian.com/world/iran/2026/apr/03/all,False,False,False,True,False,False,False,False,False,False,False,0.0,2026-04-06
2026-04-04,https://www.theguardian.com/world/2026/apr/04/iran-conflict-uk-easter-messages-archbishop-canterbury-keir-starmer,Iran conflict to forefront of UK religious and political leaders’ Easter messages,https://www.theguardian.com/world/iran/2026/apr/04/all,True,False,False,False,False,False,False,False,False,True,False,0.0,2026-04-06
2026-04-04,https://www.theguardian.com/world/2026/apr/04/lebanon-australians-watch-despair-israeli-bombardment-families-flee,‘You feel utterly helpless’: Lebanese Australians watch in despair as Israeli bombardment forces families to flee,https://www.theguardian.com/world/iran/2026/apr/04/all,False,False,False,True,False,False,False,False,False,True,False,0.0,2026-04-06
2026-04-04,https://www.theguardian.com/us-news/2026/apr/04/soleimani-family-arrested-us-federal-authorities,US authorities arrest relatives of late Iranian military commander who were living in Los Angeles,https://www.theguardian.com/world/iran/2026/apr/04/all,True,False,True,False,True,False,False,False,False,True,False,0.5,2026-04-06
2026-04-04,https://www.theguardian.com/us-news/2026/apr/04/timeline-iran-war-trump-contradictions,"Oil, strait of Hormuz and empty threats: a timeline of Trump’s flip-flopping on the Iran war",https://www.theguardian.com/world/iran/2026/apr/04/all,True,False,True,False,True,True,False,False,False,True,False,1.0,2026-04-06
2026-04-04,https://www.theguardian.com/us-news/2026/apr/04/trump-using-dysphemism-language-against-iran,"Forget euphemism, Trump is using unabashed viciousness in his language against Iran",https://www.theguardian.com/world/iran/2026/apr/04/all,True,False,False,False,False,False,False,False,False,True,False,0.0,2026-04-06
2026-04-04,https://www.theguardian.com/world/2026/apr/04/children-us-israel-iran-war-middle-east,"Death, displacement and military duties: children plunged into crisis by Middle East war",https://www.theguardian.com/world/iran/2026/apr/04/all,False,False,False,False,True,False,False,False,False,True,False,0.0,2026-04-06
2026-04-04,https://www.theguardian.com/commentisfree/2026/apr/04/donald-trump-iran-war-evangelical-nationalists-moral-world-order-pete-hegseth,"As Team Trump wage unceasing war on Iran, evangelical nationalists are destroying any moral world order we once had",https://www.theguardian.com/world/iran/2026/apr/04/all,True,False,True,False,False,False,False,False,False,False,False,0.25,2026-04-06
2026-04-05,https://www.theguardian.com/business/2026/apr/05/iranian-drone-strikes-hit-kuwait-oil-infrastructure-before-opec-supply-talks,Iran strikes Kuwait’s oil infrastructure before Opec+ supply talks,https://www.theguardian.com/world/iran/2026/apr/05/all,True,False,True,True,False,True,True,False,False,True,True,0.75,2026-04-06
2026-04-05,https://www.theguardian.com/us-news/2026/apr/05/trump-iran-threats-politician-reactions,‘Unhinged madman’: US politicians react to Trump’s expletive-laden threat to Iran,https://www.theguardian.com/world/iran/2026/apr/05/all,True,False,False,False,True,False,False,False,False,True,False,0.0,2026-04-06
2026-04-05,https://www.theguardian.com/world/2026/apr/05/propaganda-f-15-crew-rescue-downing-reminder-iran-fight-back-donald-trump,"Despite propaganda coup of F-15 crew rescue, downing is reminder to US that Iran can fight back",https://www.theguardian.com/world/iran/2026/apr/05/all,True,False,False,False,False,False,False,False,False,True,False,0.0,2026-04-06
2026-04-05,https://www.theguardian.com/australia-news/2026/apr/05/asian-leaders-assure-australia-normal-supply-of-fuel-will-continue-as-albanese-focuses-on-averting-shortages,Asian countries assure Australia ‘normal supply’ of fuel will continue as Albanese focuses on averting shortages,https://www.theguardian.com/world/iran/2026/apr/05/all,False,False,False,False,False,False,False,False,False,True,False,0.0,2026-04-06
2026-04-06,https://www.theguardian.com/us-news/2026/apr/06/trump-iran-easter-press-conference,Down the rabbit hole: Trump offers dark Iran warnings after Easter bunny act,https://www.theguardian.com/world/iran/2026/apr/06/all,True,False,False,False,True,False,False,False,False,True,False,0.0,2026-04-06
2026-04-06,https://www.theguardian.com/us-news/video/2026/apr/06/trump-says-iran-can-be-taken-out-in-one-night-video,Trump says Iran 'can be taken out in one night' – video,https://www.theguardian.com/world/iran/2026/apr/06/all,True,False,False,False,False,False,False,False,False,False,False,0.0,2026-04-06
2026-04-06,https://www.theguardian.com/us-news/2026/apr/06/trump-threats-journalist-missing-airman-iran,Trump threatens to jail journalist to find source of second missing airman report,https://www.theguardian.com/world/iran/2026/apr/06/all,False,False,False,False,True,False,False,False,False,True,False,0.0,2026-04-06
2026-04-06,https://www.theguardian.com/us-news/2026/apr/06/trump-iranians-strikes-on-infrastructure,"Trump claims, without proof, Iranians welcome US strikes on infrastructure",https://www.theguardian.com/world/iran/2026/apr/06/all,True,False,True,True,False,False,False,False,False,True,False,1.0,2026-04-06
2026-04-06,https://www.theguardian.com/commentisfree/2026/apr/06/the-guardian-view-on-trumps-apocalyptic-threats-a-sign-not-of-strength-but-of-moral-and-strategic-weakness-,"The Guardian view on Trump’s apocalyptic threats: a sign not of strength, but of moral and strategic weakness",https://www.theguardian.com/world/iran/2026/apr/06/all,False,False,False,False,True,False,False,False,False,False,False,0.0,2026-04-06
2026-04-06,https://www.theguardian.com/law/2026/apr/06/trump-threats-dilemma-for-officers-disobey-orders-or-commit-war-crimes,Trump threats cause dilemma for US officers: disobey orders or commit war crimes,https://www.theguardian.com/world/iran/2026/apr/06/all,False,False,False,False,True,False,False,False,False,True,False,0.0,2026-04-06
2026-04-06,https://www.theguardian.com/technology/2026/apr/06/iran-internet-blackout-is-longest-national-shutdown-since-arab-spring,Iran’s internet blackout is longest national shutdown since Arab spring,https://www.theguardian.com/world/iran/2026/apr/06/all,True,False,False,False,False,False,False,False,False,True,False,0.0,2026-04-06
2026-04-06,https://www.theguardian.com/us-news/2026/apr/06/republicans-ai-image-us-plane-member-rescue-iran,Republicans fooled by AI-generated image of US airman rescued in Iran,https://www.theguardian.com/world/iran/2026/apr/06/all,True,False,False,False,False,False,False,False,False,True,False,0.0,2026-04-06
2026-04-06,https://www.theguardian.com/world/2026/apr/06/trump-iran-war-netanyahu-israel,Was Trump oblivious to the realities of Netanyahu’s promised ‘easy’ war on Iran?,https://www.theguardian.com/world/iran/2026/apr/06/all,True,False,True,False,False,False,False,False,False,True,False,0.25,2026-04-06
2026-04-06,https://www.theguardian.com/us-news/2026/apr/06/michigan-senate-race-democrats,Arab Americans in Michigan warn centrist Democrats attacking Hasan Piker: ‘They haven’t learned from 2024’,https://www.theguardian.com/world/iran/2026/apr/06/all,False,False,False,True,True,False,False,False,False,True,False,0.0,2026-04-06
2026-04-06,https://www.theguardian.com/commentisfree/2026/apr/06/donald-trump-us-israel-war-iran-sixth-week,Trump’s chaotic war on Iran has dragged into its sixth week because he is fighting an adversary he doesn’t understand,https://www.theguardian.com/world/iran/2026/apr/06/all,True,False,True,False,False,False,False,False,False,False,False,0.25,2026-04-06
2026-04-06,https://www.theguardian.com/us-news/2026/apr/06/trump-administration-news-updates-social-media-post-today,Trump news at a glance: president accused of ‘threatening possible war crimes’ in Iran post,https://www.theguardian.com/world/iran/2026/apr/06/all,True,False,True,False,True,False,False,False,False,True,False,0.5,2026-04-06
2026-04-07,https://www.theguardian.com/world/2026/apr/07/iran-cyberattacks-infrastructure,US warns of Iran-affiliated cyber-attacks on critical infrastructure across country,https://www.theguardian.com/world/iran/2026/apr/07/all,True,False,True,True,True,False,False,False,False,True,False,1.0,2026-04-07
2026-04-07,https://www.theguardian.com/world/2026/apr/07/israel-warns-iran-lives-at-risk-if-they-use-trains-trump-deadline,Donald Trump says ‘a whole civilisation will die’ if Iran ignores demands,https://www.theguardian.com/world/iran/2026/apr/07/all,True,False,False,False,False,False,False,False,False,True,False,0.0,2026-04-07
2026-04-07,https://www.theguardian.com/us-news/2026/apr/07/trump-iran-threat-truth-social,Democrats outraged at Trump’s Iran post: ‘A threat to commit a war crime’,https://www.theguardian.com/world/iran/2026/apr/07/all,True,False,True,False,True,False,False,False,False,True,False,0.5,2026-04-07
2026-04-07,https://www.theguardian.com/commentisfree/2026/apr/07/us-trump-iran-war-civilians,Protecting civilians is a sign of strength – and an American ideal,https://www.theguardian.com/world/iran/2026/apr/07/all,False,False,False,False,False,False,False,False,False,False,False,0.0,2026-04-07
2026-04-07,https://www.theguardian.com/world/2026/apr/07/iran-young-people-human-chains-power-plants-donald-trump-deadline-looms,Iran calls on young people to form human chains around power plants as Trump deadline looms,https://www.theguardian.com/world/iran/2026/apr/07/all,True,False,False,False,False,False,False,False,False,True,False,0.0,2026-04-07
2026-04-07,https://www.theguardian.com/politics/live/2026/apr/07/doctors-strike-wes-streeting-snp-fuel-prices-nigel-farage-reform-uk-keir-starmer-labour-strait-hormuz-uk-politics-latest-updates,UK politics: Farage says Trump’s Iranian ‘civilisation will die’ threats went ‘way too far’– as it happened,https://www.theguardian.com/world/iran/2026/apr/07/all,True,False,False,False,True,False,False,False,False,False,False,0.0,2026-04-07
2026-04-07,https://www.theguardian.com/world/2026/apr/07/will-bombing-iran-back-to-the-stone-ages-achieve-any-war-objectives,Will bombing Iran back to the ‘stone ages’ achieve any war objectives?,https://www.theguardian.com/world/iran/2026/apr/07/all,True,False,True,True,False,False,False,False,False,True,False,1.0,2026-04-07
2026-04-07,https://www.theguardian.com/commentisfree/2026/apr/07/trump-iran-international-war-crimes-prosecution,"If Trump commits war crimes in Iran, he can be prosecuted",https://www.theguardian.com/world/iran/2026/apr/07/all,True,False,True,False,False,False,False,False,False,False,False,0.25,2026-04-07
2026-04-07,https://www.theguardian.com/news/video/2026/apr/07/trump-threatens-to-take-out-iran-again-the-latest,Trump’s deadline for Iran looms… again – The Latest,https://www.theguardian.com/world/iran/2026/apr/07/all,True,False,False,False,False,False,False,False,False,False,False,0.0,2026-04-07
2026-04-07,https://www.theguardian.com/news/audio/2026/apr/07/trump-threatens-to-take-out-iran-again-the-latest,Trump latest Iran deadline looms – The Latest,https://www.theguardian.com/world/iran/2026/apr/07/all,True,False,False,False,False,False,False,False,False,False,False,0.0,2026-04-07
2026-04-07,https://www.theguardian.com/artanddesign/2026/apr/07/destroyed-aircraft-helicopter-plane-us-mission-iran-picture-essay,Aftermath of a rescue: wreckage of aircraft at site of US mission in Iran,https://www.theguardian.com/world/iran/2026/apr/07/all,True,False,False,False,False,False,False,False,False,True,False,0.0,2026-04-07
2026-04-07,https://www.theguardian.com/culture/2026/apr/07/jimmy-kimmel-trump-iran-posts,Jimmy Kimmel on Trump’s posts: ‘The only president who teases a bombing the same way ABC promotes episodes’,https://www.theguardian.com/world/iran/2026/apr/07/all,False,False,False,True,False,False,False,False,False,True,False,0.0,2026-04-07
2026-04-07,https://www.theguardian.com/commentisfree/picture/2026/apr/07/martin-rowson-donald-trump-bunker-cartoon,Martin Rowson on Trump’s bunker – cartoon,https://www.theguardian.com/world/iran/2026/apr/07/all,False,False,False,False,False,False,False,False,False,False,False,0.0,2026-04-07
2026-04-07,https://www.theguardian.com/environment/2026/apr/07/oil-slick-shahid-bagheri-iran-ship-hara-wetland,Oil slick from bombed Iranian ship threatens protected wetland,https://www.theguardian.com/world/iran/2026/apr/07/all,True,False,True,True,True,True,False,False,False,True,False,1.0,2026-04-07
2026-04-07,https://www.theguardian.com/commentisfree/2026/apr/07/trump-needs-to-go-we-cant-use-25th-amendment-idea,"Trump needs to go. If we can’t use the 25th amendment, I have another idea",https://www.theguardian.com/world/iran/2026/apr/07/all,False,False,False,False,False,False,False,False,False,False,False,0.0,2026-04-07
2026-04-07,https://www.theguardian.com/australia-news/video/2026/apr/07/australian-prime-minister-albanese-responds-trump-iran-war,'That's not a question for me': Albanese on Trump saying Australia 'didn't help' Iran war – video,https://www.theguardian.com/world/iran/2026/apr/07/all,True,False,True,False,False,False,False,False,False,False,False,0.25,2026-04-07
2026-04-08,https://www.theguardian.com/world/2026/apr/08/israel-operations-in-lebanon-to-continue-despite-trump-ceasefire-iran-pakistan-hezbollah,At least 254 killed after Israel hits Lebanon with massive wave of airstrikes,https://www.theguardian.com/world/iran/2026/apr/08/all,False,False,False,True,False,False,False,False,False,True,False,0.0,2026-04-08
2026-04-08,https://www.theguardian.com/world/2026/apr/08/middle-east-ceasefire-doubt-israel-lebanon-iran-oil-tankers,Middle East ceasefire threatens to unravel as Israel assaults Lebanon and Iran blocks oil tankers,https://www.theguardian.com/world/iran/2026/apr/08/all,True,False,True,False,True,True,True,False,False,True,True,0.25,2026-04-08
2026-04-08,https://www.theguardian.com/world/2026/apr/08/keir-starmer-says-it-is-uks-job-to-help-reopen-strait-of-hormuz,Starmer says UK wants to help with opening of Hormuz strait on Gulf visit,https://www.theguardian.com/world/iran/2026/apr/08/all,True,False,True,False,False,True,False,False,False,True,False,0.75,2026-04-08
2026-04-08,https://www.theguardian.com/world/2026/apr/08/oil-prices-stock-today-futures-crude-donald-trump-iran-ceasefire,Oil prices plunge and stocks jump after Trump announces conditional ceasefire with Iran,https://www.theguardian.com/world/iran/2026/apr/08/all,True,False,True,False,False,True,True,False,True,False,True,-0.25,2026-04-08
2026-04-08,https://www.theguardian.com/us-news/2026/apr/08/trump-iran-ceasefire-maga,Success or surrender? Iran ceasefire exposes rift in Trump’s Maga movement,https://www.theguardian.com/world/iran/2026/apr/08/all,True,False,True,False,False,False,True,False,False,True,True,-0.75,2026-04-08
2026-04-08,https://www.theguardian.com/world/2026/apr/08/relief-financial-markets-iran-ceasefire-far-from-absolute,Ceasefire brings relief to financial markets – but it is far from absolute,https://www.theguardian.com/world/iran/2026/apr/08/all,False,False,False,False,False,False,True,False,True,False,True,0.0,2026-04-08
2026-04-08,https://www.theguardian.com/commentisfree/2026/apr/08/trump-stepped-back-iran-threats-what-next,The US stepped back from the precipice in Iran. But what happens next?,https://www.theguardian.com/world/iran/2026/apr/08/all,True,False,False,False,False,False,False,False,False,False,False,0.0,2026-04-08
2026-04-08,https://www.theguardian.com/us-news/2026/apr/08/25th-amendment-democrats-trump-war-powers,Democrats renew push to curb Trump’s Iran war as calls to use 25th amendment mount,https://www.theguardian.com/world/iran/2026/apr/08/all,True,False,True,False,False,False,False,False,False,True,False,0.25,2026-04-08
2026-04-08,https://www.theguardian.com/world/video/2026/apr/08/more-than-250-killed-as-israel-launches-largest-attack-since-start-of-war-video,More than 250 killed in Lebanon as Israel launches largest attack of war against Hezbollah – video,https://www.theguardian.com/world/iran/2026/apr/08/all,False,False,False,True,False,False,False,False,False,False,False,0.0,2026-04-08
2026-04-08,https://www.theguardian.com/world/2026/apr/08/pakistan-us-israel-iran-ceasefire,How Pakistan secured ‘biggest diplomatic win in years’ with Iran ceasefire,https://www.theguardian.com/world/iran/2026/apr/08/all,True,False,True,False,False,False,True,False,False,True,True,-0.75,2026-04-08
2026-04-08,https://www.theguardian.com/commentisfree/2026/apr/08/the-guardian-view-on-trump-iran-and-the-ceasefire-a-devastating-war-has-only-losers,"The Guardian view on Trump, Iran and the ceasefire: a devastating war has only losers",https://www.theguardian.com/world/iran/2026/apr/08/all,True,False,True,False,False,False,True,False,False,False,True,-0.75,2026-04-08
2026-04-08,https://www.theguardian.com/world/2026/apr/08/will-shipping-in-the-strait-of-hormuz-and-oil-prices-return-to-normal,Will shipping in the strait of Hormuz – and oil prices – return to normal?,https://www.theguardian.com/world/iran/2026/apr/08/all,True,False,True,False,False,True,False,False,True,False,False,0.75,2026-04-08
2026-04-08,https://www.theguardian.com/politics/live/2026/apr/08/keir-starmer-iran-war-trump-ceasefire-gulf-strait-of-hormuz-labour-conservatives-liberal-democrats-reform-scotland-holyrood-uk-politics-latest-news-updates,UK politics: Starmer warns ‘lot of work to do’ to make ceasefire permanent at start of talks in Gulf - as it happened,https://www.theguardian.com/world/iran/2026/apr/08/all,False,False,False,False,True,False,True,False,False,False,True,0.0,2026-04-08
2026-04-08,https://www.theguardian.com/us-news/2026/apr/08/trump-nixon-iran-madman-theory,Trump may be using Nixon’s ‘madman theory’ – and similar infamy may await,https://www.theguardian.com/world/iran/2026/apr/08/all,False,False,False,False,False,False,False,False,False,True,False,0.0,2026-04-08
2026-04-08,https://www.theguardian.com/world/2026/apr/08/debates-arguments-iranians-react-two-week-ceasefire,‘In no way do we trust America’: Iranians react to two-week ceasefire,https://www.theguardian.com/world/iran/2026/apr/08/all,True,False,True,False,False,False,True,True,False,True,False,0.5,2026-04-08
2026-04-08,https://www.theguardian.com/commentisfree/2026/apr/08/iran-crisis-ceasefire-friday-talks-islamabad-nuclear-programme,The Iran crisis is far from over – instead we are entering a new and uncertain phase,https://www.theguardian.com/world/iran/2026/apr/08/all,True,False,False,False,False,False,False,False,False,False,False,0.0,2026-04-08
2026-04-08,https://www.theguardian.com/world/2026/apr/08/hegseth-press-briefing-iran-ceasefire,Hegseth claims Iran ‘begged’ for ceasefire after US and Tehran agree to two-week pause,https://www.theguardian.com/world/iran/2026/apr/08/all,True,False,True,False,False,False,True,False,False,True,True,-0.75,2026-04-08
2026-04-08,https://www.theguardian.com/world/audio/2026/apr/08/us-iran-ceasefire-has-tehran-played-trump-the-latest,US-Iran ceasefire: has Tehran played Trump? – The Latest,https://www.theguardian.com/world/iran/2026/apr/08/all,True,False,True,False,False,False,True,False,False,False,True,-0.75,2026-04-08
2026-04-08,https://www.theguardian.com/news/video/2026/apr/08/us-iran-ceasefire-has-tehran-played-trump-the-latest,US-Iran ceasefire: has Tehran played Trump? - The Latest,https://www.theguardian.com/world/iran/2026/apr/08/all,True,False,True,False,False,False,True,False,False,False,True,-0.75,2026-04-08
2026-04-08,https://www.theguardian.com/world/2026/apr/08/us-iran-ceasefire-mass-exodus-ships-strait-hormuz-analysts,"Ceasefire changes little for shipping in strait of Hormuz, experts say",https://www.theguardian.com/world/iran/2026/apr/08/all,True,False,True,False,False,True,True,False,False,True,True,-0.25,2026-04-08
2026-04-08,https://www.theguardian.com/world/2026/apr/08/war-with-no-winners-netanyahu-israel-iran-us-ceasefire,"In a war with no winners, Netanyahu looks like the biggest loser",https://www.theguardian.com/world/iran/2026/apr/08/all,False,False,False,False,False,False,False,False,False,True,False,0.0,2026-04-08
2026-04-08,https://www.theguardian.com/us-news/video/2026/apr/08/vance-warns-iran-to-act-in-good-faith-in-fragile-ceasefire-video,JD Vance warns Iran to act in good faith in 'fragile' ceasefire – video,https://www.theguardian.com/world/iran/2026/apr/08/all,True,False,True,False,True,False,True,False,False,False,True,-0.5,2026-04-08
2026-04-08,https://www.theguardian.com/world/2026/apr/08/ceasefire-wins-trump-instant-gratification-but-iran-can-enter-talks-with-stronger-hand,Ceasefire wins Trump instant gratification but Iran can enter talks with stronger hand,https://www.theguardian.com/world/iran/2026/apr/08/all,True,False,True,False,False,False,True,False,False,True,True,-0.75,2026-04-08
2026-04-08,https://www.theguardian.com/world/video/2026/apr/08/jubilation-tehran-ceasefire-iran-us-war-video,Jubilation on streets of Tehran as Iran and US agree two-week ceasefire – video,https://www.theguardian.com/world/iran/2026/apr/08/all,True,False,True,False,False,False,True,False,False,False,True,-0.75,2026-04-08
2026-04-08,https://www.theguardian.com/world/2026/apr/08/trump-iran-war-ceasefire-deadline-what-we-know-so-far,Iran war ceasefire announcement – what we know so far,https://www.theguardian.com/world/iran/2026/apr/08/all,True,False,True,False,False,False,True,False,False,True,True,-0.75,2026-04-08
2026-04-08,https://www.theguardian.com/australia-news/2026/apr/08/petrol-prices-rise-australia-iran-ceasefire-cheaper-fuel,Petrol prices rise again as Albanese government warns Iran war ceasefire won’t make fuel cheaper,https://www.theguardian.com/world/iran/2026/apr/08/all,True,False,True,False,True,False,True,False,False,True,True,-0.5,2026-04-08
2026-04-08,https://www.theguardian.com/world/2026/apr/08/iran-10-point-plan-ceasefire-donald-trump-us,Explainer: What is in Iran’s 10-point ceasefire plan and will the US agree to it?,https://www.theguardian.com/world/iran/2026/apr/08/all,True,False,True,False,False,False,True,False,False,True,True,-0.75,2026-04-08
2026-04-08,https://www.theguardian.com/australia-news/2026/apr/08/australian-pm-anthony-albanese-trump-iran-threats-comments,Anthony Albanese brands Trump’s Iran threats ‘extraordinary’ in rare moment of criticism,https://www.theguardian.com/world/iran/2026/apr/08/all,True,False,False,False,True,False,False,False,False,True,False,0.0,2026-04-08
2026-04-08,https://www.theguardian.com/world/2026/apr/08/ukraine-war-briefing-kyiv-how-russian-satellites-help-iran-in-war,Ukraine war briefing: Kyiv lays out how ‘Russian satellites help Iran in war’,https://www.theguardian.com/world/iran/2026/apr/08/all,True,False,True,False,False,False,False,False,False,True,False,0.25,2026-04-08
2026-04-08,https://www.theguardian.com/world/2026/apr/08/new-zealand-us-fuel-tankers-pacific-iran-war,New Zealand asks US to send fuel tankers to Pacific to alleviate pressure caused by Iran war,https://www.theguardian.com/world/iran/2026/apr/08/all,True,False,True,False,False,True,False,False,False,True,False,0.75,2026-04-08
2026-04-09,https://www.theguardian.com/business/2026/apr/09/mental-breakdown-oil-tanker-workers-stuck-in-gulf-for-six-weeks-are-reaching-their-limit,‘Mental breakdown’: oil tanker workers stuck in Gulf for six weeks are reaching their limit,https://www.theguardian.com/world/iran/2026/apr/09/all,False,False,False,False,False,True,False,False,False,True,False,0.0,2026-04-09
2026-04-09,https://www.theguardian.com/politics/live/2026/apr/09/iran-yvette-cooper-starmer-gulf-green-polanski-elections-housing-latest-news-updates,Starmer says talks with Gulf leaders have reinforced sense Iran war ceasefire is ‘fragile’ – as it happened,https://www.theguardian.com/world/iran/2026/apr/09/all,True,False,True,False,False,False,True,False,False,False,True,-0.75,2026-04-09
2026-04-09,https://www.theguardian.com/culture/2026/apr/09/jimmy-kimmel-iran-ceasefire-trump-jd-vance,Jimmy Kimmel on US ceasefire negotiators: ‘We’d be better off with Alvin and the Chipmunks’,https://www.theguardian.com/world/iran/2026/apr/09/all,False,False,False,False,False,False,True,False,False,True,True,0.0,2026-04-09
2026-04-09,https://www.theguardian.com/uk-news/2026/apr/09/son-british-couple-detained-iran-calls-starmer-press-for-release,Son of British couple detained in Iran calls on Starmer to press for their release,https://www.theguardian.com/world/iran/2026/apr/09/all,True,False,False,False,False,False,False,False,False,True,False,0.0,2026-04-09
2026-04-09,https://www.theguardian.com/world/2026/apr/09/israel-lebanon-iran-war-ceasefire,Did Israel attack Lebanon to spoil Iran war ceasefire?,https://www.theguardian.com/world/iran/2026/apr/09/all,True,False,True,True,False,False,True,False,False,True,True,0.0,2026-04-09
2026-04-09,https://www.theguardian.com/politics/2026/apr/09/zack-polanski-uk-trade-agreement-israel-lebanon-strikes,Zack Polanski calls for UK to withdraw trade agreement with Israel after strikes on Lebanon,https://www.theguardian.com/world/iran/2026/apr/09/all,False,False,False,True,False,False,False,False,False,True,False,0.0,2026-04-09
2026-04-09,https://www.theguardian.com/business/2026/apr/09/ba-middle-east-flights-services-resume-july,BA to reduce Middle East flights when services resume in July,https://www.theguardian.com/world/iran/2026/apr/09/all,False,False,False,False,False,False,False,False,False,True,False,0.0,2026-04-09
2026-04-09,https://www.theguardian.com/commentisfree/2026/apr/09/how-to-beat-trump-iran-minneapolis-harvard,How to defeat Trump every time,https://www.theguardian.com/world/iran/2026/apr/09/all,False,False,False,False,False,False,False,False,False,False,False,0.0,2026-04-09
2026-04-09,https://www.theguardian.com/world/2026/apr/09/who-can-claim-victory-iran-ceasefire-china,Who can claim victory if Iran ceasefire holds? An early winner is China,https://www.theguardian.com/world/iran/2026/apr/09/all,True,False,True,False,False,False,True,False,False,True,True,-0.75,2026-04-09
2026-04-09,https://www.theguardian.com/world/2026/apr/09/australian-spy-plane-operators-in-middle-east-not-sharing-intel-with-us-for-offensive-operations-defence-boss-says,"Australian spy plane operators in Middle East not sharing intel with US for offensive operations, defence boss says",https://www.theguardian.com/world/iran/2026/apr/09/all,False,False,False,False,False,False,False,False,False,True,False,0.0,2026-04-09
2026-04-09,https://www.theguardian.com/world/2026/apr/09/lebanon-us-iran-ceasefire-deal-yvette-cooper,"Lebanon must be included in US-Iran ceasefire deal, UK ministers tell Trump",https://www.theguardian.com/world/iran/2026/apr/09/all,True,False,True,False,False,False,True,False,False,True,True,-0.75,2026-04-09
2026-04-09,https://www.theguardian.com/world/2026/apr/09/thursday-briefing-what-difference-will-the-ceasefire-in-the-middle-east-make-and-will-it-hold,"Thursday briefing: ​What difference will the ceasefire in the Middle East make, and will it hold?",https://www.theguardian.com/world/iran/2026/apr/09/all,False,False,False,False,False,False,True,False,False,True,True,0.0,2026-04-09
2026-04-09,https://www.theguardian.com/film/2026/apr/09/george-clooney-trump-civilisation-will-die-tonight-war-crime-comments,George Clooney calls Donald Trump’s ‘a whole civilization will die tonight’ threat to Iran a war crime,https://www.theguardian.com/world/iran/2026/apr/09/all,True,False,True,False,True,False,False,False,False,True,False,0.5,2026-04-09
2026-04-09,https://www.theguardian.com/commentisfree/2026/apr/09/iran-is-a-turning-point-for-europes-liberation-from-donald-trump,Iran is a turning point for Europe’s liberation – from Donald Trump,https://www.theguardian.com/world/iran/2026/apr/09/all,True,False,False,False,False,False,False,False,False,False,False,0.0,2026-04-09
2026-04-09,https://www.theguardian.com/commentisfree/2026/apr/09/trump-rhetoric-australia-pm-anthony-albanese-response,Trump’s rhetoric has become less grounded in reality – Albanese can no longer tiptoe around the madness,https://www.theguardian.com/world/iran/2026/apr/09/all,False,False,False,False,False,False,False,False,False,False,False,0.0,2026-04-09
2026-04-10,https://www.theguardian.com/world/2026/apr/10/jd-vance-warns-iran-against-trying-to-play-the-us-in-peace-talks,JD Vance warns Iran against trying to ‘play’ the US in peace talks,https://www.theguardian.com/world/iran/2026/apr/10/all,True,False,True,False,True,False,True,False,False,True,True,-0.5,2026-04-10
2026-04-10,https://www.theguardian.com/world/2026/apr/10/pope-leo-criticism-iran-war,‘God does not bless any conflict’: pope issues new rebuke over Iran war,https://www.theguardian.com/world/iran/2026/apr/10/all,True,False,True,False,False,False,False,False,False,True,False,0.25,2026-04-10
2026-04-10,https://www.theguardian.com/news/video/2026/apr/10/trumps-war-melania-and-epstein-with-us-editor-betsy-reed-the-latest,"Trump’s war and Melania’s Epstein statement, with US editor Betsy Reed – The Latest",https://www.theguardian.com/world/iran/2026/apr/10/all,False,False,False,False,False,False,False,False,False,False,False,0.0,2026-04-10
2026-04-10,https://www.theguardian.com/commentisfree/picture/2026/apr/10/martin-rowson-on-middle-east-peace-talks-cartoon,Martin Rowson on Middle East peace talks – cartoon,https://www.theguardian.com/world/iran/2026/apr/10/all,False,False,False,False,False,False,True,False,False,False,True,0.0,2026-04-10
2026-04-10,https://www.theguardian.com/politics/live/2026/apr/10/starmer-trump-putin-iran-war-farage-reform-latest-news-updates,Starmer implies he didn’t tell Trump he was ‘fed up’ about his impact on rising UK energy bills – as it happened,https://www.theguardian.com/world/iran/2026/apr/10/all,False,False,False,False,False,True,False,False,False,False,False,0.0,2026-04-10
2026-04-10,https://www.theguardian.com/world/video/2026/apr/10/how-pakistan-emerged-mediator-us-iran-conflict-video-explainer,How Pakistan emerged as a mediator in the Iran conflict – video explainer,https://www.theguardian.com/world/iran/2026/apr/10/all,True,False,False,False,False,False,False,False,False,False,False,0.0,2026-04-10
2026-04-10,https://www.theguardian.com/world/2026/apr/10/middle-east-crisis-has-given-iran-new-way-to-resist-nuclear-limits-say-former-us-iran-envoys,"War has given Iran new leverage for nuclear programme, say US former envoys",https://www.theguardian.com/world/iran/2026/apr/10/all,True,False,True,False,True,False,False,False,False,True,False,0.5,2026-04-10
2026-04-10,https://www.theguardian.com/world/2026/apr/10/trump-iran-intervention-easy-as-venezuela-maduro-capture-john-feeley,"Trump ‘reaping bitter fruit’ of thinking Iran intervention as easy as Venezuela, says former diplomat",https://www.theguardian.com/world/iran/2026/apr/10/all,True,False,False,False,False,False,False,False,False,True,False,0.0,2026-04-10
2026-04-10,https://www.theguardian.com/world/2026/apr/10/yassamin-ansari-representative-congress-iran-trump,’He’s mentally unstable’: Iranian American in Congress condemns Trump’s war and pushes for his removal,https://www.theguardian.com/world/iran/2026/apr/10/all,True,False,True,False,False,False,False,False,False,True,False,0.25,2026-04-10
2026-04-10,https://www.theguardian.com/commentisfree/2026/apr/10/us-israel-war-iran-lebanon-western-silence-gaza,Why is anyone surprised by the US and Israel’s latest war? It’s only what the world allowed them to do in Gaza,https://www.theguardian.com/world/iran/2026/apr/10/all,False,False,False,False,False,False,False,False,False,False,False,0.0,2026-04-10
2026-04-10,https://www.theguardian.com/politics/2026/apr/10/starmer-fed-up-trump-uk-politics,Starmer says he is ‘fed up’ with Trump and Putin’s impact on UK energy costs,https://www.theguardian.com/world/iran/2026/apr/10/all,False,False,False,False,False,True,False,False,False,True,False,0.0,2026-04-10
2026-04-10,https://www.theguardian.com/world/2026/apr/10/gulf-states-rethink-security-us-israel-war-iran-ceasefire,Gulf states rethink security in light of US-Israel war on Iran,https://www.theguardian.com/world/iran/2026/apr/10/all,True,False,True,False,False,False,False,False,False,True,False,0.25,2026-04-10
2026-04-10,https://www.theguardian.com/news/audio/2026/apr/10/ai-got-the-blame-for-the-iran-school-bombing-the-truth-is-far-more-worrying-podcast,AI got the blame for the Iran school bombing. The truth is far more worrying – podcast,https://www.theguardian.com/world/iran/2026/apr/10/all,True,False,True,True,False,False,False,False,False,False,False,1.0,2026-04-10
2026-04-11,https://www.theguardian.com/world/2026/apr/11/pope-leo-us-israel-iran-war,Pope says ‘enough of war’ and decries ‘delusion of omnipotence’ at peace vigil,https://www.theguardian.com/world/iran/2026/apr/11/all,False,False,False,False,False,False,True,False,False,True,True,0.0,2026-04-13
2026-04-11,https://www.theguardian.com/world/2026/apr/11/us-iran-talks-peace-deal-islamabad-pakistan,US and Iran hold talks in Islamabad as Pakistan seeks to broker peace deal,https://www.theguardian.com/world/iran/2026/apr/11/all,True,False,True,False,False,False,True,False,False,True,True,-0.75,2026-04-13
2026-04-11,https://www.theguardian.com/us-news/2026/apr/11/state-department-revokes-green-cards-iran-arrests,US state department revokes green cards of three Iranian nationals it links to regime,https://www.theguardian.com/world/iran/2026/apr/11/all,True,False,False,False,False,False,False,False,False,True,False,0.0,2026-04-13
2026-04-11,https://www.theguardian.com/world/2026/apr/11/iran-us-strait-of-hormuz-mines,"US officials claim Iran unable to find mines it laid in strait of Hormuz, report says",https://www.theguardian.com/world/iran/2026/apr/11/all,True,False,True,False,False,True,False,False,False,True,False,0.75,2026-04-13
2026-04-11,https://www.theguardian.com/commentisfree/2026/apr/11/trump-iran-international-law,Trump’s Iran fiasco has led him into the gravest territory,https://www.theguardian.com/world/iran/2026/apr/11/all,True,False,False,False,False,False,False,False,False,False,False,0.0,2026-04-13
2026-04-11,https://www.theguardian.com/world/2026/apr/11/iran-trump-suez-crisis-strait-of-hormuz,"Is Iran Trump’s Suez crisis, or just a passing thunderstorm?",https://www.theguardian.com/world/iran/2026/apr/11/all,True,False,False,False,False,False,False,False,False,True,False,0.0,2026-04-13
2026-04-12,https://www.theguardian.com/world/2026/apr/12/trump-says-us-will-blockade-strait-of-hormuz-as-iran-peace-talks-fail,Trump says US will blockade strait of Hormuz after Iran peace talks fail,https://www.theguardian.com/world/iran/2026/apr/12/all,True,False,True,True,False,True,True,True,False,True,False,1.0,2026-04-13
2026-04-12,https://www.theguardian.com/commentisfree/2026/apr/12/the-guardian-view-on-us-iran-talks-trumps-diplomacy-falters-as-risk-of-war-grows,The Guardian view on US-Iran talks: Trump’s diplomacy falters as risk of war grows,https://www.theguardian.com/world/iran/2026/apr/12/all,True,False,True,False,False,False,True,False,False,False,True,-0.75,2026-04-13
2026-04-12,https://www.theguardian.com/commentisfree/picture/2026/apr/12/nicola-jennings-trump-strait-of-hormuz-cartoon,Nicola Jennings on Trump and the strait of Hormuz – cartoon,https://www.theguardian.com/world/iran/2026/apr/12/all,True,False,True,False,False,True,False,False,False,False,False,0.75,2026-04-13
2026-04-12,https://www.theguardian.com/world/2026/apr/12/us-iran-21-hours-talks-war-vance-pakistan,Planeloads of negotiators and too little time: US and Iran’s 21 hours of talks,https://www.theguardian.com/world/iran/2026/apr/12/all,True,False,True,False,False,False,True,False,False,True,True,-0.75,2026-04-13
2026-04-12,https://www.theguardian.com/world/2026/apr/12/jd-vance-says-no-deal-us-iran-pakistan-talks-islamabad,JD Vance says talks failed due to Iran’s refusal to give up nuclear programme,https://www.theguardian.com/world/iran/2026/apr/12/all,True,False,True,False,True,False,True,True,False,True,False,1.0,2026-04-13
2026-04-13,https://www.theguardian.com/world/2026/apr/13/uk-and-france-host-summit-on-strait-of-hormuz-as-depleted-british-fleet-limits-role,What will the UK’s role be in the strait of Hormuz when the Iran war ends?,https://www.theguardian.com/world/iran/2026/apr/13/all,True,False,True,False,False,True,False,False,False,True,False,0.75,2026-04-13
2026-04-13,https://www.theguardian.com/commentisfree/2026/apr/13/trump-war-iran-diplomacy,Trump’s war has emboldened Iran. Diplomacy is the only solution,https://www.theguardian.com/world/iran/2026/apr/13/all,True,False,True,False,False,False,True,False,False,False,True,-0.75,2026-04-13
2026-04-13,https://www.theguardian.com/politics/live/2026/apr/13/iran-war-keir-starmer-brexit-trump-strait-hormuz-oil-fuel-southport-latest-news-updates,Shabana Mahmood says Southport inquiry report exposed ‘systematic failures across multiple public sector organisations’ – as it happened,https://www.theguardian.com/world/iran/2026/apr/13/all,False,False,False,False,False,False,False,False,False,False,False,0.0,2026-04-13
2026-04-13,https://www.theguardian.com/commentisfree/2026/apr/13/donald-trump-war-us-blockade-medicine-fertiliser-shortages-uk-europe,"Trump badly needs a way out of this war. Right now, that’s everyone’s problem",https://www.theguardian.com/world/iran/2026/apr/13/all,False,False,False,False,False,False,False,False,False,False,False,0.0,2026-04-13
2026-04-13,https://www.theguardian.com/commentisfree/picture/2026/apr/13/ben-jennings-on-trump-and-the-pope-cartoon,Ben Jennings on Trump and the pope – cartoon,https://www.theguardian.com/world/iran/2026/apr/13/all,False,False,False,False,False,False,False,False,False,False,False,0.0,2026-04-13
2026-04-13,https://www.theguardian.com/world/live/2026/apr/13/hungary-peter-magyar-viktor-orban-trump-russia-ukraine-iran-eu-europe-latest-news-updates,Hungarian election winner Magyar vows to rebuild EU relationship after stunning defeat of Viktor Orbán - Europe live,https://www.theguardian.com/world/iran/2026/apr/13/all,False,False,False,False,False,False,False,False,False,False,False,0.0,2026-04-13
2026-04-13,https://www.theguardian.com/world/2026/apr/13/ideology-and-principles-clash-in-trumps-iran-war,Ideology and principles clash in Trump’s Iran war,https://www.theguardian.com/world/iran/2026/apr/13/all,True,False,True,False,False,False,False,False,False,True,False,0.25,2026-04-13
2026-04-13,https://www.theguardian.com/commentisfree/2026/apr/13/artemis-ii-humanity-at-worst-this-week,This week saw humanity at its worst. Artemis II told the opposite story,https://www.theguardian.com/world/iran/2026/apr/13/all,False,False,False,False,False,False,False,False,False,False,False,0.0,2026-04-13
2026-04-13,https://www.theguardian.com/world/2026/apr/13/strait-of-hormuz-blockade-what-why-explained-navy-trump-iran,Strait of Hormuz blockade explained: why is Trump threatening to block Iranian ports and how would it work?,https://www.theguardian.com/world/iran/2026/apr/13/all,True,False,True,True,True,True,False,False,False,True,False,1.0,2026-04-13
2026-04-13,https://www.theguardian.com/commentisfree/2026/apr/13/benjamin-netanyahu-middle-east-greater-israel,What Benjamin Netanyahu and the Israeli right really mean when they invoke ‘Greater Israel’,https://www.theguardian.com/world/iran/2026/apr/13/all,False,False,False,False,False,False,False,False,False,False,False,0.0,2026-04-13
2026-04-14,https://www.theguardian.com/world/2026/apr/14/a-pope-who-uses-his-brain-vatican-locals-and-visitors-take-sides-in-leo-v-trump-spat,‘A pope who uses his brain’: Vatican locals and visitors take sides in Leo v Trump spat,https://www.theguardian.com/world/iran/2026/apr/14/all,False,False,False,False,False,False,False,False,False,True,False,0.0,2026-04-14
2026-04-14,https://www.theguardian.com/commentisfree/picture/2026/apr/14/ella-baron-israel-lebanon-peace-talks-cartoon,Ella Baron on Israel and Lebanon’s peace talks – cartoon,https://www.theguardian.com/world/iran/2026/apr/14/all,False,False,False,False,False,False,True,False,False,False,True,0.0,2026-04-14
2026-04-14,https://www.theguardian.com/news/video/2026/apr/14/trump-and-iran-in-battle-of-the-blockades-the-latest,Trump and Iran in battle of the blockades – The Latest,https://www.theguardian.com/world/iran/2026/apr/14/all,True,False,True,True,False,True,False,False,False,False,False,1.0,2026-04-14
2026-04-14,https://www.theguardian.com/news/audio/2026/apr/14/trump-and-iran-in-battle-of-the-blockades-the-latest,Trump’s blockade battle with Iran – The Latest,https://www.theguardian.com/world/iran/2026/apr/14/all,True,False,True,True,False,True,False,False,False,False,False,1.0,2026-04-14
2026-04-14,https://www.theguardian.com/business/live/2026/apr/14/iran-war-hurting-global-economic-growth-imf-meeting-rachel-reeves-oil-price-stock-markets-latest-updates,UK growth forecasts slashed by IMF as Iran war hurts global economy – as it happened,https://www.theguardian.com/world/iran/2026/apr/14/all,True,False,True,False,False,False,False,False,False,False,False,0.25,2026-04-14
2026-04-14,https://www.theguardian.com/science/audio/2026/apr/14/helium-the-invisible-gas-that-powers-ai-and-why-its-in-short-supply-podcast,"Helium: the invisible gas that powers AI, and why it’s in short supply – podcast",https://www.theguardian.com/world/iran/2026/apr/14/all,False,False,False,False,False,True,False,False,False,False,False,0.0,2026-04-14
2026-04-14,https://www.theguardian.com/world/2026/apr/14/iran-cosy-up-europe-increase-pressure-us,Iran tries to cosy up to Europe to increase pressure on US,https://www.theguardian.com/world/iran/2026/apr/14/all,True,False,False,False,False,False,False,False,False,True,False,0.0,2026-04-14
2026-04-15,https://www.theguardian.com/world/2026/apr/15/us-iran-indirect-talks-middle-east-war-ceasefire,US and Iran in indirect talks to extend two-week ceasefire,https://www.theguardian.com/world/iran/2026/apr/15/all,True,False,True,False,False,False,True,False,False,True,True,-0.75,2026-04-15
2026-04-15,https://www.theguardian.com/world/2026/apr/15/trump-needs-a-better-iran-deal-than-obamas-but-faces-major-hurdles,Trump needs a better Iran deal than Obama’s – but faces major hurdles,https://www.theguardian.com/world/iran/2026/apr/15/all,True,False,False,False,False,False,True,False,False,True,True,0.0,2026-04-15
2026-04-15,https://www.theguardian.com/commentisfree/2026/apr/15/the-guardian-view-on-the-looming-energy-shock-ministers-need-to-show-they-have-a-plan,The Guardian view on the looming energy shock: ministers need to show they have a plan,https://www.theguardian.com/world/iran/2026/apr/15/all,False,False,False,False,False,True,False,False,False,False,False,0.0,2026-04-15
2026-04-15,https://www.theguardian.com/news/2026/apr/15/americas-loosening-grip-inside-the-17-april-guardian-weekly,America’s loosening grip: inside the 17 April Guardian Weekly,https://www.theguardian.com/world/iran/2026/apr/15/all,False,False,False,False,False,False,False,False,False,True,False,0.0,2026-04-15
2026-04-15,https://www.theguardian.com/commentisfree/2026/apr/15/neoconservatives-turned-against-wars-middle-east-us-military,Even the neocons have turned against wars in the Middle East,https://www.theguardian.com/world/iran/2026/apr/15/all,False,False,False,False,False,False,False,False,False,False,False,0.0,2026-04-15
2026-04-15,https://www.theguardian.com/world/2026/apr/15/iran-beating-us-social-media-wars,Viral victory: Iran is beating the land of tech bros in the social media wars,https://www.theguardian.com/world/iran/2026/apr/15/all,True,True,False,False,False,False,False,False,False,True,False,0.0,2026-04-15
2026-04-15,https://www.theguardian.com/news/audio/2026/apr/15/from-the-archive-foreign-mothers-foreign-tongues-in-another-universe-she-could-have-been-my-friend-podcast,"From the archive: Foreign mothers, foreign tongues: ‘In another universe, she could have been my friend’ – podcast",https://www.theguardian.com/world/iran/2026/apr/15/all,False,False,False,False,False,False,False,False,False,False,False,0.0,2026-04-15
2026-04-16,https://www.theguardian.com/news/audio/2026/apr/16/trump-announces-israel-lebanon-ceasefire-the-latest,Israel-Lebanon ceasefire announced by Trump – The Latest,https://www.theguardian.com/world/iran/2026/apr/16/all,False,False,False,False,False,False,True,False,False,False,True,0.0,2026-04-16
2026-04-16,https://www.theguardian.com/commentisfree/picture/2026/apr/16/ben-jennings-us-iran-war-ai-slop-cartoon,Ben Jennings on the US-Iran war and AI slop – cartoon,https://www.theguardian.com/world/iran/2026/apr/16/all,True,False,True,False,False,False,False,False,False,False,False,0.25,2026-04-16
2026-04-16,https://www.theguardian.com/world/video/2026/apr/16/trump-announces-israel-lebanon-ceasefire-the-latest,Trump announces Israel-Lebanon ceasefire – The Latest,https://www.theguardian.com/world/iran/2026/apr/16/all,False,False,False,False,False,False,True,False,False,False,True,0.0,2026-04-16
2026-04-16,https://www.theguardian.com/culture/2026/apr/16/jimmy-kimmel-ice-trump-ai-image-pope,Kimmel on Trump’s AI images: ‘Someone’s been looksmaxxing!’,https://www.theguardian.com/world/iran/2026/apr/16/all,False,False,False,False,False,False,False,False,False,True,False,0.0,2026-04-16
2026-04-16,https://www.theguardian.com/us-news/2026/apr/16/pete-hegseth-iran-energy-infrastructure,Hegseth says US is ‘locked and loaded’ to finish job of destroying Iran energy grid,https://www.theguardian.com/world/iran/2026/apr/16/all,True,False,False,False,False,True,False,False,False,True,False,0.0,2026-04-16
2026-04-16,https://www.theguardian.com/world/2026/apr/16/pope-leo-xiv-tyrants-trump-spat,Pope says ‘world is being ravaged by a handful of tyrants’ amid feud with Trump’s White House,https://www.theguardian.com/world/iran/2026/apr/16/all,False,False,False,False,False,False,False,False,False,True,False,0.0,2026-04-16
2026-04-16,https://www.theguardian.com/commentisfree/2026/apr/16/donald-trump-peace-deal-iran-washington-tehran-deadline,"Behind the bluster, Donald Trump desperately needs a peace deal with Iran. Here’s a solution",https://www.theguardian.com/world/iran/2026/apr/16/all,True,False,True,False,False,False,True,False,False,False,True,-0.75,2026-04-16
2026-04-16,https://www.theguardian.com/us-news/2026/apr/16/us-readers-rising-gas-prices-iran-trump,‘A dollar or two increase is devastating’: US readers on toll of rising gas prices,https://www.theguardian.com/world/iran/2026/apr/16/all,False,False,False,False,False,True,False,False,True,False,False,0.0,2026-04-16
2026-04-16,https://www.theguardian.com/world/2026/apr/16/strait-of-hormuz-mines-iran-us,What mines has Iran laid in the strait of Hormuz and how can the US remove them?,https://www.theguardian.com/world/iran/2026/apr/16/all,True,False,True,False,False,True,False,False,False,True,False,0.75,2026-04-16
2026-04-17,https://www.theguardian.com/world/2026/apr/17/trump-claims-victory-iran-war-analysis,Trump’s Iran war victory boast has echoes of Bush’s ill-fated ‘mission accomplished’ claim,https://www.theguardian.com/world/iran/2026/apr/17/all,True,False,True,False,False,False,False,False,False,True,False,0.25,2026-04-17
2026-04-17,https://www.theguardian.com/world/2026/apr/17/donald-trump-iran-war-lebanon-ceasefire,Donald Trump claims to have ended a 10th war – but will the Lebanon ceasefire hold?,https://www.theguardian.com/world/iran/2026/apr/17/all,False,False,False,False,False,False,True,False,False,True,True,0.0,2026-04-17
2026-04-17,https://www.theguardian.com/culture/2026/apr/17/stephen-colbert-trump-pope-leo-rfk-jr,"Stephen Colbert on Trump’s Vatican feud: ‘Damn, the pope just read you for filth’",https://www.theguardian.com/world/iran/2026/apr/17/all,False,False,False,False,False,False,False,False,False,True,False,0.0,2026-04-17
2026-04-17,https://www.theguardian.com/commentisfree/2026/apr/17/sanctions-regime-change-iran-russia-western-countries,"Sanctions don’t result in regime change. Whether against Iran or Russia, western countries need shrewder tactics",https://www.theguardian.com/world/iran/2026/apr/17/all,True,False,True,False,True,False,False,False,False,False,False,0.5,2026-04-17
2026-04-17,https://www.theguardian.com/world/2026/apr/17/pakistan-military-chief-asim-munir-unlikely-peacemaker-iran-war,How Pakistan’s army chief became an unlikely peacemaker in the Iran war,https://www.theguardian.com/world/iran/2026/apr/17/all,True,False,True,False,False,False,False,False,False,True,False,0.25,2026-04-17
2026-04-17,https://www.theguardian.com/world/2026/apr/17/tehran-residents-back-city-hope-truce-hold,‘Ticking timebomb’: Tehran residents return to ruined city amid fears truce will not hold,https://www.theguardian.com/world/iran/2026/apr/17/all,True,False,True,False,False,False,True,False,False,True,True,-0.75,2026-04-17
2026-04-18,https://www.theguardian.com/uk-news/2026/apr/18/kensington-gardens-reopen-after-police-deem-suspicious-items-non-hazardous,Kensington Gardens reopens after police deem suspicious items non-hazardous,https://www.theguardian.com/world/iran/2026/apr/18/all,False,False,False,False,False,False,False,False,False,True,False,0.0,2026-04-20
2026-04-18,https://www.theguardian.com/world/2026/apr/18/donald-trump-tehran-war-mismanaged-posts-progress-peace,Trump and Tehran’s series of mismanaged posts stall progress towards peace,https://www.theguardian.com/world/iran/2026/apr/18/all,True,False,True,False,False,False,True,False,False,True,True,-0.75,2026-04-20
2026-04-18,https://www.theguardian.com/news/2026/apr/18/six-great-reads-iran-social-media-memes-abandoned-department-store-cherry-blossoms,"Six great reads: Iran’s social media memes, an abandoned department store and a 1,200-year-old record of cherry blossoms",https://www.theguardian.com/world/iran/2026/apr/18/all,True,False,False,False,False,False,False,False,False,True,False,0.0,2026-04-20
2026-04-19,https://www.theguardian.com/us-news/2026/apr/19/woman-arrested-la-arms-trafficking-iran-africa,Iranian American woman arrested in Los Angeles for alleged arms trafficking,https://www.theguardian.com/world/iran/2026/apr/19/all,True,False,False,False,False,False,False,False,False,True,False,0.0,2026-04-20
2026-04-19,https://www.theguardian.com/world/2026/apr/19/trumps-sends-delegation-to-pakistan-for-possible-new-round-of-iran-war-talks,"Tehran has ‘no plans to participate’ in new talks, state media reports, as it accuses US of violating ceasefire",https://www.theguardian.com/world/iran/2026/apr/19/all,True,False,True,False,False,False,True,True,False,True,False,0.5,2026-04-20
2026-04-19,https://www.theguardian.com/world/2026/apr/19/intemperate-trump-brings-chaos-and-confusion-to-iran-talks,Intemperate Trump brings chaos and confusion to Iran talks,https://www.theguardian.com/world/iran/2026/apr/19/all,True,False,True,False,False,False,True,False,False,True,True,-0.75,2026-04-20
2026-04-19,https://www.theguardian.com/commentisfree/2026/apr/19/jd-vance-donald-trump-vice-president-maga,JD Vance could yet save his political skin. But it will mean turning on Trump – and soon,https://www.theguardian.com/world/iran/2026/apr/19/all,False,False,False,False,False,False,False,False,False,False,False,0.0,2026-04-20
2026-04-19,https://www.theguardian.com/global-development/2026/apr/19/arson-attacks-iranian-regime-targets-uk-journalists,"Stabbings, kidnap threats and arson attacks: how the Iranian regime targets UK journalists",https://www.theguardian.com/world/iran/2026/apr/19/all,True,False,True,True,True,False,False,False,False,True,False,1.0,2026-04-20
2026-04-20,https://www.theguardian.com/commentisfree/2026/apr/20/the-guardian-view-on-the-eu-and-israel-moving-beyond-mere-exhortation-,The Guardian view on the EU and Israel: moving beyond mere exhortation,https://www.theguardian.com/world/iran/2026/apr/20/all,False,False,False,False,False,False,False,False,False,False,False,0.0,2026-04-20
2026-04-20,https://www.theguardian.com/world/video/2026/apr/20/iran-war-energy-crisis-how-bad-could-it-get-the-latest,Iran war energy crisis: how bad could it get? – The Latest,https://www.theguardian.com/world/iran/2026/apr/20/all,True,False,True,False,False,True,False,False,False,False,False,0.75,2026-04-20
2026-04-20,https://www.theguardian.com/news/audio/2026/apr/20/iran-war-energy-crisis-how-bad-could-it-get-the-latest,Iran war energy crisis: how bad could it get? – The Latest,https://www.theguardian.com/world/iran/2026/apr/20/all,True,False,True,False,False,True,False,False,False,False,False,0.75,2026-04-20
2026-04-20,https://www.theguardian.com/environment/2026/apr/20/democrats-clean-energy-iran-war-affordability,Democrats urged to link clean energy to affordability as Iran war hikes up prices,https://www.theguardian.com/world/iran/2026/apr/20/all,True,False,True,False,False,True,False,False,False,True,False,0.75,2026-04-20
2026-04-20,https://www.theguardian.com/world/video/2026/apr/20/us-seizes-iranian-flagged-ship-strait-of-hormuz-blockade-video,US seizes Iranian-flagged ship that tried to pass strait of Hormuz blockade – video,https://www.theguardian.com/world/iran/2026/apr/20/all,True,False,True,True,False,True,False,False,False,False,False,1.0,2026-04-20
2026-04-20,https://www.theguardian.com/world/2026/apr/20/pakistan-global-standing-mediator-us-iran-talks-middle-east,Pakistan seeks to raise its global standing in push for Middle East peace,https://www.theguardian.com/world/iran/2026/apr/20/all,False,False,False,False,False,False,True,False,False,True,True,0.0,2026-04-20
2026-04-20,https://www.theguardian.com/world/2026/apr/20/defense-contractor-evacuate-iraq-kuwait,US urges contractor to evacuate workers from Kuwait and Iraq over worries of Iran-backed attacks,https://www.theguardian.com/world/iran/2026/apr/20/all,True,False,True,True,False,False,False,False,False,True,False,1.0,2026-04-20
2026-04-20,https://www.theguardian.com/film/2026/apr/20/cia-spymaster-agent-peter-sichel-caution-over-iran-intervention-resurfaces-us-middle-east,‘We wasted a lot of lives’: CIA spymaster’s caution over past Iran intervention resurfaces from beyond the grave,https://www.theguardian.com/world/iran/2026/apr/20/all,True,False,False,False,False,False,False,False,False,True,False,0.0,2026-04-20
2026-04-21,https://www.theguardian.com/world/2026/apr/21/push-to-bring-us-and-iran-together-for-peace-talks-as-ceasefire-deadline-looms,Trump announces extension of Iran ceasefire until ‘discussion concluded’,https://www.theguardian.com/world/iran/2026/apr/21/all,True,False,True,False,False,False,True,False,False,True,True,-0.75,2026-04-21
2026-04-21,https://www.theguardian.com/world/2026/apr/21/trump-resume-bombing-iran-ceasefire,Trump extends US-Iran ceasefire indefinitely at request of Pakistan,https://www.theguardian.com/world/iran/2026/apr/21/all,True,False,True,False,False,False,True,False,False,True,True,-0.75,2026-04-21
2026-04-21,https://www.theguardian.com/commentisfree/2026/apr/21/the-guardian-view-on-the-true-cost-of-the-iran-war-bombs-kill-but-so-does-the-economic-fallout,The Guardian view on the true cost of the Iran war: bombs kill – but so does the economic fallout,https://www.theguardian.com/world/iran/2026/apr/21/all,True,False,True,True,False,False,False,False,False,False,False,1.0,2026-04-21
2026-04-21,https://www.theguardian.com/us-news/2026/apr/21/trump-one-man-whatsapp-group-diplomacy-derailing-peace-talks,‘He talks too much’: how Trump’s erratic commentary is the real block to an Iran deal,https://www.theguardian.com/world/iran/2026/apr/21/all,True,False,True,False,False,False,True,False,False,True,True,-0.75,2026-04-21
2026-04-21,https://www.theguardian.com/world/2026/apr/21/trump-iran-us-ceasefire-ground-war,"With the US-Iran ceasefire about to expire, could Trump put boots on the ground?",https://www.theguardian.com/world/iran/2026/apr/21/all,True,False,True,False,False,False,True,False,False,True,True,-0.75,2026-04-21
2026-04-21,https://www.theguardian.com/commentisfree/2026/apr/21/us-iran-compromise-washington-tehran-iran,Here is the biggest problem Washington faces: Iran sees no need to compromise,https://www.theguardian.com/world/iran/2026/apr/21/all,True,False,False,False,False,False,False,False,False,False,False,0.0,2026-04-21
2026-04-21,https://www.theguardian.com/world/2026/apr/21/tuesday-briefing-what-it-might-take-for-lasting-peace-between-the-us-and-iran,Tuesday briefing: What it might take for lasting peace between the US and Iran,https://www.theguardian.com/world/iran/2026/apr/21/all,True,False,True,False,False,False,True,False,False,True,True,-0.75,2026-04-21
2026-04-22,https://www.theguardian.com/world/2026/apr/22/iranian-forces-ships-seized-strait-of-hormuz-us-peace-talks,"‘Impossible’ to reopen strait of Hormuz amid ‘flagrant’ ceasefire breaches, Iran says",https://www.theguardian.com/world/iran/2026/apr/22/all,True,False,True,False,False,True,True,True,False,True,False,1.0,2026-04-22
2026-04-22,https://www.theguardian.com/world/2026/apr/22/islamabad-lockdown-us-iran-talks-pakistan,‘Like living in a cage’: Islamabad stuck in lockdown as city waits on US-Iran talks,https://www.theguardian.com/world/iran/2026/apr/22/all,True,False,True,False,False,False,True,False,False,True,True,-0.75,2026-04-22
2026-04-22,https://www.theguardian.com/stage/2026/apr/22/matriarchal-dystopias-joe-orton-got-there-before-the-two-ronnies,Matriarchal dystopias: Joe Orton got there before the Two Ronnies,https://www.theguardian.com/world/iran/2026/apr/22/all,False,False,False,False,False,False,False,False,False,True,False,0.0,2026-04-22
2026-04-22,https://www.theguardian.com/news/audio/2026/apr/22/trump-extends-iran-ceasefire-can-a-deal-be-made-the-latest,Trump extends Iran ceasefire: can a deal be made? – The Latest,https://www.theguardian.com/world/iran/2026/apr/22/all,True,False,True,False,False,False,True,False,False,False,True,-0.75,2026-04-22
2026-04-22,https://www.theguardian.com/world/2026/apr/22/strait-of-hormuz-gunboat-diplomacy-us-iran-blockade,Strait of Hormuz is hosting gunboat diplomacy as US and Iran vie for most effective blockade,https://www.theguardian.com/world/iran/2026/apr/22/all,True,False,True,True,False,True,True,False,False,True,True,0.75,2026-04-22
2026-04-22,https://www.theguardian.com/news/video/2026/apr/22/trump-extends-iran-ceasefire-can-a-deal-be-made-the-latest,Trump extends Iran ceasefire: can a deal be made? - The Latest,https://www.theguardian.com/world/iran/2026/apr/22/all,True,False,True,False,False,False,True,False,False,False,True,-0.75,2026-04-22
2026-04-22,https://www.theguardian.com/world/video/2026/apr/22/iran-parades-what-appear-to-be-ballistic-missiles-during-pro-military-rallies-in-tehran-video,Iran parades what appear to be ballistic missiles during pro-military rallies in Tehran – video,https://www.theguardian.com/world/iran/2026/apr/22/all,True,False,True,True,True,False,False,False,False,False,False,1.0,2026-04-22
2026-04-22,https://www.theguardian.com/commentisfree/2026/apr/22/trump-gas-prices-iran-war,Trump taught us to prioritize our own wallets. Now he’s paying the price,https://www.theguardian.com/world/iran/2026/apr/22/all,False,False,False,False,False,False,False,False,False,False,False,0.0,2026-04-22
2026-04-22,https://www.theguardian.com/world/2026/apr/22/tehran-embattled-jewish-community-israeli-bombing-synagogue,Tehran’s embattled Jewish community endures despite Israeli bombing of synagogue,https://www.theguardian.com/world/iran/2026/apr/22/all,True,False,True,True,False,False,False,False,False,True,False,1.0,2026-04-22
2026-04-22,https://www.theguardian.com/world/video/2026/apr/22/what-is-hezbollah-how-the-group-embedded-itself-into-the-fabric-of-lebanese-life-video,What is Hezbollah? How the group embedded itself into the fabric of Lebanese life – video,https://www.theguardian.com/world/iran/2026/apr/22/all,False,False,False,False,False,False,False,False,False,False,False,0.0,2026-04-22
2026-04-23,https://www.theguardian.com/world/2026/apr/23/trump-may-talk-of-regime-infighting-but-iran-seems-united-by-strategy-born-of-war,"Trump may talk of regime infighting, but Iran seems united by strategy born of war",https://www.theguardian.com/world/iran/2026/apr/23/all,True,False,True,False,False,False,False,False,False,True,False,0.25,2026-04-23
2026-04-23,https://www.theguardian.com/world/2026/apr/23/extended-naval-blockade-is-an-admission-us-military-escalation-poses-even-greater-risk,Extended naval blockade is admission US military escalation poses even greater risk,https://www.theguardian.com/world/iran/2026/apr/23/all,False,False,False,True,True,True,False,False,False,True,False,0.0,2026-04-23
2026-04-23,https://www.theguardian.com/uk-news/2026/apr/23/uk-raf-typhoons-strait-of-hormuz-iran-war,UK prepared to deploy RAF Typhoons to keep strait of Hormuz open after Iran war,https://www.theguardian.com/world/iran/2026/apr/23/all,True,False,True,False,True,True,False,False,False,True,False,1.0,2026-04-23
2026-04-23,https://www.theguardian.com/business/2026/apr/23/lockheed-martin-earnings-call-trump-pentagon-opportunity,Lockheed Martin CEO sees Trump’s Pentagon as ‘golden opportunity’ for growth,https://www.theguardian.com/world/iran/2026/apr/23/all,False,False,False,False,False,False,False,False,False,True,False,0.0,2026-04-23
2026-04-23,https://www.theguardian.com/commentisfree/2026/apr/23/donald-trump-iran-war-tehran-strait-hormuz,Trump’s war has backfired spectacularly: Iran is now more influential than ever,https://www.theguardian.com/world/iran/2026/apr/23/all,True,False,True,False,False,False,False,False,False,False,False,0.25,2026-04-23
2026-04-23,https://www.theguardian.com/world/video/2026/apr/23/footage-purportedly-shows-iranian-forces-seize-two-vessels-in-the-strait-of-hormuz-video,Footage purportedly shows Iranian forces seize two vessels in the strait of Hormuz - video,https://www.theguardian.com/world/iran/2026/apr/23/all,True,False,True,False,False,True,False,False,False,False,False,0.75,2026-04-23
2026-04-23,https://www.theguardian.com/world/2026/apr/23/tehran-tollbooth-what-is-iran-demanding-and-what-would-it-mean-for-oil-prices,What would a permanent ‘Tehran’s tollbooth’ on oil mean for the world?,https://www.theguardian.com/world/iran/2026/apr/23/all,True,False,False,False,False,True,False,False,False,True,False,0.0,2026-04-23
2026-04-23,https://www.theguardian.com/uk-news/2026/apr/23/iran-low-level-hybrid-warfare-arson-attacks-uk-europe,"Iran behind low-level ‘hybrid warfare’ attacks in UK and Europe, analysts say",https://www.theguardian.com/world/iran/2026/apr/23/all,True,False,True,True,False,False,False,False,False,True,False,1.0,2026-04-23
2026-04-24,https://www.theguardian.com/world/live/2026/apr/24/iran-war-live-updates-trump-hormuz-strait-israel-lebanon-truce,US envoy and Trump’s son-in-law to travel to Pakistan amid hopes for renewed Iran peace talks – as it happened,https://www.theguardian.com/world/iran/2026/apr/24/all,True,False,True,False,False,False,True,False,False,False,True,-0.75,2026-04-24
2026-04-24,https://www.theguardian.com/world/2026/apr/24/iran-foreign-minister-to-embark-on-three-nation-tour-as-us-peace-talks-remain-stalled,Trump sending Witkoff and Kushner to Pakistan to resume talks on Iran war,https://www.theguardian.com/world/iran/2026/apr/24/all,True,False,True,False,False,False,True,False,False,True,True,-0.75,2026-04-24
2026-04-24,https://www.theguardian.com/world/2026/apr/24/trump-iran-war-no-strategy,‘No clear strategy’: how Trump went from shock and awe to wait and see in Iran,https://www.theguardian.com/world/iran/2026/apr/24/all,True,False,False,False,False,False,False,False,False,True,False,0.0,2026-04-24
2026-04-24,https://www.theguardian.com/commentisfree/2026/apr/24/the-guardian-view-on-germany-japan-and-the-end-of-the-postwar-order-as-us-alliances-crumble-a-new-world-emerges,"The Guardian view on Germany, Japan and the end of the postwar order: as US alliances crumble, a new world emerges",https://www.theguardian.com/world/iran/2026/apr/24/all,False,False,False,False,False,False,False,False,False,False,False,0.0,2026-04-24
2026-04-24,https://www.theguardian.com/us-news/2026/apr/24/could-donald-trump-withdraw-us-support-uk-sovereignty-falklands,Could Trump withdraw US support for UK sovereignty of Falklands?,https://www.theguardian.com/world/iran/2026/apr/24/all,False,False,False,False,False,False,False,False,False,True,False,0.0,2026-04-24
2026-04-24,https://www.theguardian.com/uk-news/2026/apr/24/starmer-pledges-law-proscribing-iran-revolutionary-guards,Starmer pledges to bring forward law proscribing Iran’s Revolutionary Guards,https://www.theguardian.com/world/iran/2026/apr/24/all,True,False,False,False,False,False,False,False,False,True,False,0.0,2026-04-24
2026-04-24,https://www.theguardian.com/world/video/2026/apr/24/pope-leo-condemns-protester-killing-iran-video,Pope Leo condemns the killing of protesters in Iran – video,https://www.theguardian.com/world/iran/2026/apr/24/all,True,False,False,False,False,False,False,False,False,False,False,0.0,2026-04-24
2026-04-24,https://www.theguardian.com/us-news/video/2026/apr/24/donald-trump-prince-harry-ukraine-video,Donald Trump says he speaks 'for the UK more than Prince Harry' – video,https://www.theguardian.com/world/iran/2026/apr/24/all,False,False,False,False,False,False,False,False,False,False,False,0.0,2026-04-24
2026-04-24,https://www.theguardian.com/australia-news/2026/apr/24/iran-embassy-australia-iranians-war-effort,Embassy encourages Australia-based Iranians to volunteer to help war effort,https://www.theguardian.com/world/iran/2026/apr/24/all,True,False,True,False,False,False,False,False,False,True,False,0.25,2026-04-24
2026-04-25,https://www.theguardian.com/environment/2026/apr/25/chris-bowen-iran-war-oil-shock-climate-negotiations,Cop negotiations chief on how Iran war oil shock paves road to climate talks in Turkey,https://www.theguardian.com/world/iran/2026/apr/25/all,True,False,True,False,False,True,True,False,False,True,True,-0.25,2026-04-27
2026-04-25,https://www.theguardian.com/world/2026/apr/25/trump-cancels-envoys-pakistan-trip-iran-talks,Trump cancels his envoys’ Pakistan trip for Iran ceasefire negotiations,https://www.theguardian.com/world/iran/2026/apr/25/all,True,False,True,False,False,False,True,False,False,True,True,-0.75,2026-04-27
2026-04-25,https://www.theguardian.com/world/2026/apr/25/hanged-under-the-cover-of-war-letters-and-videos-tell-stories-of-iran-death-row-victims,Hanged under the cover of war: letters and videos tell stories of Iran’s death row victims,https://www.theguardian.com/world/iran/2026/apr/25/all,True,False,True,False,False,False,False,False,False,True,False,0.25,2026-04-27
2026-04-26,https://www.theguardian.com/world/2026/apr/26/no-headway-in-middle-east-peace-efforts-as-us-and-iran-refuse-to-yield,No headway in Middle East peace efforts as US and Iran refuse to yield,https://www.theguardian.com/world/iran/2026/apr/26/all,True,False,True,False,False,False,True,True,False,True,False,0.5,2026-04-27
2026-04-26,https://www.theguardian.com/money/2026/apr/26/uk-faces-higher-pricesafter-war-iran-ends-darren-jones,"UK faces higher prices for eight months after war in Iran ends, says minister",https://www.theguardian.com/world/iran/2026/apr/26/all,True,False,True,False,False,False,False,False,False,True,False,0.25,2026-04-27
2026-04-26,https://www.theguardian.com/us-news/2026/apr/26/pete-hegseth-iran-war-christian-extremism,Pete Hegseth’s Iran war messaging echoes sermons from his extremist church,https://www.theguardian.com/world/iran/2026/apr/26/all,True,False,True,False,False,False,False,False,False,True,False,0.25,2026-04-27
2026-04-26,https://www.theguardian.com/commentisfree/2026/apr/26/iran-nuclear-weapon-war-develop-one-now,Iran didn’t have a nuclear weapon before this war. But you can see why it would develop one now,https://www.theguardian.com/world/iran/2026/apr/26/all,True,False,True,False,True,False,False,False,False,False,False,0.5,2026-04-27
2026-04-27,https://www.theguardian.com/world/live/2026/apr/27/middle-east-crisis-iran-us-israel-lebanon-trump-araghchi-putin-hormuz-oil-latest-news-updates,Middle East crisis: Iran’s foreign ministry condemns US seizure of Iranian-linked tankers as ‘piracy and armed robbery’ – as it happened,https://www.theguardian.com/world/iran/2026/apr/27/all,True,False,False,False,False,True,False,False,False,False,False,0.0,2026-04-27
2026-04-27,https://www.theguardian.com/world/video/2026/apr/27/us-is-being-humiliated-by-iran-says-german-chancellor-video,"US is being humiliated by Iran, says German chancellor – video",https://www.theguardian.com/world/iran/2026/apr/27/all,True,False,False,False,False,False,False,False,False,False,False,0.0,2026-04-27
2026-04-27,https://www.theguardian.com/global-development/ng-interactive/2026/apr/27/i-should-not-have-wished-for-war-six-ordinary-iranians-on-how-the-us-israel-conflict-has-changed-them,‘I should not have wished for war’: six ordinary Iranians on how the US-Israel conflict has changed them,https://www.theguardian.com/world/iran/2026/apr/27/all,True,False,True,False,False,False,False,False,False,True,False,0.25,2026-04-27
2026-04-28,https://www.theguardian.com/world/live/2026/apr/28/middle-east-crisis-live-iran-us-israel-lebanon-hormuz-nuclear-oil-latest-news-updates,Middle East crisis: Trump hits back at German chancellor after Merz said Iran was ‘humiliating’ US – as it happened,https://www.theguardian.com/world/iran/2026/apr/28/all,True,False,False,False,False,False,False,False,False,False,False,0.0,2026-04-28
2026-04-28,https://www.theguardian.com/business/2026/apr/28/how-uae-leave-opec-recast-middle-east-saudi-arabia-us,How the UAE’s decision to leave Opec could recast the Middle East,https://www.theguardian.com/world/iran/2026/apr/28/all,False,False,False,False,False,False,False,False,False,True,False,0.0,2026-04-28
2026-04-28,https://www.theguardian.com/world/2026/apr/28/alexei-mordashov-russian-superyacht-strait-of-hormuz,"Russian oligarch’s superyacht allowed through strait of Hormuz, source says",https://www.theguardian.com/world/iran/2026/apr/28/all,True,False,True,False,False,True,False,False,False,True,False,0.75,2026-04-28
2026-04-28,https://www.theguardian.com/money/2026/apr/28/tell-us-how-household-finances-costs-iran-war,Tell us: how are you adjusting your household finances as the Iran war pushes up costs?,https://www.theguardian.com/world/iran/2026/apr/28/all,True,False,True,False,False,False,False,False,False,True,False,0.25,2026-04-28
2026-04-28,https://www.theguardian.com/commentisfree/2026/apr/28/britain-war-cyber-attacks-disinformation-surveillance-blockades,"It’s time MPs levelled with us: Britain is already at war, and we’ll need to do two things to survive it",https://www.theguardian.com/world/iran/2026/apr/28/all,False,False,False,False,False,False,False,False,False,False,False,0.0,2026-04-28
2026-04-29,https://www.theguardian.com/world/2026/apr/29/trump-and-putin-discuss-iran-war-and-float-temporary-ukraine-ceasefire-in-call,Trump and Putin discuss Iran war and float temporary Ukraine ceasefire in call,https://www.theguardian.com/world/iran/2026/apr/29/all,True,False,True,False,False,False,True,False,False,True,True,-0.75,2026-04-29
2026-04-29,https://www.theguardian.com/commentisfree/2026/apr/29/the-guardian-view-on-the-uae-quitting-opec-whatever-importers-pay-the-price-of-fossil-fuels-is-too-high,"The Guardian view on the UAE quitting Opec: whatever importers pay, the price of fossil fuels is too high",https://www.theguardian.com/world/iran/2026/apr/29/all,False,False,False,False,False,False,False,False,False,False,False,0.0,2026-04-29
2026-04-29,https://www.theguardian.com/global-development/2026/apr/29/family-jailed-iranian-nobel-laureate-suspected-heart-attack-narges-mohammadi,Family of ailing Iranian Nobel laureate say keeping her in jail is a death sentence,https://www.theguardian.com/world/iran/2026/apr/29/all,True,False,False,False,False,False,False,False,False,True,False,0.0,2026-04-29
2026-04-29,https://www.theguardian.com/world/live/2026/apr/29/europe-iran-hungary-russia-ukraine-eu-latest-news-updates,"Consequences of Iran war ‘may echo for months or years to come,’ EU chief warns – as it happened",https://www.theguardian.com/world/iran/2026/apr/29/all,True,False,True,False,True,False,False,False,False,False,False,0.5,2026-04-29
2026-04-29,https://www.theguardian.com/uk-news/2026/apr/29/britain-royal-navy-russia-open-sea-border-europe,Britain to create joint naval force with nine European countries as ‘complement’ to Nato,https://www.theguardian.com/world/iran/2026/apr/29/all,False,False,False,False,False,False,False,False,False,True,False,0.0,2026-04-29
2026-04-29,https://www.theguardian.com/world/2026/apr/29/us-tough-spot-deal-highlights-failures-iran-war-strait-of-hormuz-nuclear-weapon,Trump in tough spot as he tries to avoid deal that highlights US failures in Iran,https://www.theguardian.com/world/iran/2026/apr/29/all,True,False,False,False,False,False,True,True,False,True,False,0.0,2026-04-29
2026-04-29,https://www.theguardian.com/us-news/2026/apr/29/king-charles-agrees-with-me-on-iran-nuclear-weapon-ban-says-trump,"King Charles agrees with me on Iran nuclear weapon ban, claims Trump",https://www.theguardian.com/world/iran/2026/apr/29/all,True,False,True,False,True,False,False,False,False,True,False,0.5,2026-04-29
2026-04-29,https://www.theguardian.com/global-development/2026/apr/29/humanitarian-corridor-strait-of-hormuz-iran-war-hits-vital-aid,Calls for humanitarian corridor through strait of Hormuz as Iran war hits vital aid,https://www.theguardian.com/world/iran/2026/apr/29/all,True,False,True,False,False,True,False,False,False,True,False,0.75,2026-04-29
2026-04-29,https://www.theguardian.com/world/2026/apr/29/iran-freedom-congress-exiled-opposition,Marxists and monarchists: the group hoping to unite Iran’s exiled opposition,https://www.theguardian.com/world/iran/2026/apr/29/all,True,False,False,False,False,False,False,False,False,True,False,0.0,2026-04-29
2026-04-30,https://www.theguardian.com/us-news/video/2026/apr/30/an-unauthorised-war-democrats-grill-us-defence-secretary-pete-hegseth-on-war-in-iran-video,'An unauthorised war': Democrats grill Pete Hegseth on war in Iran – video,https://www.theguardian.com/world/iran/2026/apr/30/all,True,False,True,False,False,False,False,False,False,False,False,0.25,2026-04-30
2026-04-30,https://www.theguardian.com/football/2026/apr/30/iran-world-cup-gianni-infantino,Gianni Infantino tells Fifa congress that Iran will play at World Cup in US as planned,https://www.theguardian.com/world/iran/2026/apr/30/all,True,False,False,False,False,False,False,False,False,True,False,0.0,2026-04-30
2026-04-30,https://www.theguardian.com/commentisfree/2026/apr/30/the-guardian-view-on-the-golders-green-attack-the-public-as-well-as-the-state-must-tackle-antisemitism,The Guardian view on the Golders Green attack: the public as well as the state must tackle antisemitism,https://www.theguardian.com/world/iran/2026/apr/30/all,False,False,False,True,False,False,False,False,False,False,False,0.0,2026-04-30
2026-04-30,https://www.theguardian.com/world/2026/apr/30/oil-price-news-highest-since-2022-us-iran-ceasefire-strait-of-hormuz,Oil price tops $126 a barrel after Trump warns Iran blockade could last ‘months’,https://www.theguardian.com/world/iran/2026/apr/30/all,True,False,True,True,True,True,False,False,True,False,False,1.0,2026-04-30
2026-04-30,https://www.theguardian.com/world/2026/apr/30/iran-supreme-leader-issues-defiant-statement-on-strait-of-hormuz,Iran supreme leader issues defiant statement on strait of Hormuz,https://www.theguardian.com/world/iran/2026/apr/30/all,True,False,True,False,False,True,False,False,False,True,False,0.75,2026-04-30
2026-04-30,https://www.theguardian.com/news/audio/2026/apr/30/irans-wartime-executions-podcast,Iran’s wartime executions - podcast,https://www.theguardian.com/world/iran/2026/apr/30/all,True,False,False,False,False,False,False,False,False,False,False,0.0,2026-04-30
2026-05-01,https://www.theguardian.com/world/2026/may/01/trump-iran-war-hostilities-letter,Trump claims hostilities have ended in Iran in letter to congressional leaders,https://www.theguardian.com/world/iran/2026/may/01/all,True,False,False,False,False,False,False,False,False,True,False,0.0,2026-05-01
2026-05-01,https://www.theguardian.com/world/2026/may/01/pakistan-backchannel-us-iran-deal-peace,Iran offers new peace proposal to US but Trump ‘not satisfied’,https://www.theguardian.com/world/iran/2026/may/01/all,True,False,True,False,False,False,True,False,False,True,True,-0.75,2026-05-01
2026-05-01,https://www.theguardian.com/us-news/2026/may/01/gas-price-california-iran-war,"Average price of gas in California edges past $6 a gallon, highest level in four years",https://www.theguardian.com/world/iran/2026/may/01/all,False,False,False,False,False,True,False,False,False,True,False,0.0,2026-05-01
2026-05-01,https://www.theguardian.com/world/video/2026/may/01/why-has-the-world-lost-sight-of-the-suffering-of-palestinians-the-latest,Why has the world lost sight of the suffering of Palestinians? - The Latest,https://www.theguardian.com/world/iran/2026/may/01/all,False,False,False,False,False,False,False,False,False,False,False,0.0,2026-05-01
2026-05-01,https://www.theguardian.com/business/live/2026/may/01/uk-house-prices-natwest-profits-iran-war-oil-price-trump-bank-of-england-ftse-100-business-live,Renault says ‘seismic shift’ in electric car interest after Iran war oil price shock – as it happened,https://www.theguardian.com/world/iran/2026/may/01/all,True,False,True,False,False,True,False,False,True,False,False,0.75,2026-05-01
2026-05-02,https://www.theguardian.com/world/live/2026/may/02/us-israel-war-iran-germany-american-troops-donald-trump-middle-east-latest-news-updates,Top Republicans express concern over withdrawal of US troops from Germany – as it happened,https://www.theguardian.com/world/iran/2026/may/02/all,False,False,False,False,True,False,False,False,False,False,False,0.0,2026-05-04
2026-05-02,https://www.theguardian.com/world/2026/may/02/nato-us-withdraw-troops-germany-defence,Nato seeks to ‘understand the details’ of US decision to withdraw troops from Germany,https://www.theguardian.com/world/iran/2026/may/02/all,False,False,False,False,True,False,False,False,False,True,False,0.0,2026-05-04
2026-05-02,https://www.theguardian.com/world/2026/may/02/trump-us-navy-pirates-iran-blockade,Trump says US navy like ‘pirates’ while seizing a ship in Iranian blockade,https://www.theguardian.com/world/iran/2026/may/02/all,True,False,True,True,False,True,False,False,False,True,False,1.0,2026-05-04
2026-05-03,https://www.theguardian.com/world/2026/may/03/trump-says-iran-has-not-yet-paid-a-big-enough-price-as-he-reviews-new-peace-proposal,Trump says US navy will ‘guide’ trapped ships from strait of Hormuz amid ‘very positive’ talks with Iran,https://www.theguardian.com/world/iran/2026/may/03/all,True,False,True,False,False,True,True,False,False,True,True,-0.25,2026-05-04
2026-05-04,https://www.theguardian.com/world/2026/may/04/trump-iran-threat-us-vessels,Trump threatens to blow Iran ‘off the face of the earth’ if it attacks US vessels,https://www.theguardian.com/world/iran/2026/may/04/all,True,False,True,True,True,False,False,False,False,True,False,1.0,2026-05-04
2026-05-04,https://www.theguardian.com/world/2026/may/04/shipping-bosses-nervous-trump-plan-to-guide-vessels-strait-of-hormuz-iran,Donald Trump sends warships to break Iran’s strait of Hormuz blockade,https://www.theguardian.com/world/iran/2026/may/04/all,True,False,True,True,False,True,False,False,False,True,False,1.0,2026-05-04
2026-05-04,https://www.theguardian.com/us-news/2026/may/04/project-freedom-marks-a-classic-trump-flip-from-warmonger-to-humanitarian,"‘Project Freedom’: a grand humanitarian gesture, or a fast track to more war?",https://www.theguardian.com/world/iran/2026/may/04/all,False,False,False,False,False,False,False,False,False,True,False,0.0,2026-05-04
2026-05-04,https://www.theguardian.com/world/2026/may/04/iran-executes-men-january-anti-regime-protests,Iran executes three men in relation to January anti-regime protests,https://www.theguardian.com/world/iran/2026/may/04/all,True,False,False,False,False,False,False,False,False,True,False,0.0,2026-05-04
2026-05-04,https://www.theguardian.com/books/2026/may/04/iran-and-the-revolution-by-homa-katouzian-review-how-the-islamic-republic-was-born,Iran and the Revolution by Homa Katouzian review – how the Islamic Republic was born,https://www.theguardian.com/world/iran/2026/may/04/all,True,False,False,False,False,False,False,False,False,True,False,0.0,2026-05-04
2026-05-04,https://www.theguardian.com/world/2026/may/04/could-irans-escalating-economic-crisis-weaken-negotiating-position-with-us,Could Iran’s escalating economic crisis weaken negotiating position with US?,https://www.theguardian.com/world/iran/2026/may/04/all,True,False,True,False,True,False,True,False,False,True,True,-0.5,2026-05-04
2026-05-05,https://www.theguardian.com/world/2026/may/05/us-iran-truce-teeters-on-meltdown-as-stalemate-takes-toll-on-each-side,US-Iran truce teeters on meltdown as stalemate takes toll on each side,https://www.theguardian.com/world/iran/2026/may/05/all,True,False,True,False,False,False,True,False,False,True,True,-0.75,2026-05-05
2026-05-05,https://www.theguardian.com/world/2026/may/05/a-veneer-of-normality-has-returned-to-tehran-but-fears-for-the-future-are-rife,A veneer of normality has returned to Tehran but fears for the future are rife,https://www.theguardian.com/world/iran/2026/may/05/all,True,False,False,False,False,False,False,False,False,True,False,0.0,2026-05-05
2026-05-05,https://www.theguardian.com/us-news/2026/may/05/democrats-rubio-israel-nuclear-weapons-iran-war,Democrats urge Rubio to acknowledge Israel possesses nuclear weapons amid Iran war,https://www.theguardian.com/world/iran/2026/may/05/all,True,False,True,False,True,False,False,False,False,True,False,0.5,2026-05-05
2026-05-05,https://www.theguardian.com/world/2026/may/05/jailed-iranian-nobel-prize-winner-narges-mohammadi-between-life-and-death,Jailed Iranian Nobel prize winner Narges Mohammadi ‘between life and death’,https://www.theguardian.com/world/iran/2026/may/05/all,True,False,False,False,False,False,False,False,False,True,False,0.0,2026-05-05
2026-05-05,https://www.theguardian.com/news/video/2026/may/05/has-trumps-project-freedom-reignited-war-with-iran-the-latest,Has Trump’s ‘Project Freedom’ reignited war with Iran? | The Latest,https://www.theguardian.com/world/iran/2026/may/05/all,True,False,True,False,False,False,False,False,False,False,False,0.25,2026-05-05
2026-05-05,https://www.theguardian.com/world/video/2026/may/05/us-not-looking-for-fight-break-iranian-blockade-hormuz-pete-hegseth-video,"US 'not looking for a fight' with plan to break Iranian blockade, says Hegseth  – video",https://www.theguardian.com/world/iran/2026/may/05/all,True,False,True,True,False,True,False,False,False,False,False,1.0,2026-05-05
2026-05-05,https://www.theguardian.com/news/audio/2026/may/05/has-trumps-project-freedom-reignited-war-with-iran-the-latest,Has Trump reignited war with Iran? – The Latest,https://www.theguardian.com/world/iran/2026/may/05/all,True,False,True,False,False,False,False,False,False,False,False,0.25,2026-05-05
2026-05-05,https://www.theguardian.com/culture/2026/may/05/seth-meyers-trump-disapproval-ratings-spirit-airlines,Seth Meyers on Trump’s poll ratings: ‘His disapproval is higher than Covid and January 6’,https://www.theguardian.com/world/iran/2026/may/05/all,False,False,False,False,False,False,False,False,False,True,False,0.0,2026-05-05
2026-05-05,https://www.theguardian.com/global-development/2026/may/05/women-behind-the-lens-after-state-massacres-i-began-burning-the-prints-as-an-act-of-mourning,"Women behind the lens: ‘After state massacres, I began burning the prints as an act of mourning’",https://www.theguardian.com/world/iran/2026/may/05/all,False,False,False,False,False,False,False,False,False,True,False,0.0,2026-05-05
2026-05-06,https://www.theguardian.com/world/2026/may/06/donald-trump-iran-war-deal-us-bombing,US fires on Iranian-flagged oil tanker as Trump gives Tehran fresh ultimatum,https://www.theguardian.com/world/iran/2026/may/06/all,True,False,False,False,True,True,False,False,False,True,False,0.0,2026-05-06
2026-05-06,https://www.theguardian.com/commentisfree/picture/2026/may/06/ben-jennings-donald-trump-project-freedom-cartoon,Ben Jennings on Donald Trump and ‘Project Freedom’ – cartoon,https://www.theguardian.com/world/iran/2026/may/06/all,False,False,False,False,False,False,False,False,False,False,False,0.0,2026-05-06
2026-05-06,https://www.theguardian.com/business/2026/may/06/oil-prices-ease-and-markets-rally-as-trump-works-towards-deal-with-iran,Oil prices fall as Trump says strait of Hormuz ‘open to all’ if Iran accepts deal,https://www.theguardian.com/world/iran/2026/may/06/all,True,False,True,False,False,True,True,False,True,False,True,-0.25,2026-05-06
2026-05-06,https://www.theguardian.com/world/2026/may/06/pope-leo-rejects-claim-he-supports-nuclear-weapons-trump-tirade-iran-war,Pope Leo rejects claim he supports nuclear weapons after Trump tirade,https://www.theguardian.com/world/iran/2026/may/06/all,False,False,False,False,True,False,False,False,False,True,False,0.0,2026-05-06
2026-05-06,https://www.theguardian.com/world/video/2026/may/06/pope-leo-church-doesnt-support-nuclear-weapons-trump-tirade-video,Pope Leo says church does not support nuclear weapons after Trump tirade – video,https://www.theguardian.com/world/iran/2026/may/06/all,False,False,False,False,True,False,False,False,False,False,False,0.0,2026-05-06
2026-05-06,https://www.theguardian.com/world/2026/may/06/another-day-another-pivot-as-trump-flails-in-an-iran-trap-of-his-own-making,"Another day, another pivot as Trump flails in an Iran trap of his own making",https://www.theguardian.com/world/iran/2026/may/06/all,True,False,False,False,False,False,False,False,False,True,False,0.0,2026-05-06
2026-05-06,https://www.theguardian.com/culture/2026/may/06/jimmy-kimmel-donald-trump-ballroom-fitness-test,Jimmy Kimmel on Trump’s ballroom: ‘What can you say? The man loves to dance’,https://www.theguardian.com/world/iran/2026/may/06/all,False,False,False,False,False,False,False,False,False,True,False,0.0,2026-05-06
2026-05-06,https://www.theguardian.com/business/live/2026/may/06/oil-prices-retreat-global-stocks-hit-record-highs-trump-great-progress-iran-deal-live-updates,"Oil and gas prices fall sharply, driven by hopes of strait of Hormuz reopening – as it happened",https://www.theguardian.com/world/iran/2026/may/06/all,True,False,True,False,False,True,False,False,True,False,False,0.75,2026-05-06
2026-05-06,https://www.theguardian.com/uk-news/2026/may/06/proxies-carrying-out-antisemitic-attacks-in-uk-could-face-14-years-in-prison,Proxies carrying out antisemitic attacks in UK could face 14 years in prison,https://www.theguardian.com/world/iran/2026/may/06/all,False,False,False,True,False,False,False,False,False,True,False,0.0,2026-05-06
2026-05-06,https://www.theguardian.com/world/2026/may/06/wednesday-briefing-how-trumps-attempt-to-reopen-to-strait-of-hormuz-brought-war-closer-again,Wednesday briefing: How Trump’s attempt to reopen to strait of Hormuz brought war closer again,https://www.theguardian.com/world/iran/2026/may/06/all,True,False,True,False,False,True,False,False,False,True,False,0.75,2026-05-06
2026-05-06,https://www.theguardian.com/business/2026/may/06/totally-grounded-how-the-jet-fuel-crisis-could-change-our-summer-holidays-and-world-history,Totally grounded? How the jet fuel crisis could change our holidays – and world history,https://www.theguardian.com/world/iran/2026/may/06/all,False,False,False,False,False,False,False,False,False,True,False,0.0,2026-05-06
2026-05-06,https://www.theguardian.com/world/2026/may/06/trump-project-freedom-strait-of-hormuz-ships-iran-ceasefire,"Trump puts ‘Project Freedom’ on hold, saying he hopes to finalise a deal with Iran",https://www.theguardian.com/world/iran/2026/may/06/all,True,False,False,False,False,False,True,False,False,True,True,0.0,2026-05-06
2026-05-07,https://www.theguardian.com/world/2026/may/07/iran-accuses-us-of-violating-ceasefire-by-targeting-civilian-areas-and-ships-on-strait-of-hormuz,US-Iran ceasefire under threat after exchange of strikes in strait of Hormuz,https://www.theguardian.com/world/iran/2026/may/07/all,True,False,True,True,True,True,True,False,False,True,True,1.0,2026-05-07
2026-05-07,https://www.theguardian.com/world/2026/may/07/us-and-iran-close-to-temporary-truce-pakistani-officials-claim,"US and Iran close to temporary truce, Pakistani officials claim",https://www.theguardian.com/world/iran/2026/may/07/all,True,False,True,False,False,False,True,False,False,True,True,-0.75,2026-05-07
2026-05-07,https://www.theguardian.com/world/2026/may/07/trump-project-freedom-saudi-arabia-strait-of-hormuz,Trump shelved ‘Project Freedom’ after Saudis refused use of bases and airspace,https://www.theguardian.com/world/iran/2026/may/07/all,False,False,False,False,False,False,False,False,False,True,False,0.0,2026-05-07
2026-05-07,https://www.theguardian.com/world/2026/may/07/iran-mocks-donald-trump-project-freedom,Iran mocks Trump’s ‘Project Freedom’ as adversaries wrestle over talks to end war,https://www.theguardian.com/world/iran/2026/may/07/all,True,False,True,False,False,False,True,False,False,True,True,-0.75,2026-05-07
2026-05-07,https://www.theguardian.com/commentisfree/2026/may/07/the-guardian-view-on-ceasefires-that-arent-israel-never-stopped-killing-in-gaza-allies-must-reject-any-escalation,The Guardian view on ceasefires that aren’t: Israel never stopped killing in Gaza – allies must reject any escalation,https://www.theguardian.com/world/iran/2026/may/07/all,False,False,False,False,True,False,False,False,False,False,False,0.0,2026-05-07
2026-05-07,https://www.theguardian.com/world/2026/may/07/iran-conducting-near-daily-prisoner-executions-in-secrecy-say-rights-groups,"Iran conducting near-daily prisoner executions in secrecy, say rights groups",https://www.theguardian.com/world/iran/2026/may/07/all,True,False,False,False,False,False,False,False,False,True,False,0.0,2026-05-07
2026-05-07,https://www.theguardian.com/us-news/2026/may/07/iran-war-big-oil-climate,"Trump’s Iran war may stymie climate gains with boost to big oil, experts say",https://www.theguardian.com/world/iran/2026/may/07/all,True,False,True,False,False,True,False,False,False,True,False,0.75,2026-05-07
2026-05-08,https://www.theguardian.com/us-news/video/2026/may/08/rubio-pope-meeting-meloni-video,Rubio cites 'positive' meeting with pope after meeting Giorgia Meloni – video,https://www.theguardian.com/world/iran/2026/may/08/all,False,False,False,False,False,False,False,False,False,False,False,0.0,2026-05-08
2026-05-08,https://www.theguardian.com/membership/2026/may/08/telling-the-truth-about-iran-is-more-dangerous-than-ever,Telling the truth about Iran is more dangerous than ever,https://www.theguardian.com/world/iran/2026/may/08/all,True,False,False,False,False,False,False,False,False,True,False,0.0,2026-05-08
2026-05-08,https://www.theguardian.com/commentisfree/2026/may/08/military-force-us-iran-regime,Military force has got the US nowhere with Iran – here is what a realistic negotiation would look like,https://www.theguardian.com/world/iran/2026/may/08/all,True,False,True,False,True,False,True,False,False,False,True,-0.5,2026-05-08
2026-05-08,https://www.theguardian.com/world/2026/may/08/trump-iran-us-war-ceasefire-updates-explained-hormuz,From stalemate to strikes: A dizzying week of US-Iran negotiations over the strait of Hormuz,https://www.theguardian.com/world/iran/2026/may/08/all,True,False,True,True,False,True,True,False,False,True,True,0.75,2026-05-08
2026-05-09,https://www.theguardian.com/world/2026/may/09/neither-us-nor-iran-can-sustain-strait-of-hormuz-standoff-indefinitely,Neither US nor Iran can sustain strait of Hormuz standoff indefinitely,https://www.theguardian.com/world/iran/2026/may/09/all,True,False,True,False,False,True,False,False,False,True,False,0.75,2026-05-11
2026-05-10,https://www.theguardian.com/world/2026/may/10/iran-us-peace-proposal-pakistan-reported-drone-strikes-strain-ceasefire,Trump calls Iran’s response to peace plan ‘totally unacceptable’ as ceasefire frays,https://www.theguardian.com/world/iran/2026/may/10/all,True,False,True,False,False,False,True,False,False,True,True,-0.75,2026-05-11
2026-05-10,https://www.theguardian.com/world/2026/may/10/narges-mohammadi-nobel-laureate-smuggled-memoir-details-beatings-neglect-iranian-prisons,Nobel laureate’s smuggled memoir details beatings and neglect in Iranian prisons,https://www.theguardian.com/world/iran/2026/may/10/all,True,False,False,False,False,False,False,False,False,True,False,0.0,2026-05-11
2026-05-10,https://www.theguardian.com/business/2026/may/10/degree-complacency-supply-chains-prepared-impact-iran-war,‘Degree of complacency’: are supply chains prepared for impact of ongoing Iran war?,https://www.theguardian.com/world/iran/2026/may/10/all,True,False,True,False,False,False,False,False,False,True,False,0.25,2026-05-11
2026-05-10,https://www.theguardian.com/artanddesign/gallery/2026/may/10/social-documentary-network-zeke-award-2026-winners-in-pictures,Social Documentary Network Zeke award 2026 winners – in pictures,https://www.theguardian.com/world/iran/2026/may/10/all,False,False,False,False,False,False,False,False,False,False,False,0.0,2026-05-11
2026-05-10,https://www.theguardian.com/global-development/2026/may/10/nobel-peace-prize-narges-mohammadi-solitary-confinement-excerpt-writings-prison-iran,"‘Blindfolded, I sat down slowly. Then the interrogation began’: Iranian Nobel laureate Narges Mohammadi on the torture of solitary confinement",https://www.theguardian.com/world/iran/2026/may/10/all,True,False,False,False,False,False,False,False,False,True,False,0.0,2026-05-11
2026-05-10,https://www.theguardian.com/world/2026/may/10/iran-threatens-us-sites-in-middle-east-if-tankers-come-under-fire,Iran threatens US sites in Middle East if tankers come under fire,https://www.theguardian.com/world/iran/2026/may/10/all,True,False,False,False,True,True,False,False,False,True,False,0.0,2026-05-11
2026-05-10,https://www.theguardian.com/commentisfree/2026/may/10/donald-trump-xi-jinping-beijing-summit-iran-taiwan,Donald Trump will arrive in Beijing this week knowing that Xi holds all the cards,https://www.theguardian.com/world/iran/2026/may/10/all,False,False,False,False,False,False,False,False,False,False,False,0.0,2026-05-11
2026-05-11,https://www.theguardian.com/world/2026/may/11/donald-trump-ceasefire-with-iran-on-life-support-reject-peace-proposals,Trump says ceasefire with Iran on ‘life support’ after rejecting peace proposals,https://www.theguardian.com/world/iran/2026/may/11/all,True,False,True,False,False,False,True,True,False,True,False,0.5,2026-05-11
2026-05-12,https://www.theguardian.com/world/live/2026/may/12/middle-east-crisis-us-iran-israel-donald-trump-ceasefire-peace-plan-latest-news-updates,Cost of US war on Iran mounting – as it happened,https://www.theguardian.com/world/iran/2026/may/12/all,True,False,True,False,False,False,False,False,False,False,False,0.25,2026-05-12
2026-05-12,https://www.theguardian.com/world/2026/may/12/uae-secret-attack-iran-risks-gulf-states-regional-conflict,UAE’s secret attack on Iran risks drawing Gulf states into the war,https://www.theguardian.com/world/iran/2026/may/12/all,True,False,True,True,False,False,False,False,False,True,False,1.0,2026-05-12
2026-05-12,https://www.theguardian.com/culture/2026/may/12/stephen-colbert-trump-statue-iran-peace-plan,Stephen Colbert on Trump’s 22ft gold statue at his golf club: ‘recreational idolatry’,https://www.theguardian.com/world/iran/2026/may/12/all,False,False,False,False,False,False,False,False,False,True,False,0.0,2026-05-12
2026-05-12,https://www.theguardian.com/world/2026/may/12/black-american-iran-solidarity-war,"In the 1979 hostage crisis, why did Iran free 10 Black Americans before the others?",https://www.theguardian.com/world/iran/2026/may/12/all,True,False,False,False,False,False,False,False,False,True,False,0.0,2026-05-12
2026-05-12,https://www.theguardian.com/global-development/2026/may/12/nobel-laureates-call-iran-release-gravely-ill-activist-human-rights-activist-narges-mohammadi,More than 110 Nobel laureates call on Iran to release gravely ill activist Narges Mohammadi,https://www.theguardian.com/world/iran/2026/may/12/all,True,False,False,False,False,False,False,False,False,True,False,0.0,2026-05-12
2026-05-12,https://www.theguardian.com/world/2026/may/12/internal-displacements-violence-conflict-record-high-2025,Internal displacements caused by violence or conflict at record high in 2025,https://www.theguardian.com/world/iran/2026/may/12/all,False,False,False,False,False,False,False,False,False,True,False,0.0,2026-05-12
2026-05-13,https://www.theguardian.com/us-news/live/2026/may/13/donald-trump-china-xi-jinping-beijing-iran-war-us-politics-latest-news-updates,Top Democrat calls newly confirmed Fed chair Kevin Warsh a ‘sock puppet’ for Trump – as it happened,https://www.theguardian.com/world/iran/2026/may/13/all,False,False,False,False,False,False,False,False,False,False,False,0.0,2026-05-13
2026-05-13,https://www.theguardian.com/world/2026/may/13/family-british-couple-jailed-iran-lost-contact,Family of British couple jailed in Iran say they have lost contact,https://www.theguardian.com/world/iran/2026/may/13/all,True,False,False,False,False,False,False,False,False,True,False,0.0,2026-05-13
2026-05-13,https://www.theguardian.com/commentisfree/2026/may/13/the-guardian-view-on-irans-repression-political-prisoners-such-as-narges-mohammadi-need-freedom-not-bombs,The Guardian view on Iran’s repression: political prisoners such as Narges Mohammadi need freedom not bombs,https://www.theguardian.com/world/iran/2026/may/13/all,True,False,True,True,False,False,False,False,False,False,False,1.0,2026-05-13
2026-05-13,https://www.theguardian.com/australia-news/2026/may/13/australia-strait-hormuz-wedgetail-iran-war-oil-crisis,Australian military plane to join efforts to reopen strait of Hormuz as Marles considers ‘how else we can contribute’,https://www.theguardian.com/world/iran/2026/may/13/all,True,False,True,False,True,True,False,False,False,True,False,1.0,2026-05-13
2026-05-13,https://www.theguardian.com/world/2026/may/13/public-health-risk-asia-firewood-cooking-gas-price-air-pollution,Public health at risk across Asia as Iran crisis sends price of cooking gas soaring,https://www.theguardian.com/world/iran/2026/may/13/all,True,False,False,False,False,True,False,False,False,True,False,0.0,2026-05-13
2026-05-14,https://www.theguardian.com/film/2026/may/14/parallel-tales-review-isabelle-huppert-sexual-fantasy-for-vincent-cassel-in-asghar-farhadis-latest,Parallel Tales review – Isabelle Huppert pens furtive sexual fantasy for Vincent Cassel in Asghar Farhadi’s latest,https://www.theguardian.com/world/iran/2026/may/14/all,False,False,False,False,False,False,False,False,False,True,False,0.0,2026-05-14
2026-05-14,https://www.theguardian.com/commentisfree/2026/may/14/iran-war-criminal-aggression,When will the Iran war end? The US can’t even decide when it began,https://www.theguardian.com/world/iran/2026/may/14/all,True,False,True,False,False,False,False,False,False,False,False,0.25,2026-05-14
2026-05-14,https://www.theguardian.com/world/2026/may/14/iran-strait-of-hormuz-navy-uae,Iran says ships entering strait of Hormuz must cooperate after vessel seized,https://www.theguardian.com/world/iran/2026/may/14/all,True,False,True,False,False,True,False,False,False,True,False,0.75,2026-05-14
2026-05-15,https://www.theguardian.com/film/2026/may/15/extremely-cruel-and-tragic-iranian-director-asghar-farhadi-speaks-out-against-state-violence-and-the-war,‘Extremely cruel and tragic’: Iranian director Asghar Farhadi speaks out against state violence and the war,https://www.theguardian.com/world/iran/2026/may/15/all,True,False,True,False,False,False,False,False,False,True,False,0.25,2026-05-15
2026-05-15,https://www.theguardian.com/world/2026/may/15/iran-oman-coordinating-management-strait-of-hormuz-tolls-ships,Oman caught between US and Iran after Tehran’s claims of joint strait of Hormuz plan,https://www.theguardian.com/world/iran/2026/may/15/all,True,False,True,False,False,True,False,False,False,True,False,0.75,2026-05-15
2026-05-15,https://www.theguardian.com/us-news/2026/may/15/what-was-achieved-trump-xi-summit-beijing,What was actually achieved at Trump and Xi’s ‘stalemate summit’ in Beijing?,https://www.theguardian.com/world/iran/2026/may/15/all,False,False,False,False,False,False,False,False,False,True,False,0.0,2026-05-15
2026-05-15,https://www.theguardian.com/world/2026/may/15/trump-china-visit-iran-agreement-xi-jinping-elusive,"Trump leaves China without breakthroughs on Iran, Taiwan or AI",https://www.theguardian.com/world/iran/2026/may/15/all,True,False,False,False,False,False,False,False,False,True,False,0.0,2026-05-15
2026-05-16,https://www.theguardian.com/world/2026/may/16/mohammad-baqer-saad-dawood-al-saadi-iran-guards-hayi,Arrest of Iraqi terror suspect with alleged links to Iran’s Quds Force is astonishing but not surprising,https://www.theguardian.com/world/iran/2026/may/16/all,True,False,False,False,False,False,False,False,False,True,False,0.0,2026-05-18
2026-05-18,https://www.theguardian.com/world/2026/may/18/iran-new-proposal-deal-to-end-war-us-israel,Trump claims planned attack on Iran postponed after Tehran makes new proposal to end war,https://www.theguardian.com/world/iran/2026/may/18/all,True,False,True,True,False,False,True,False,False,True,True,0.0,2026-05-18
2026-05-18,https://www.theguardian.com/commentisfree/2026/may/18/the-guardian-view-on-indias-iran-shock-asias-neoliberal-era-starts-to-fracture,The Guardian view on India’s Iran shock: Asia’s neoliberal era starts to fracture,https://www.theguardian.com/world/iran/2026/may/18/all,True,False,False,False,False,False,False,False,False,False,False,0.0,2026-05-18
2026-05-18,https://www.theguardian.com/world/2026/may/18/iran-threat-internet-cables-strait-hormuz,How realistic is threat of Iran charging to use internet cables under strait of Hormuz?,https://www.theguardian.com/world/iran/2026/may/18/all,True,False,True,False,True,True,False,False,False,True,False,1.0,2026-05-18
2026-05-19,https://www.theguardian.com/us-news/2026/may/19/senate-war-powers-resolution-trump,US Senate votes to advance resolution to curb Trump’s Iran war powers,https://www.theguardian.com/world/iran/2026/may/19/all,True,False,True,False,False,False,False,False,False,True,False,0.25,2026-05-19
2026-05-19,https://www.theguardian.com/world/live/2026/may/19/us-israel-iran-war-trump-peace-attacks-gulf-allies-strikes-hormuz-latest-news-updates,JD Vance says US remains ‘locked and loaded’ to restart military campaign as Iran warns of ‘new fronts’ – as it happened,https://www.theguardian.com/world/iran/2026/may/19/all,True,False,True,False,True,False,False,False,False,False,False,0.5,2026-05-19
2026-05-19,https://www.theguardian.com/world/2026/may/19/trump-iran-analysis,Trump turns to Middle East allies as deal to end Iran war proves elusive,https://www.theguardian.com/world/iran/2026/may/19/all,True,False,True,False,False,False,True,True,False,True,False,0.5,2026-05-19
2026-05-19,https://www.theguardian.com/world/2026/may/19/trump-threatens-a-big-hit-if-tehran-does-not-make-deal-soon,Trump threatens ‘a big hit’ if Tehran does not make deal soon,https://www.theguardian.com/world/iran/2026/may/19/all,True,False,False,False,True,False,True,True,False,True,False,0.0,2026-05-19
2026-05-20,https://www.theguardian.com/film/2026/may/20/michael-bay-iran-movie,Michael Bay to direct film based on US military rescue mission in Iran,https://www.theguardian.com/world/iran/2026/may/20/all,True,False,True,False,True,False,False,False,False,True,False,0.5,2026-05-20
2026-05-20,https://www.theguardian.com/world/live/2026/may/20/us-iran-israel-lebanon-gaza-trump-oil-hormuz-latest-news-updates,Outrage grows over treatment of Gaza flotilla activists; US boards Iranian oil tanker – Middle East crisis as it happened,https://www.theguardian.com/world/iran/2026/may/20/all,True,False,False,False,False,True,False,False,False,False,False,0.0,2026-05-20
2026-05-20,https://www.theguardian.com/world/2026/may/20/mahmoud-ahmadinejad-the-us-and-israels-unlikely-choice-to-lead-iran,Trump may see himself in Ahmadinejad but having him lead Iran was a perplexing idea,https://www.theguardian.com/world/iran/2026/may/20/all,True,False,False,False,False,False,False,False,False,True,False,0.0,2026-05-20
2026-05-20,https://www.theguardian.com/world/2026/may/20/nobel-laureates-and-human-rights-abuses,Nobel laureates and human rights abuses,https://www.theguardian.com/world/iran/2026/may/20/all,False,False,False,False,False,False,False,False,False,True,False,0.0,2026-05-20
2026-05-20,https://www.theguardian.com/world/2026/may/20/us-and-israel-hoped-to-install-ahmadinejad-as-irans-leader,US and Israel ‘hoped to install Ahmadinejad as Iran’s leader’,https://www.theguardian.com/world/iran/2026/may/20/all,True,False,False,False,False,False,False,False,False,True,False,0.0,2026-05-20
2026-05-20,https://www.theguardian.com/lifeandstyle/2026/may/20/i-dont-worry-about-a-robot-takeover-ai-expert-michael-wooldridge-on-big-techs-real-dangers-and-occasional-blessings,‘I don’t worry about a robot takeover’: AI expert Michael Wooldridge on big tech’s real dangers (and occasional blessings),https://www.theguardian.com/world/iran/2026/may/20/all,False,False,False,False,False,False,False,False,False,True,False,0.0,2026-05-20
2026-05-21,https://www.theguardian.com/world/2026/may/21/oil-markets-nearing-red-zone-as-holiday-season-nears-warns-iea-chief,"Oil markets nearing ‘red zone’ as Iran crisis continues, warns IEA chief",https://www.theguardian.com/world/iran/2026/may/21/all,True,False,False,False,True,True,False,False,False,True,False,0.0,2026-05-21
2026-05-22,https://www.theguardian.com/world/2026/may/22/marco-rubio-trump-disappointment-with-nato-will-be-discussed-at-summit,Marco Rubio: Trump ‘disappointment’ with Nato will be discussed at summit,https://www.theguardian.com/world/iran/2026/may/22/all,False,False,False,False,False,False,False,False,False,True,False,0.0,2026-05-22
2026-05-23,https://www.theguardian.com/world/2026/may/23/iran-hosts-pakistani-delegation-diplomacy-to-avert-new-us-strikes,Trump to meet with US negotiators to decide on Iran’s ceasefire proposal,https://www.theguardian.com/world/iran/2026/may/23/all,True,False,True,False,False,False,True,False,False,True,True,-0.75,2026-05-26
2026-05-23,https://www.theguardian.com/commentisfree/2026/may/23/ever-expanding-global-catastrophe-inevitable-donald-trump,An ever-expanding catastrophe over Iran is not inevitable. Trump can and must be stopped,https://www.theguardian.com/world/iran/2026/may/23/all,True,False,False,False,False,False,False,False,False,False,False,0.0,2026-05-26
2026-05-24,https://www.theguardian.com/world/2026/may/24/iran-leader-and-security-council-still-need-to-approve-peace-deal-with-us,US and Iran inch closer to peace deal as Trump faces criticism from GOP hawks,https://www.theguardian.com/world/iran/2026/may/24/all,True,False,True,False,False,False,True,False,False,True,True,-0.75,2026-05-26
2026-05-24,https://www.theguardian.com/world/2026/may/24/trump-says-he-does-not-make-bad-deals-but-even-republican-hawks-doubt-that-now,"Trump says he does not make bad deals, but even Republican hawks doubt that now",https://www.theguardian.com/world/iran/2026/may/24/all,False,False,False,False,False,False,False,False,False,True,False,0.0,2026-05-26
2026-05-24,https://www.theguardian.com/world/2026/may/24/republican-hawks-trump-deal-iran,Republican lawmakers warn of ‘disastrous mistake’ as Trump nears deal with Iran,https://www.theguardian.com/world/iran/2026/may/24/all,True,False,False,False,True,False,True,False,False,True,True,0.0,2026-05-26
2026-05-24,https://www.theguardian.com/world/2026/may/24/iran-ceasefire-deal-us-strait-of-hormuz,What may be included in proposed Iran ceasefire deal?,https://www.theguardian.com/world/iran/2026/may/24/all,True,False,True,False,False,False,True,False,False,True,True,-0.75,2026-05-26
2026-05-24,https://www.theguardian.com/us-news/video/2026/may/24/marco-rubio-says-significant-progress-made-in-talks-with-iran-video,Marco Rubio says 'significant' progress made in talks with Iran – video,https://www.theguardian.com/world/iran/2026/may/24/all,True,False,True,False,False,False,True,False,False,False,True,-0.75,2026-05-26
2026-05-25,https://www.theguardian.com/world/2026/may/25/iran-denies-deal-us-imminent-israel-oman-strait-of-hormuz,Iran denies deal with US is imminent despite some progress,https://www.theguardian.com/world/iran/2026/may/25/all,True,False,False,False,False,False,True,True,False,True,False,0.0,2026-05-26
2026-05-25,https://www.theguardian.com/world/2026/may/25/iran-bomb-trump-deal-sparks-alarm-israel-netanyahu,‘If Iran gets a bomb it will be Bibi’s’: Trump’s deal outline sparks alarm in Israel,https://www.theguardian.com/world/iran/2026/may/25/all,True,False,True,True,False,False,True,False,False,True,True,0.0,2026-05-26
2026-05-25,https://www.theguardian.com/world/2026/may/25/shock-iran-war-middle-east-rivals-trump-peace-deal,Shock of Iran war unites Middle East rivals in pushing Trump towards peace,https://www.theguardian.com/world/iran/2026/may/25/all,True,False,True,False,False,False,True,False,False,True,True,-0.75,2026-05-26
2026-05-25,https://www.theguardian.com/commentisfree/2026/may/25/us-iran-peace-talks-tehran-donald-trump,Each side spins a different story about the US-Iran peace talks – but Tehran may have the last word,https://www.theguardian.com/world/iran/2026/may/25/all,True,False,True,False,False,False,True,False,False,False,True,-0.75,2026-05-26
2026-05-25,https://www.theguardian.com/world/2026/may/25/iran-regime-opponents-london-shah-pahlavi-mek,Opposition divided: battle among Iranian regime’s opponents plays out on London streets,https://www.theguardian.com/world/iran/2026/may/25/all,True,False,False,False,False,False,False,False,False,True,False,0.0,2026-05-26
2026-05-26,https://www.theguardian.com/world/live/2026/may/26/iran-war-live-updates-us-attacks-iran-missile-sites-self-defence-during-peace-talks,Middle East crisis: Iran’s foreign ministry says US broke ceasefire with overnight strikes – as it happened,https://www.theguardian.com/world/iran/2026/may/26/all,True,False,True,True,False,False,True,False,False,False,True,0.0,2026-05-26
2026-05-26,https://www.theguardian.com/world/2026/may/26/iran-peace-deal-talks-us-bombing-ceasefire-strait-hormuz,Iran remains in peace talks despite ‘bad faith’ US bombings of Iranian targets,https://www.theguardian.com/world/iran/2026/may/26/all,True,False,True,True,False,False,True,False,False,True,True,0.0,2026-05-26
2026-05-26,https://www.theguardian.com/news/video/2026/may/26/us-strikes-iran-as-trump-faces-backlash-over-disastrous-peace-deal-plan-the-latest,US strikes Iran as Trump faces backlash over ‘disastrous’ peace deal plan - The Latest,https://www.theguardian.com/world/iran/2026/may/26/all,True,False,True,True,False,False,True,False,False,False,True,0.0,2026-05-26
2026-05-26,https://www.theguardian.com/news/audio/2026/may/26/strikes-iran-trump-faces-backlash-disastrous-peace-deal-plan-the-latest,Trump faces backlash over ‘disastrous’ peace deal plan - The Latest,https://www.theguardian.com/world/iran/2026/may/26/all,False,False,False,False,False,False,True,False,False,False,True,0.0,2026-05-26
2026-05-26,https://www.theguardian.com/world/2026/may/26/iran-internet-blackout,Iran’s access to global internet starts to resume after 88-day blackout,https://www.theguardian.com/world/iran/2026/may/26/all,True,False,False,False,False,False,False,False,False,True,False,0.0,2026-05-26
2026-05-26,https://www.theguardian.com/football/2026/may/26/sardar-azmoun-iran-world-cup-protests-social-media,Sardar Azmoun’s World Cup absence for political reasons divides opinion in Iran,https://www.theguardian.com/world/iran/2026/may/26/all,True,False,False,False,False,False,False,False,False,True,False,0.0,2026-05-26
2026-05-26,https://www.theguardian.com/world/2026/may/26/us-strikes-iran-missile-sites-vessels-trump-peace-deal-elusive,US strikes Iran missile sites and mine laying vessels as Trump’s promised peace deal remains elusive,https://www.theguardian.com/world/iran/2026/may/26/all,True,False,True,True,False,False,True,True,False,True,False,1.0,2026-05-26
2026-05-27,https://www.theguardian.com/world/live/2026/may/27/iran-war-us-update-live-israel-lebanon-strikes-latest-news-ceasefire-peace-talks-middle-east-live-updates,Middle East crisis: Rubio says ‘some progress’ on US-Iran deal after Trump says ‘maybe we’ll just have to finish the job’ – as it happened,https://www.theguardian.com/world/iran/2026/may/27/all,True,False,False,False,False,False,True,False,False,False,True,0.0,2026-05-27
2026-05-27,https://www.theguardian.com/commentisfree/2026/may/27/the-guardian-view-on-lebanons-suffering-the-ceasefire-didnt-stop-israeli-attacks-now-theyre-intensifying-again,The Guardian view on Lebanon’s suffering: the ‘ceasefire’ didn’t stop Israeli attacks. Now they’re intensifying again,https://www.theguardian.com/world/iran/2026/may/27/all,False,False,False,True,False,False,True,False,False,False,True,0.0,2026-05-27
2026-05-27,https://www.theguardian.com/world/2026/may/27/israel-fires-airstrikes-lebanon-escalating-offensive,Israeli military tells residents of swathe of southern Lebanon to leave,https://www.theguardian.com/world/iran/2026/may/27/all,False,False,False,False,True,False,False,False,False,True,False,0.0,2026-05-27
2026-05-27,https://www.theguardian.com/us-news/2026/may/27/trump-cabinet-camp-david-washington-iran,Trump accuses Iran of stalling peace deal to ‘outwait’ him until US midterms,https://www.theguardian.com/world/iran/2026/may/27/all,True,False,True,False,False,False,True,False,False,True,True,-0.75,2026-05-27
2026-05-27,https://www.theguardian.com/world/2026/may/27/partial-lifting-of-internet-restrictions-reveal-iranians-anger-over-food-inflation,Lifting of internet restrictions reveals Iranians’ anger over food inflation,https://www.theguardian.com/world/iran/2026/may/27/all,True,False,False,False,False,False,False,False,True,False,False,0.0,2026-05-27
2026-05-28,https://www.theguardian.com/world/video/2026/may/28/trump-negotiation-iran-war,Can Trump's negotiation playbook solve the Iran war? – video,https://www.theguardian.com/world/iran/2026/may/28/all,True,False,True,False,False,False,True,False,False,False,True,-0.75,2026-05-28
2026-05-28,https://www.theguardian.com/us-news/2026/may/28/trump-iran-republicans-anger-midterms,Dire strait? Trump’s bid to end Iran war before midterms risks Republican anger,https://www.theguardian.com/world/iran/2026/may/28/all,True,False,True,False,False,False,False,False,False,True,False,0.25,2026-05-28
2026-05-28,https://www.theguardian.com/stage/2026/may/28/under-the-shadow-stage-play-almeida-london-nadia-latif-carmen-nasr,"‘Impossible, exhausting, horrifying’: how a chilling supernatural play explains the terror of life in Iran",https://www.theguardian.com/world/iran/2026/may/28/all,True,False,False,False,False,False,False,False,False,True,False,0.0,2026-05-28
2026-05-28,https://www.theguardian.com/world/2026/may/28/us-new-strikes-iran-israel-intensifies-attacks-southern-lebanon,US and Iran exchange strikes as Israel intensifies attacks on southern Lebanon,https://www.theguardian.com/world/iran/2026/may/28/all,True,False,True,True,False,False,False,False,False,True,False,1.0,2026-05-28
2026-05-28,https://www.theguardian.com/world/2026/may/28/iran-internet-blackout-return-partial-connectivity,"‘This isn’t freedom’: anger, anxiety and tears as Iran’s internet flickers back",https://www.theguardian.com/world/iran/2026/may/28/all,True,False,False,False,False,False,False,False,False,True,False,0.0,2026-05-28
2026-05-29,https://www.theguardian.com/world/2026/may/29/trump-on-verge-of-approving-peace-deal-with-major-iranian-concessions,Trump claims to be on verge of peace deal but Iran signals no agreement reached,https://www.theguardian.com/world/iran/2026/may/29/all,True,False,True,False,False,False,True,False,False,True,True,-0.75,2026-05-29
2026-05-29,https://www.theguardian.com/world/2026/may/29/bushra-shaikh-uk-influencer-met-senior-officials-state-sponsored-tours-iran,"UK influencer met senior officials on state-sponsored tours of Iran, factchecking body finds",https://www.theguardian.com/world/iran/2026/may/29/all,True,False,False,False,False,False,False,False,False,True,False,0.0,2026-05-29
2026-05-29,https://www.theguardian.com/us-news/2026/may/29/trump-iran-war-deportations,"Trump administration deported 21,000 to places US calls too dangerous to visit",https://www.theguardian.com/world/iran/2026/may/29/all,False,False,False,False,False,False,False,False,False,True,False,0.0,2026-05-29
2026-05-29,https://www.theguardian.com/politics/video/2026/may/29/trump-the-boy-who-cried-peace-in-the-middle-east-politics-weekly-america,Trump: the boy who cried ‘peace’ in the Middle East | Politics Weekly America,https://www.theguardian.com/world/iran/2026/may/29/all,False,False,False,False,False,False,True,False,False,False,True,0.0,2026-05-29
2026-05-29,https://www.theguardian.com/politics/audio/2026/may/29/trump-the-boy-who-cried-peace-in-the-middle-east-podcast,Trump: the boy who cried ‘peace’ in the Middle East – podcast,https://www.theguardian.com/world/iran/2026/may/29/all,False,False,False,False,False,False,True,False,False,False,True,0.0,2026-05-29
2026-05-30,https://www.theguardian.com/us-news/2026/may/30/iran-trump-peace-deal-analysis,Looming Iran peace deal shows how Trump’s maximalist goals have shrunk,https://www.theguardian.com/world/iran/2026/may/30/all,True,False,True,False,False,False,True,False,False,True,True,-0.75,2026-06-01
2026-05-30,https://www.theguardian.com/world/2026/may/30/us-more-than-capable-of-resuming-war-against-iran-pete-hegseth-says,"US ‘more than capable’ of resuming war against Iran, Pete Hegseth says",https://www.theguardian.com/world/iran/2026/may/30/all,True,False,True,False,False,False,False,False,False,True,False,0.25,2026-06-01
2026-05-30,https://www.theguardian.com/news/ng-interactive/2026/may/30/iran-broken-economy-emboldened-regime-iranians-abandoned-fallout-of-war,A broken economy and an emboldened regime: Iranians abandoned to endure fallout from war,https://www.theguardian.com/world/iran/2026/may/30/all,True,False,True,False,False,False,False,False,False,True,False,0.25,2026-06-01
2026-05-31,https://www.theguardian.com/commentisfree/2026/may/31/the-guardian-view-on-the-splinternet-where-china-led-iran-and-others-are-eagerly-following,"The Guardian view on the splinternet: where China led, Iran and others are eagerly following",https://www.theguardian.com/world/iran/2026/may/31/all,True,False,False,False,False,False,False,False,False,False,False,0.0,2026-06-01
2026-05-31,https://www.theguardian.com/world/live/2026/may/31/middle-east-crisis-live-israel-lebanon-beaufort-castle-us-iran-nuclear-deal-hormuz-oil-latest-news-updates,Middle East crisis: Netanyahu hails capture of castle in Lebanon as nominal ceasefire left in tatters – as it happened,https://www.theguardian.com/world/iran/2026/may/31/all,False,False,False,False,False,False,True,False,False,False,True,0.0,2026-06-01
2026-05-31,https://www.theguardian.com/world/ng-interactive/2026/may/31/donald-trump-iran-excursion-vietnam-war,Could Trump’s Iran ‘excursion’ be a bigger global turning point than Vietnam?,https://www.theguardian.com/world/iran/2026/may/31/all,True,False,False,False,False,False,False,False,False,True,False,0.0,2026-06-01
2026-06-01,https://www.theguardian.com/world/2026/jun/01/european-leaders-condemn-israel-incursion-into-lebanon,Trump says Hezbollah and Israel have agreed to ‘stop all shooting’,https://www.theguardian.com/world/iran/2026/jun/01/all,False,False,False,False,False,False,False,False,False,True,False,0.0,2026-06-01
2026-06-01,https://www.theguardian.com/commentisfree/2026/jun/01/trump-iran-war-plan,Trump had no plan B for Iran. It shows,https://www.theguardian.com/world/iran/2026/jun/01/all,True,False,False,False,False,False,False,False,False,False,False,0.0,2026-06-01
2026-06-01,https://www.theguardian.com/world/2026/jun/01/iran-strikes-us-military-base-kuwait-iranian-air-defences,Iran threatens to suspend peace talks after ‘violation of ceasefire’ in Lebanon,https://www.theguardian.com/world/iran/2026/jun/01/all,True,False,True,False,True,False,True,True,False,True,False,1.0,2026-06-01
2026-06-01,https://www.theguardian.com/news/video/2026/jun/01/sit-back-and-relax-trump-insists-iran-deal-close-despite-strikes-the-latest,‘Sit back and relax’: Trump insists Iran deal close despite strikes - The Latest,https://www.theguardian.com/world/iran/2026/jun/01/all,True,False,True,True,False,False,True,False,False,False,True,0.0,2026-06-01
2026-06-01,https://www.theguardian.com/world/audio/2026/jun/01/sit-back-and-relax-trump-insists-iran-deal-close-despite-strikes-the-latest,Trump insists Iran deal close despite strikes – The Latest,https://www.theguardian.com/world/iran/2026/jun/01/all,True,False,True,True,False,False,True,False,False,False,True,0.0,2026-06-01
2026-06-02,https://www.theguardian.com/world/2026/jun/02/family-say-british-couple-jailed-in-iran-have-lost-appeal-against-convictions,"British couple jailed in Iran have lost appeal against convictions, family say",https://www.theguardian.com/world/iran/2026/jun/02/all,True,False,False,False,False,False,False,False,False,True,False,0.0,2026-06-02
2026-06-02,https://www.theguardian.com/world/2026/jun/02/israel-strikes-southern-lebanon-despite-trump-ceasefire,Israel strikes southern Lebanon despite Trump’s effort to shore up ceasefire,https://www.theguardian.com/world/iran/2026/jun/02/all,False,False,False,True,False,False,True,False,False,True,True,0.0,2026-06-02
2026-06-02,https://www.theguardian.com/commentisfree/2026/jun/02/the-guardian-view-on-trump-and-lebanon-civilians-need-lasting-peace-not-short-term-patches,"The Guardian view on Trump and Lebanon: civilians need lasting peace, not short-term patches",https://www.theguardian.com/world/iran/2026/jun/02/all,False,False,False,False,False,False,True,False,False,False,True,0.0,2026-06-02
2026-06-02,https://www.theguardian.com/us-news/2026/jun/02/marco-rubio-iran-war-congress-hearing,Rubio says Iran ready to discuss nuclear deal as Tehran declares peace talks over,https://www.theguardian.com/world/iran/2026/jun/02/all,True,False,True,False,True,False,True,True,False,True,False,1.0,2026-06-02
2026-06-02,https://www.theguardian.com/world/live/2026/jun/02/iran-us-israel-lebanon-trump-netanyahu-hezbollah-beirut-hormuz-talks-oil-latest-news-updates,Middle East crisis: Rubio says opening the strait of Hormuz is first condition in talks with Iran – as it happened,https://www.theguardian.com/world/iran/2026/jun/02/all,True,False,True,False,False,True,True,False,False,False,True,-0.25,2026-06-02
2026-06-02,https://www.theguardian.com/world/2026/jun/02/patriot-missile-shortage-window-vulnerability-russia-exploiting-ukraine,Patriot missile shortage has created ‘window of vulnerability’ Russia is exploiting in Ukraine,https://www.theguardian.com/world/iran/2026/jun/02/all,False,False,False,True,False,False,False,False,False,True,False,0.0,2026-06-02
2026-06-03,https://www.theguardian.com/world/2026/jun/03/us-fires-missile-tanker-strait-of-hormuz,One killed and 63 hurt in Iran attack on Kuwait airport as Trump says ceasefire talks ongoing,https://www.theguardian.com/world/iran/2026/jun/03/all,True,False,True,True,False,False,True,False,False,True,True,0.0,2026-06-03
2026-06-03,https://www.theguardian.com/world/video/2026/jun/03/iranian-strikes-damage-kuwait-airport-video,Iranian strikes cause damage at Kuwait international airport – video,https://www.theguardian.com/world/iran/2026/jun/03/all,True,False,True,True,False,False,False,False,False,False,False,1.0,2026-06-03
2026-06-03,https://www.theguardian.com/world/2026/jun/03/iran-reza-pahlavi-shah-secret-police-savak,Far-right praise for shah’s secret police puts Reza Pahlavi on the spot,https://www.theguardian.com/world/iran/2026/jun/03/all,False,False,False,False,False,False,False,False,False,True,False,0.0,2026-06-03
2026-06-03,https://www.theguardian.com/business/2026/jun/03/oecd-predicts-spate-of-recessions-globally-if-iran-conflict-drags-into-2027,OECD predicts spate of recessions globally if Iran conflict drags into 2027,https://www.theguardian.com/world/iran/2026/jun/03/all,True,False,False,False,False,False,False,False,False,True,False,0.0,2026-06-03
2026-06-03,https://www.theguardian.com/global-development/2026/jun/03/reports-brutal-arrests-torture-deaths-iran-prisons,"‘They beat me until I lost consciousness’: growing reports of brutal arrests, torture and deaths in Iran’s prisons",https://www.theguardian.com/world/iran/2026/jun/03/all,True,False,False,False,False,False,False,False,False,True,False,0.0,2026-06-03
2026-06-03,https://www.theguardian.com/film/2026/jun/03/dreams-of-violets-ash-koosha-iran-tribeca-film-festival,"‘The CGI would have cost millions. I spent $2,000.’ Is Dreams of Violets AI slop – or the future of film-making?",https://www.theguardian.com/world/iran/2026/jun/03/all,False,False,False,False,False,False,False,False,False,True,False,0.0,2026-06-03
2026-06-04,https://www.theguardian.com/books/2026/jun/04/dina-nayeri-marjane-satrapi-brought-iranian-women-like-me-out-of-hiding,Dina Nayeri: Marjane Satrapi brought Iranian women like me out of hiding,https://www.theguardian.com/world/iran/2026/jun/04/all,True,False,False,False,False,False,False,False,False,True,False,0.0,2026-06-04
2026-06-04,https://www.theguardian.com/news/video/2026/jun/04/israel-and-lebanon-agree-yet-another-ceasefire-but-can-it-hold-the-latest,Is the Israel-Lebanon ceasefire over before it began? - The Latest,https://www.theguardian.com/world/iran/2026/jun/04/all,False,False,False,False,False,False,True,True,False,False,False,0.0,2026-06-04
2026-06-04,https://www.theguardian.com/world/live/2026/jun/04/middle-east-crisis-israel-lebanon-hezbolllah-us-ceasefire-southern-military-attacks-continue-latest-news-updates,Israel to continue ground operation in southern Lebanon despite agreed ceasefire – as it happened,https://www.theguardian.com/world/iran/2026/jun/04/all,False,False,False,False,False,False,True,False,False,False,True,0.0,2026-06-04
2026-06-04,https://www.theguardian.com/world/2026/jun/04/israel-lebanon-renew-ceasefire-hezbollah-trump-iran-deal-middle-east-us,Hezbollah rejects Israel-Lebanon truce as Trump scrambles to end Iran war,https://www.theguardian.com/world/iran/2026/jun/04/all,True,False,True,False,False,False,True,True,False,True,False,0.5,2026-06-04
2026-06-04,https://www.theguardian.com/news/audio/2026/jun/04/israel-strikes-southern-lebanon-despite-new-ceasefire-the-latest,Is the Israel-Lebanon ceasefire over before it began? - The Latest,https://www.theguardian.com/world/iran/2026/jun/04/all,False,False,False,False,False,False,True,True,False,False,False,0.0,2026-06-04
2026-06-04,https://www.theguardian.com/commentisfree/2026/jun/04/iran-us-winning-war-truth-losing-ceasefire,Iran and the US both think they are winning the war. The truth is they are both losing,https://www.theguardian.com/world/iran/2026/jun/04/all,True,False,True,False,False,False,False,False,False,False,False,0.25,2026-06-04
2026-06-04,https://www.theguardian.com/world/video/2026/jun/04/us-house-passes-resolution-trumps-iran-war-powers-video,Cheers as US House passes resolution on Trump's Iran war powers - video,https://www.theguardian.com/world/iran/2026/jun/04/all,True,False,True,False,False,False,False,False,False,False,False,0.25,2026-06-04
2026-06-04,https://www.theguardian.com/world/video/2026/jun/04/surveillance-footage-shows-moment-of-drone-attack-on-kuwait-airport-video,Surveillance footage shows moment of drone attack on Kuwait airport – video,https://www.theguardian.com/world/iran/2026/jun/04/all,False,False,False,True,False,False,False,False,False,False,False,0.0,2026-06-04
2026-06-04,https://www.theguardian.com/world/2026/jun/04/oman-resists-us-pressure-to-break-ties-with-iran-over-strait-of-hormuz,Oman resists US pressure to break ties with Iran over strait of Hormuz,https://www.theguardian.com/world/iran/2026/jun/04/all,True,False,True,False,False,True,False,False,False,True,False,0.75,2026-06-04
2026-06-05,https://www.theguardian.com/uk-news/2026/jun/05/two-men-convicted-of-wounding-journalist-on-orders-of-iran,Two men convicted of wounding journalist in London ‘on orders of Iran’,https://www.theguardian.com/world/iran/2026/jun/05/all,True,False,False,False,False,False,False,False,False,True,False,0.0,2026-06-05
2026-06-05,https://www.theguardian.com/books/2026/jun/05/marjane-satrapi-death-graphic-novelist-paved-way-for-a-generation,Marjane Satrapi captured profound human emotions – and paved the way for a generation,https://www.theguardian.com/world/iran/2026/jun/05/all,False,False,False,False,False,False,False,False,False,True,False,0.0,2026-06-05
2026-06-05,https://www.theguardian.com/football/2026/jun/05/iran-world-cup-mood-streets,In Iran the World Cup used to trigger joy on our streets. It feels very different now,https://www.theguardian.com/world/iran/2026/jun/05/all,True,False,False,False,False,False,False,False,False,True,False,0.0,2026-06-05
2026-06-05,https://www.theguardian.com/world/2026/jun/05/friday-briefing-how-gaza-lebanon-and-iran-have-found-themselves-caught-in-an-escalation-without-end,"Friday briefing: How Gaza, Lebanon and Iran have found themselves caught in an escalation without end",https://www.theguardian.com/world/iran/2026/jun/05/all,True,False,False,False,True,False,False,False,False,True,False,0.0,2026-06-05
2026-06-06,https://www.theguardian.com/football/2026/jun/06/iran-world-cup-visas-mexico,Iran World Cup team travels to Mexico with US visas reportedly denied for several staff,https://www.theguardian.com/world/iran/2026/jun/06/all,True,False,False,False,False,False,False,False,False,True,False,0.0,2026-06-08
2026-06-06,https://www.theguardian.com/world/2026/jun/06/us-says-iran-radar-sites-struck-and-drones-intercepted-in-latest-threat-to-fragile-ceasefire,Kuwait and Bahrain targeted by Iran after exchange of fire with US,https://www.theguardian.com/world/iran/2026/jun/06/all,True,False,False,False,False,False,False,False,False,True,False,0.0,2026-06-08
2026-06-06,https://www.theguardian.com/world/2026/jun/06/blackouts-hyperinflation-dissent-iran-considers-perilous-prospect-of-peace,"Blackouts, hyperinflation, dissent: Iran considers perilous prospect of peace",https://www.theguardian.com/world/iran/2026/jun/06/all,True,False,True,False,False,False,True,False,False,True,True,-0.75,2026-06-08
2026-06-07,https://www.theguardian.com/world/2026/jun/07/israel-escalates-war-hezbollah-airstrikes-beirut,Iran launches missiles at Israel in response to strikes on Beirut,https://www.theguardian.com/world/iran/2026/jun/07/all,True,False,True,True,False,False,False,False,False,True,False,1.0,2026-06-08
2026-06-07,https://www.theguardian.com/football/2026/jun/07/iran-players-us-visa-delays-world-cup-2026-mexico,‘We are upset’: Iran players hit out at US visa delay after World Cup arrival in Mexico,https://www.theguardian.com/world/iran/2026/jun/07/all,True,False,False,False,False,False,False,False,False,True,False,0.0,2026-06-08
2026-06-07,https://www.theguardian.com/commentisfree/2026/jun/07/donald-trump-ceasefire-failure-ukraine-iran-gaza-lebanon-gaza,Trump’s failure to maintain ceasefires is part of the new world disorder – and ordinary people pay the price,https://www.theguardian.com/world/iran/2026/jun/07/all,False,False,False,False,False,False,False,False,False,False,False,0.0,2026-06-08
2026-06-07,https://www.theguardian.com/news/ng-interactive/2026/jun/07/could-this-one-man-have-been-behind-terrorist-attacks-on-jewish-communities-across-europe,Could this one man have been behind terrorist attacks on Jewish communities across Europe?,https://www.theguardian.com/world/iran/2026/jun/07/all,False,False,False,True,False,False,False,False,False,True,False,0.0,2026-06-08
2026-06-08,https://www.theguardian.com/world/live/2026/jun/08/iran-israel-news-live-updates-strikes-attacks-intensify-trump-netanyahu,Lebanon’s president refuses to meet Netanyahu until war ends – as it happened,https://www.theguardian.com/world/iran/2026/jun/08/all,False,False,False,False,False,False,False,False,False,False,False,0.0,2026-06-08
2026-06-08,https://www.theguardian.com/world/2026/jun/08/israel-and-iran-attacks-pause-after-trump-calls-to-stop-shooting,Israel and Iran step back from renewed conflict after Trump calls for halt,https://www.theguardian.com/world/iran/2026/jun/08/all,True,False,False,False,False,False,False,False,False,True,False,0.0,2026-06-08
2026-06-08,https://www.theguardian.com/us-news/2026/jun/08/what-trump-actually-said-no-war-promise,Trump claims he ‘didn’t guarantee’ no US wars. Here’s what he’s actually said,https://www.theguardian.com/world/iran/2026/jun/08/all,False,False,False,False,False,False,False,False,False,True,False,0.0,2026-06-08
2026-06-08,https://www.theguardian.com/us-news/2026/jun/08/complex-relationship-between-trump-and-netanyahu-continues-to-undermine-middle-east-ceasefire,Complex relationship between Trump and Netanyahu continues to undermine Middle East ceasefire,https://www.theguardian.com/world/iran/2026/jun/08/all,False,False,False,False,False,False,True,True,False,True,False,0.0,2026-06-08
2026-06-08,https://www.theguardian.com/news/video/2026/jun/08/israel-and-iran-trade-strikes-what-does-this-mean-for-peace-deal-the-latest,Israel and Iran trade strikes: what does this mean for peace deal? - The Latest,https://www.theguardian.com/world/iran/2026/jun/08/all,True,False,True,True,False,False,True,False,False,False,True,0.0,2026-06-08
2026-06-08,https://www.theguardian.com/news/audio/2026/jun/08/could-israel-iran-strikes-reignite-war-trump-netanyahu-the-latest,Israel and Iran trade strikes: what does this mean for peace deal? – The Latest,https://www.theguardian.com/world/iran/2026/jun/08/all,True,False,True,True,False,False,True,False,False,False,True,0.0,2026-06-08
2026-06-08,https://www.theguardian.com/world/2026/jun/08/why-did-israel-and-iran-trade-fire-and-how-does-it-affect-wider-peace-efforts,Iran war: who is fighting and why?,https://www.theguardian.com/world/iran/2026/jun/08/all,True,False,True,False,False,False,False,False,False,True,False,0.25,2026-06-08
2026-06-08,https://www.theguardian.com/world/2026/jun/08/iran-ceasefire-talks-us-israel-strait-of-hormuz-blockade-houthis-yemen,Will Iran give up on ceasefire talks as strait of Hormuz blockade continues?,https://www.theguardian.com/world/iran/2026/jun/08/all,True,False,True,True,False,True,True,False,False,True,True,0.75,2026-06-08
2026-06-08,https://www.theguardian.com/world/2026/jun/08/israel-netanyahu-airstrikes-iran-retaliation-defies-trump,Israel and Iran exchange strikes as Middle East crisis threatens to escalate,https://www.theguardian.com/world/iran/2026/jun/08/all,True,False,True,True,True,False,False,False,False,True,False,1.0,2026-06-08
2026-06-08,https://www.theguardian.com/us-news/2026/jun/08/trump-briefing-israel-iran-missile-attack-peace-deal,Trump news at a glance: Israel strikes back at Iran despite president’s appeal,https://www.theguardian.com/world/iran/2026/jun/08/all,True,False,True,True,False,False,False,False,False,True,False,1.0,2026-06-08
2026-06-09,https://www.theguardian.com/us-news/2026/jun/09/jd-vance-iran-peace-deal,JD Vance claims US ‘very close’ to peace deal with Iran,https://www.theguardian.com/world/iran/2026/jun/09/all,True,False,True,False,False,False,True,False,False,True,True,-0.75,2026-06-09
2026-06-09,https://www.theguardian.com/commentisfree/2026/jun/09/the-guardian-view-on-ukraine-and-the-prospects-of-peace-time-to-ramp-up-the-pressure-on-putin-,The Guardian view on Ukraine and the prospects of peace: time to ramp up the pressure on Putin,https://www.theguardian.com/world/iran/2026/jun/09/all,False,False,False,False,False,False,True,False,False,False,True,0.0,2026-06-09
2026-06-09,https://www.theguardian.com/world/2026/jun/09/marjane-satrapi-obituary,Marjane Satrapi obituary,https://www.theguardian.com/world/iran/2026/jun/09/all,False,False,False,False,False,False,False,False,False,True,False,0.0,2026-06-09
2026-06-09,https://www.theguardian.com/world/2026/jun/09/israeli-attack-tyre-lebanon-evacuation-ordered-historic-christian-quarter,Israeli attack on Tyre in Lebanon kills eight as evacuation ordered for Christian quarter,https://www.theguardian.com/world/iran/2026/jun/09/all,False,False,False,True,False,False,False,False,False,True,False,0.0,2026-06-09
2026-06-09,https://www.theguardian.com/business/2026/jun/09/trump-gas-prices-not-very-high,Trump claims US fuel prices ‘not very high’ as costs surge amid Iran war,https://www.theguardian.com/world/iran/2026/jun/09/all,True,False,True,False,False,False,False,False,False,True,False,0.25,2026-06-09
2026-06-10,https://www.theguardian.com/commentisfree/2026/jun/10/the-guardian-view-on-the-mens-world-cup-the-build-up-was-unedifying-but-now-the-football-takes-over,"The Guardian view on the men’s World Cup: the build-up was unedifying, but now the football takes over",https://www.theguardian.com/world/iran/2026/jun/10/all,False,False,False,False,False,False,False,False,False,False,False,0.0,2026-06-10
2026-06-10,https://www.theguardian.com/us-news/2026/jun/10/trump-iran-war-analysis,Trump the unreliable narrator fails to force reality to match his story on Iran,https://www.theguardian.com/world/iran/2026/jun/10/all,True,False,False,False,False,False,False,False,False,True,False,0.0,2026-06-10
2026-06-10,https://www.theguardian.com/culture/2026/jun/10/jimmy-kimmel-trump-knicks-spurs-nba-finals-new-york,Jimmy Kimmel on Trump at NBA finals: ‘He shut down a city so he could take a nap’,https://www.theguardian.com/world/iran/2026/jun/10/all,False,False,False,False,False,False,False,False,False,True,False,0.0,2026-06-10
2026-06-10,https://www.theguardian.com/stage/2026/jun/10/under-the-shadow-review-leila-farzad-tehran-almeida-theatre,Under the Shadow review – Leila Farzad is fantastic in this nerve-shredding tale of 80s Tehran,https://www.theguardian.com/world/iran/2026/jun/10/all,True,False,False,False,False,False,False,False,False,True,False,0.0,2026-06-10
2026-06-10,https://www.theguardian.com/books/2026/jun/10/stolen-revolution-by-bozorgmehr-sharafedin-and-yeganeh-torbati-review-irans-recent-history-explained,Stolen Revolution by Bozorgmehr Sharafedin and Yeganeh Torbati review – Iran’s recent history explained,https://www.theguardian.com/world/iran/2026/jun/10/all,True,False,False,False,False,False,False,False,False,True,False,0.0,2026-06-10
2026-06-11,https://www.theguardian.com/us-news/video/2026/jun/11/trump-says-us-and-iran-will-sign-a-peace-deal-video,Trump says US and Iran will sign a peace deal – video,https://www.theguardian.com/world/iran/2026/jun/11/all,True,False,True,False,False,False,True,False,False,False,True,-0.75,2026-06-11
2026-06-11,https://www.theguardian.com/world/2026/jun/11/strikes-water-facilities-iran-war-crime-experts,"Military strikes on water facilities in Iran may constitute a war crime, experts say",https://www.theguardian.com/world/iran/2026/jun/11/all,True,False,True,True,True,False,False,False,False,True,False,1.0,2026-06-11
2026-06-11,https://www.theguardian.com/commentisfree/picture/2026/jun/11/ben-jennings-world-cup-us-war-iran-cartoon,Ben Jennings on the World Cup and the US war on Iran – cartoon,https://www.theguardian.com/world/iran/2026/jun/11/all,True,False,True,False,False,False,False,False,False,False,False,0.25,2026-06-11
2026-06-11,https://www.theguardian.com/politics/video/2026/jun/11/is-trump-about-to-ruin-the-world-cup-politics-weekly-america-,Is Trump about to ruin the World Cup? | Politics Weekly America,https://www.theguardian.com/world/iran/2026/jun/11/all,False,False,False,False,False,False,False,False,False,False,False,0.0,2026-06-11
2026-06-11,https://www.theguardian.com/world/2026/jun/11/iran-ceasefire-us-attacks-strikes-deal,Is the Iran ceasefire over? What the latest US attacks tell us,https://www.theguardian.com/world/iran/2026/jun/11/all,True,False,True,True,False,False,True,True,False,True,False,1.0,2026-06-11
2026-06-11,https://www.theguardian.com/news/video/2026/jun/11/mehdi-hasan-on-donald-trump-big-beautiful-birthday-today-in-focus-video,"Mehdi Hasan on Donald Trump’s big, beautiful birthday | Today in Focus – video",https://www.theguardian.com/world/iran/2026/jun/11/all,False,False,False,False,False,False,False,False,False,False,False,0.0,2026-06-11
2026-06-12,https://www.theguardian.com/world/2026/jun/12/us-iran-peace-deal-remains-elusive-as-trump-and-tehran-trade-conflicting-claims,US-Iran peace deal remains elusive as Trump and Tehran trade conflicting claims,https://www.theguardian.com/world/iran/2026/jun/12/all,True,False,True,False,False,False,True,True,False,True,False,0.5,2026-06-12
2026-06-12,https://www.theguardian.com/world/2026/jun/12/trump-rollercoaster-deal-us-iran,Chaotic talks on a US-Iran deal continue on the Trump rollercoaster,https://www.theguardian.com/world/iran/2026/jun/12/all,True,False,True,False,False,False,True,False,False,True,True,-0.75,2026-06-12
2026-06-12,https://www.theguardian.com/world/2026/jun/12/iran-first-play-war-world-cup-fifa,An ideological tug-of-war: the pressures facing Iran’s World Cup squad in US,https://www.theguardian.com/world/iran/2026/jun/12/all,True,False,True,False,False,False,False,False,False,True,False,0.25,2026-06-12
2026-06-12,https://www.theguardian.com/politics/2026/jun/12/pro-palestine-activists-believe-sea-change-labour-approach-middle-east-israel,Pro-Palestine activists believe ‘sea change’ coming in Labour’s approach to Middle East,https://www.theguardian.com/world/iran/2026/jun/12/all,False,False,False,False,False,False,False,False,False,True,False,0.0,2026-06-12
2026-06-13,https://www.theguardian.com/world/2026/jun/13/preliminary-peace-deal-could-be-signed-within-days-says-us-iran-and-mediators,"Trump says Iran peace deal could be signed by Sunday, with strait of Hormuz to open shortly after",https://www.theguardian.com/world/iran/2026/jun/13/all,True,False,True,False,False,True,True,False,False,True,True,-0.25,2026-06-15
2026-06-14,https://www.theguardian.com/world/2026/jun/14/iranian-hardliners-in-vociferous-push-to-reject-proposed-peace-deal-with-us,Anger among Iranian hardliners at terms of deal agreed with US,https://www.theguardian.com/world/iran/2026/jun/14/all,True,False,False,False,False,False,True,False,False,True,True,0.0,2026-06-15
2026-06-15,https://www.theguardian.com/us-news/live/2026/jun/15/donald-trump-ufc-white-house-michelle-obama-g7-iran-peace-deal-us-politics-latest-news-updates,California governor Gavin Newsom accuses Donald Trump of directing DoJ to investigate him and his wife – as it happened,https://www.theguardian.com/world/iran/2026/jun/15/all,False,False,False,False,False,False,False,False,False,False,False,0.0,2026-06-15
2026-06-15,https://www.theguardian.com/business/2026/jun/15/oil-prices-fall-strait-of-hormuz-reopening-hopes-iran-us-peace-deal,Oil prices hit three-month low and markets reach record high amid Iran deal breakthrough,https://www.theguardian.com/world/iran/2026/jun/15/all,True,False,False,False,False,True,True,False,True,False,True,0.0,2026-06-15
2026-06-15,https://www.theguardian.com/world/2026/jun/15/israel-territory-lebanon-defence-minister-israel-katz,Netanyahu declares victory over Iran – and rules out withdrawal from Lebanon,https://www.theguardian.com/world/iran/2026/jun/15/all,True,False,False,False,False,False,False,False,False,True,False,0.0,2026-06-15
2026-06-15,https://www.theguardian.com/world/2026/jun/15/trump-declares-us-iran-peace-deal-all-signed-g7,Trump declares US-Iran peace deal ‘all signed’ as G7 leaders battle to tie up loose ends,https://www.theguardian.com/world/iran/2026/jun/15/all,True,False,True,False,False,False,True,False,False,True,True,-0.75,2026-06-15
2026-06-15,https://www.theguardian.com/world/2026/jun/15/analysis-us-iran-peace-deal-nuclear-talks-resume,Trump hails Iran deal that fixes nothing except a problem his war caused,https://www.theguardian.com/world/iran/2026/jun/15/all,True,False,True,False,False,False,True,False,False,True,True,-0.75,2026-06-15
2026-06-15,https://www.theguardian.com/us-news/video/2026/jun/15/trump-says-iran-deal-has-been-signed-video,Trump says Iran deal has been signed – video,https://www.theguardian.com/world/iran/2026/jun/15/all,True,False,False,False,False,False,True,False,False,False,True,0.0,2026-06-15
2026-06-15,https://www.theguardian.com/commentisfree/2026/jun/15/the-guardian-view-on-donald-trumps-iran-deal-a-pause-is-not-a-triumph,The Guardian view on Donald Trump’s Iran deal: a pause is not a triumph,https://www.theguardian.com/world/iran/2026/jun/15/all,True,False,False,False,False,False,True,False,False,False,True,0.0,2026-06-15
2026-06-15,https://www.theguardian.com/world/video/2026/jun/15/will-us-iran-peace-deal-hold-the-latest,Is Trump’s Iran deal embarrassing for the US? – The Latest,https://www.theguardian.com/world/iran/2026/jun/15/all,True,False,False,False,False,False,True,False,False,False,True,0.0,2026-06-15
2026-06-15,https://www.theguardian.com/world/video/2026/jun/15/reactions-us-iran-deal-beirut-tehran-tel-aviv-video,"'Still a risk': reactions to US-Iran deal on streets of Beirut, Tehran and Tel Aviv – video",https://www.theguardian.com/world/iran/2026/jun/15/all,True,False,False,False,False,False,True,False,False,False,True,0.0,2026-06-15
2026-06-15,https://www.theguardian.com/news/audio/2026/jun/15/will-us-iran-peace-deal-hold-the-latest,Is Trump’s Iran deal embarrassing for the US? – The Latest,https://www.theguardian.com/world/iran/2026/jun/15/all,True,False,False,False,False,False,True,False,False,False,True,0.0,2026-06-15
2026-06-15,https://www.theguardian.com/world/2026/jun/15/analysis-us-iran-peace-deal-shipping-sanctions-relief-nuclear-talks-ballistic-missiles,What’s in – and what’s not in – the US-Iran peace deal,https://www.theguardian.com/world/iran/2026/jun/15/all,True,False,True,False,False,False,True,True,False,True,False,0.5,2026-06-15
2026-06-15,https://www.theguardian.com/world/live/2026/jun/15/eu-g7-ukraine-kyiv-russia-war-iran-zelenskyy-macron-trump-europe-latest-news-updates,"Zelenskyy says Russia ‘deliberately’ targeted Unesco site, as 11 people confirmed dead – as it happened",https://www.theguardian.com/world/iran/2026/jun/15/all,False,False,False,False,False,False,False,False,False,False,False,0.0,2026-06-15
2026-06-15,https://www.theguardian.com/australia-news/audio/2026/jun/15/trump-celebrates-with-peace-deal-cage-fight-80th-birthday-full-story-podcast,Trump celebrates with a peace deal and cage fight – Full Story podcast,https://www.theguardian.com/world/iran/2026/jun/15/all,False,False,False,False,False,False,True,False,False,False,True,0.0,2026-06-15
2026-06-15,https://www.theguardian.com/business/2026/jun/15/return-pre-crisis-oil-gas-supplies-months-away-iran-strait-of-hormuz,Oil and gas unlikely to return to prewar prices for months even if Hormuz reopens,https://www.theguardian.com/world/iran/2026/jun/15/all,True,False,True,False,False,True,False,False,False,True,False,0.75,2026-06-15
2026-06-15,https://www.theguardian.com/world/2026/jun/15/tallying-the-global-cost-of-the-us-israel-war-against-iran,Tallying the global cost of the US-Israel war against Iran,https://www.theguardian.com/world/iran/2026/jun/15/all,True,False,True,False,False,False,False,False,False,True,False,0.25,2026-06-15
2026-06-15,https://www.theguardian.com/world/2026/jun/15/switzerland-anti-immigration-referendum-vote-rejected-population-cap-10-million,Monday briefing: Trump’s late-night deal with Iran,https://www.theguardian.com/world/iran/2026/jun/15/all,True,False,False,False,False,False,True,False,False,True,True,0.0,2026-06-15
2026-06-15,https://www.theguardian.com/commentisfree/2026/jun/15/iran-war-new-phase-fear-killing-upheaval-normalised,"Even if the Iran war is over, it made its mark: the fear, killing and upheaval were all normalised",https://www.theguardian.com/world/iran/2026/jun/15/all,True,False,True,False,False,False,False,False,False,False,False,0.25,2026-06-15
2026-06-15,https://www.theguardian.com/us-news/2026/jun/15/trump-administration-news-today-politics,Trump news at a glance: Fate of the strait of Hormuz unclear as president claims ‘toll-free opening’,https://www.theguardian.com/world/iran/2026/jun/15/all,True,False,True,False,False,True,False,False,False,True,False,0.75,2026-06-15
2026-06-15,https://www.theguardian.com/world/2026/jun/15/us-iran-peace-deal-terms-details-conditions-explained-what-do-we-know-hormuz-lebanon-israel-nuclear,What do we know about the US-Iran peace deal – and what questions remain?,https://www.theguardian.com/world/iran/2026/jun/15/all,True,False,True,False,False,False,True,False,False,True,True,-0.75,2026-06-15
2026-06-15,https://www.theguardian.com/football/2026/jun/15/iran-world-cup-mehdi-taremi-amir-ghalenoei-fifa-tension-peace-deal,Iran’s footballers arrive in US amid peace deal but admit tension ‘undermines joy’,https://www.theguardian.com/world/iran/2026/jun/15/all,True,False,True,False,False,False,True,False,False,True,True,-0.75,2026-06-15
2026-06-16,https://www.theguardian.com/world/live/2026/jun/16/iran-us-deal-trump-vance-strait-hormuz-israel-lebanon-middle-east-latest-news-updates,US and Iran deal to end war allows Tehran to sell oil and fuel – as it happened,https://www.theguardian.com/world/iran/2026/jun/16/all,True,False,True,False,False,True,True,False,False,False,True,-0.25,2026-06-16
2026-06-16,https://www.theguardian.com/world/2026/jun/16/us-iran-deal-israel-relationship,Where does Iran deal leave US-Israel relationship as they reach ‘a fork in the road’?,https://www.theguardian.com/world/iran/2026/jun/16/all,True,False,False,False,False,False,True,False,False,True,True,0.0,2026-06-16
2026-06-16,https://www.theguardian.com/world/2026/jun/16/irans-top-envoy-says-peace-deal-with-the-us-dependent-on-israels-withdrawal-from-lebanon,Iran’s top envoy says peace deal with US dependent on Israel’s withdrawal from Lebanon,https://www.theguardian.com/world/iran/2026/jun/16/all,True,False,True,False,False,False,True,False,False,True,True,-0.75,2026-06-16
2026-06-16,https://www.theguardian.com/commentisfree/picture/2026/jun/16/rebecca-hendin-new-us-iran-deal,Rebecca Hendin on the new US-Iran deal – cartoon,https://www.theguardian.com/world/iran/2026/jun/16/all,True,False,False,False,False,False,True,False,False,False,True,0.0,2026-06-16
2026-06-16,https://www.theguardian.com/world/2026/jun/16/jd-vance-details-us-iran-agreement-scepticism-republicans,Skeptical Republicans demand details of US-Iran outline peace deal,https://www.theguardian.com/world/iran/2026/jun/16/all,True,False,True,False,False,False,True,False,False,True,True,-0.75,2026-06-16
2026-06-16,https://www.theguardian.com/football/video/2026/jun/16/anti-regime-protests-take-place-outside-irans-first-world-cup-match-video,Anti-regime protests take place outside Iran's first World Cup match – video,https://www.theguardian.com/world/iran/2026/jun/16/all,True,False,False,False,False,False,False,False,False,False,False,0.0,2026-06-16
2026-06-16,https://www.theguardian.com/world/live/2026/jun/16/g7-world-leaders-ukraine-russia-war-iran-trump-zelenskyy-putin-eu-france-eu-europe-latest-news-updates,Zelenskyy thanks G7 leaders for ‘strong ideas on how to force Russia into peace’ – as it happened,https://www.theguardian.com/world/iran/2026/jun/16/all,False,False,False,False,False,False,True,False,False,False,True,0.0,2026-06-16
2026-06-16,https://www.theguardian.com/commentisfree/2026/jun/16/iran-peace-deal-us-washington-war-lebanon,"Even if Iran benefits from this deal with Washington, any peace is likely to be temporary",https://www.theguardian.com/world/iran/2026/jun/16/all,True,False,True,False,False,False,True,False,False,False,True,-0.75,2026-06-16
2026-06-16,https://www.theguardian.com/world/2026/jun/16/iran-reaction-peace-deal-agreement-us-trump,‘Everyone is angry for different reasons’: scepticism in Iran as peace deal nears,https://www.theguardian.com/world/iran/2026/jun/16/all,True,False,True,False,False,False,True,False,False,True,True,-0.75,2026-06-16
2026-06-16,https://www.theguardian.com/football/2026/jun/16/iran-overcomes-its-divisions-for-90-minutes-then-same-old-problems-return,"Iran overcomes its divisions for 90 minutes, then same old problems return",https://www.theguardian.com/world/iran/2026/jun/16/all,True,False,False,False,False,False,False,False,False,True,False,0.0,2026-06-16
2026-06-16,https://www.theguardian.com/commentisfree/2026/jun/16/iran-war-mohamad-bazzi,So is the US war with Iran over? In a word: no,https://www.theguardian.com/world/iran/2026/jun/16/all,True,False,True,False,False,False,False,False,False,False,False,0.25,2026-06-16
2026-06-16,https://www.theguardian.com/world/2026/jun/16/world-cup-new-zealand-iran-match-fans-come-together,‘Beautiful moment’: fans of New Zealand and Iran draw on World Cup fervour together,https://www.theguardian.com/world/iran/2026/jun/16/all,True,False,False,False,False,False,False,False,False,True,False,0.0,2026-06-16
2026-06-17,https://www.theguardian.com/us-news/2026/jun/17/trump-republicans-iran-deal,Top Republican decries Trump’s Iran deal: ‘Reagan is rolling over in his grave’,https://www.theguardian.com/world/iran/2026/jun/17/all,True,False,False,False,False,False,True,True,False,True,False,0.0,2026-06-17
2026-06-17,https://www.theguardian.com/world/2026/jun/17/trumps-iran-deal-is-result-of-unrealistic-ambitions-for-an-untenable-war,Trump’s Iran deal is result of unrealistic ambitions for an untenable war,https://www.theguardian.com/world/iran/2026/jun/17/all,True,False,True,False,False,False,True,False,False,True,True,-0.75,2026-06-17
2026-06-17,https://www.theguardian.com/world/2026/jun/17/us-iran-deal-trump,"US-Iran deal takeaways: reopening the strait of Hormuz, waived oil sanctions and Lebanon",https://www.theguardian.com/world/iran/2026/jun/17/all,True,False,True,False,True,True,True,False,False,True,True,0.25,2026-06-17
2026-06-17,https://www.theguardian.com/culture/2026/jun/17/jimmy-kimmel-trump-reflecting-pool-iran-peace-deal,Jimmy Kimmel on Trump’s reflecting pool: ‘latest waste of money to promote his glorious reign’,https://www.theguardian.com/world/iran/2026/jun/17/all,False,False,False,False,False,False,False,False,False,True,False,0.0,2026-06-17
2026-06-17,https://www.theguardian.com/world/2026/jun/17/trump-g7-leaders-iran-missile-programme-ukraine,"I’ll resume bombing if Iran acts up, Trump warns after criticism of deal",https://www.theguardian.com/world/iran/2026/jun/17/all,True,False,True,True,True,False,True,False,False,True,True,0.5,2026-06-17
2026-06-17,https://www.theguardian.com/news/audio/2026/jun/17/from-the-archive-terrorists-cultists-or-champions-of-iranian-democracy-the-wild-wild-story-of-the-mek-podcast,"From the archive: Terrorists, cultists – or champions of Iranian democracy? The wild wild story of the MEK – podcast",https://www.theguardian.com/world/iran/2026/jun/17/all,True,False,False,False,False,False,False,False,False,False,False,0.0,2026-06-17
2026-06-18,https://www.theguardian.com/world/2026/jun/18/iran-announces-plans-to-bring-in-maritime-fees-for-strait-of-hormuz,Iran announces plans to bring in maritime fees for strait of Hormuz,https://www.theguardian.com/world/iran/2026/jun/18/all,True,False,True,False,False,True,False,False,False,True,False,0.75,2026-06-18
2026-06-18,https://www.theguardian.com/world/2026/jun/18/iran-parastoo-ahmadi-74-lashes-singing-without-hijab,Iranian star Parastoo Ahmadi reportedly sentenced to 74 lashes for singing without hijab,https://www.theguardian.com/world/iran/2026/jun/18/all,True,False,False,False,False,False,False,False,False,True,False,0.0,2026-06-18
2026-06-18,https://www.theguardian.com/world/live/2026/jun/18/middle-east-crisis-live-us-iran-presidents-sign-peace-deal-mou-trump-tehran-strait-of-hormuz-toll-lebanon-israel,"Middle East crisis: Trump says US expects ‘complete ceasefire on all fronts, including Lebanon, Hezbollah and Israel’ – as it happened",https://www.theguardian.com/world/iran/2026/jun/18/all,False,False,False,False,False,False,True,False,False,False,True,0.0,2026-06-18
2026-06-18,https://www.theguardian.com/us-news/2026/jun/18/gas-prices-fall-iran-deal,Gas prices fall below $4 on average after Trump’s signing of Iran deal to end war,https://www.theguardian.com/world/iran/2026/jun/18/all,True,False,True,False,False,True,True,False,True,False,True,-0.25,2026-06-18
2026-06-18,https://www.theguardian.com/commentisfree/2026/jun/18/the-guardian-view-on-trump-and-iran-a-presidents-wishful-thinking-gives-way-to-uncomfortable-realities,The Guardian view on Trump and Iran: a president’s wishful thinking gives way to uncomfortable realities,https://www.theguardian.com/world/iran/2026/jun/18/all,True,False,False,False,False,False,False,False,False,False,False,0.0,2026-06-18
2026-06-18,https://www.theguardian.com/commentisfree/picture/2026/jun/18/ben-jennings-donald-trump-ceasefire-deal-iran-cartoon,Ben Jennings on Trump’s ceasefire deal with Iran – cartoon,https://www.theguardian.com/world/iran/2026/jun/18/all,True,False,True,False,False,False,True,False,False,False,True,-0.75,2026-06-18
2026-06-18,https://www.theguardian.com/news/video/2026/jun/18/trumps-iran-deal-the-art-of-the-fail-the-latest,Trump’s Iran deal: the art of the fail? - The Latest,https://www.theguardian.com/world/iran/2026/jun/18/all,True,False,False,False,False,False,True,True,False,False,False,0.0,2026-06-18
2026-06-18,https://www.theguardian.com/news/audio/2026/jun/18/donald-trump-iran-deal-the-art-of-the-fail-the-latest,Trump’s Iran deal: the art of the fail? – The Latest,https://www.theguardian.com/world/iran/2026/jun/18/all,True,False,False,False,False,False,True,True,False,False,False,0.0,2026-06-18
2026-06-18,https://www.theguardian.com/commentisfree/2026/jun/18/donald-trump-ceasefire-deal-victory-iran-sanctions-tehran-us,Trump thinks his freshly signed ceasefire deal is a victory. It is – for Iran,https://www.theguardian.com/world/iran/2026/jun/18/all,True,False,True,False,False,False,True,False,False,False,True,-0.75,2026-06-18
2026-06-18,https://www.theguardian.com/world/2026/jun/18/iran-peace-deal-us-trump,Iran peace deal makes clear how far US has been forced to retreat since 2025,https://www.theguardian.com/world/iran/2026/jun/18/all,True,False,True,False,False,False,True,False,False,True,True,-0.75,2026-06-18
2026-06-18,https://www.theguardian.com/culture/2026/jun/18/jimmy-kimmel-donald-trump-iran-deal,"Jimmy Kimmel on Trump giving Iran $300bn: ‘Melania’s wondering, ‘How can I get that deal?’’",https://www.theguardian.com/world/iran/2026/jun/18/all,True,False,False,False,False,False,True,False,False,True,True,0.0,2026-06-18
2026-06-18,https://www.theguardian.com/commentisfree/2026/jun/18/trump-department-of-war-defense,Trump’s ‘Department of War’ may soon become official. What would that mean?,https://www.theguardian.com/world/iran/2026/jun/18/all,False,False,False,False,False,False,False,False,False,False,False,0.0,2026-06-18
2026-06-18,https://www.theguardian.com/world/video/2026/jun/18/trump-signs-14-point-peace-agreement-with-iran-video,Trump signs 14-point peace agreement with Iran - video,https://www.theguardian.com/world/iran/2026/jun/18/all,True,False,True,False,False,False,True,False,False,False,True,-0.75,2026-06-18
2026-06-18,https://www.theguardian.com/commentisfree/2026/jun/18/trump-iran-war-deal,Trump’s war accomplished nothing – the Iran deal is proof,https://www.theguardian.com/world/iran/2026/jun/18/all,True,False,True,False,False,False,True,False,False,False,True,-0.75,2026-06-18
2026-06-18,https://www.theguardian.com/world/2026/jun/18/donald-trump-iran-deal-reactions-anger-relief-incredulity,"Donald Trump’s Iran deal met with anger, relief and incredulity",https://www.theguardian.com/world/iran/2026/jun/18/all,True,False,False,False,False,False,True,False,False,True,True,0.0,2026-06-18
2026-06-19,https://www.theguardian.com/world/live/2026/jun/19/middle-east-crisis-live-israel-strikes-targets-in-lebanon-as-us-iran-talks-in-switzerland-called-off,‘You just gotta calm down’: Trump says he told Israel to agree ceasefire with Hezbollah – as it happened,https://www.theguardian.com/world/iran/2026/jun/19/all,False,False,False,False,False,False,True,False,False,False,True,0.0,2026-06-22
2026-06-19,https://www.theguardian.com/world/2026/jun/19/normal-shipping-will-not-resume-in-strait-of-hormuz-until-mines-cleared,Hormuz disruption will continue until 80 mines blocking route are cleared,https://www.theguardian.com/world/iran/2026/jun/19/all,True,False,True,False,False,True,False,False,False,True,False,0.75,2026-06-22
2026-06-19,https://www.theguardian.com/us-news/video/2026/jun/19/trump-iran-deal-failure-video-explainer,Is Trump's Iran deal a failure? - video explainer,https://www.theguardian.com/world/iran/2026/jun/19/all,True,False,False,False,False,False,True,True,False,False,False,0.0,2026-06-22
2026-06-19,https://www.theguardian.com/world/2026/jun/19/us-iran-talks-in-switzerland-cancelled,US-Iran talks abruptly called off after Israel and Hezbollah trade deadly attacks,https://www.theguardian.com/world/iran/2026/jun/19/all,True,False,True,True,False,False,True,True,False,True,False,1.0,2026-06-22
2026-06-19,https://www.theguardian.com/world/2026/jun/19/trump-iran-deal-legacy,Trump’s Iran deal could place his legacy in the hands of Tehran,https://www.theguardian.com/world/iran/2026/jun/19/all,True,False,False,False,False,False,True,False,False,True,True,0.0,2026-06-22
2026-06-19,https://www.theguardian.com/politics/video/2026/jun/19/tired-with-iran-trump-refocuses-on-ukraine-politics-weekly-america,"Tired with Iran, Trump refocuses on Ukraine | Politics Weekly America",https://www.theguardian.com/world/iran/2026/jun/19/all,True,False,False,False,False,False,False,False,False,False,False,0.0,2026-06-22
2026-06-19,https://www.theguardian.com/politics/audio/2026/jun/19/tired-of-iran-trump-refocuses-on-ukraine-podcast,"Tired of Iran, Trump refocuses on Ukraine – podcast",https://www.theguardian.com/world/iran/2026/jun/19/all,True,False,False,False,False,False,False,False,False,False,False,0.0,2026-06-22
2026-06-20,https://www.theguardian.com/world/2026/jun/20/what-lessons-will-irans-new-leadership-draw-from-the-110-day-war,What lessons will Iran’s new leadership draw from the 110-day war?,https://www.theguardian.com/world/iran/2026/jun/20/all,True,False,True,False,False,False,False,False,False,True,False,0.25,2026-06-22
2026-06-20,https://www.theguardian.com/world/2026/jun/20/israelis-betrayed-angry-after-iran-peace-deal-donald-trump,‘It’s a big mistake’: Israelis feel betrayed and angry after Iran peace deal,https://www.theguardian.com/world/iran/2026/jun/20/all,True,False,True,False,False,False,True,False,False,True,True,-0.75,2026-06-22
2026-06-20,https://www.theguardian.com/commentisfree/2026/jun/20/global-rupture-international-law-ukraine-middle-east-military-superpowers,"Even in this age of global rupture, do not despair: there is still hope for international law",https://www.theguardian.com/world/iran/2026/jun/20/all,False,False,False,False,False,False,False,False,False,False,False,0.0,2026-06-22
2026-06-21,https://www.theguardian.com/world/2026/jun/21/trump-iran-deal-bipartisan-criticism,Trump faces fresh bipartisan criticism on Iran deal as Vance hails peace talks,https://www.theguardian.com/world/iran/2026/jun/21/all,True,False,True,False,False,False,True,False,False,True,True,-0.75,2026-06-22
2026-06-21,https://www.theguardian.com/world/live/2026/jun/21/iran-us-israel-war-middle-east-lebanon-peace-talks-switzerland-vance-trump-strait-of-hormuz-latest-news-updates,Trump threatens Iran after JD Vance hails ‘great progress’ made in Switzerland talks – as it happened,https://www.theguardian.com/world/iran/2026/jun/21/all,True,False,True,False,True,False,True,False,False,False,True,-0.5,2026-06-22
2026-06-21,https://www.theguardian.com/world/2026/jun/21/secret-correspondence-iranian-government-tensions-supreme-leader,Secret correspondence claims suggest tensions at top of Iranian government,https://www.theguardian.com/world/iran/2026/jun/21/all,True,False,False,False,False,False,False,False,False,True,False,0.0,2026-06-22
2026-06-21,https://www.theguardian.com/global-development/ng-interactive/2026/jun/21/a-hunting-ground-for-foreign-regimes-why-violent-attacks-on-dissidents-are-on-the-rise-in-britain,‘A hunting ground for foreign regimes’: why violent attacks on dissidents are on the rise in Britain,https://www.theguardian.com/world/iran/2026/jun/21/all,False,False,False,True,False,False,False,False,False,True,False,0.0,2026-06-22
2026-06-21,https://www.theguardian.com/world/video/2026/jun/21/jd-vance-meets-pakistan-delegation-before-iran-talks-in-switzerland-video,JD Vance meets Pakistan delegation before Iran talks in Switzerland – video,https://www.theguardian.com/world/iran/2026/jun/21/all,True,False,True,False,False,False,True,False,False,False,True,-0.75,2026-06-22
2026-06-21,https://www.theguardian.com/world/2026/jun/21/iran-school-bombing-minab-fears-trump-hegseth-bury-truth-investigation-findings,"Four months after the horrific Iran school bombing, fears grow that Trump and Hegseth will bury the truth",https://www.theguardian.com/world/iran/2026/jun/21/all,True,False,True,True,False,False,False,False,False,True,False,1.0,2026-06-22
2026-06-21,https://www.theguardian.com/commentisfree/2026/jun/21/donald-trump-iran-deal-benjamin-netanyahu-israel-pm-iran,Trump may survive the humiliation of the Iran deal. Netanyahu will not,https://www.theguardian.com/world/iran/2026/jun/21/all,True,False,False,False,False,False,True,False,False,False,True,0.0,2026-06-22
2026-06-22,https://www.theguardian.com/us-news/video/2026/jun/22/iran-world-covid-stateside,How Iranians are coping with the Iran war – Stateside with Kai and Carter,https://www.theguardian.com/world/iran/2026/jun/22/all,True,False,True,False,False,False,False,False,False,False,False,0.25,2026-06-22
2026-06-22,https://www.theguardian.com/world/live/2026/jun/22/middle-east-crisis-iran-us-peace-talks-switzerland-strait-of-hormuz-latest-news-updates,"US-Iran talks laid ‘very good foundation for a successful final deal’, says Vance – as happened",https://www.theguardian.com/world/iran/2026/jun/22/all,True,False,True,False,False,False,True,False,False,False,True,-0.75,2026-06-22
2026-06-22,https://www.theguardian.com/world/2026/jun/22/iran-us-talks-progress-pakistan-qatar-lebanon-israel,Iran agrees to UN nuclear inspectors’ return as part of agreement with US,https://www.theguardian.com/world/iran/2026/jun/22/all,True,False,True,False,True,False,False,False,False,True,False,0.5,2026-06-22
2026-06-22,https://www.theguardian.com/food/2026/jun/22/barbecues-neednt-cost-you-a-sausage,A barbecue needn’t cost you a sausage,https://www.theguardian.com/world/iran/2026/jun/22/all,False,False,False,False,False,False,False,False,False,True,False,0.0,2026-06-22
2026-06-22,https://www.theguardian.com/business/live/2026/jun/22/oil-prices-fall-stock-markets-rise-us-iran-peace-talks-trump-burnham-starmer-pound-ftse-hormuz-business-live,Markets steady as prime minister Keir Starmer resigns; ex-Fed chair Alan Greenspan dies at 100 – as it happened,https://www.theguardian.com/world/iran/2026/jun/22/all,False,False,False,False,False,False,False,False,False,False,False,0.0,2026-06-22
2026-06-22,https://www.theguardian.com/world/2026/jun/22/iran-regime-survived-war-make-peace-with-own-people,Iran’s regime survived the war. Can it make peace with its own people?,https://www.theguardian.com/world/iran/2026/jun/22/all,True,False,True,False,False,False,True,False,False,True,True,-0.75,2026-06-22
2026-06-23,https://www.theguardian.com/world/2026/jun/23/marco-rubio-gulf-allies-us-iran-ceasefire-deal,Rubio insists strait of Hormuz will be toll-free as he arrives for Gulf meeting,https://www.theguardian.com/world/iran/2026/jun/23/all,True,False,True,False,False,True,False,False,False,True,False,0.75,2026-06-23
2026-06-23,https://www.theguardian.com/football/2026/jun/23/department-of-homeland-security-will-allow-iran-to-travel-to-us-early-for-world-cup-match,Department of Homeland Security will allow Iran to travel to US early for World Cup match,https://www.theguardian.com/world/iran/2026/jun/23/all,True,False,False,False,False,False,False,False,False,True,False,0.0,2026-06-23
2026-06-23,https://www.theguardian.com/world/live/2026/jun/23/iran-us-israel-lebanon-un-peace-deal-nuclear-iaea-frozen-assets-strait-of-hormuz-latest-news-updates,Middle East crisis: Rubio and Vance hold call with Lebanon’s president; Trump claims Iran has agreed to nuclear inspections ‘long into future’ – as it happened,https://www.theguardian.com/world/iran/2026/jun/23/all,True,False,True,False,True,False,False,False,False,False,False,0.5,2026-06-23
2026-06-23,https://www.theguardian.com/commentisfree/2026/jun/23/trump-iran-victory-rationale,"In Iran, Trump’s victory claims only deepened a self-made catastrophe",https://www.theguardian.com/world/iran/2026/jun/23/all,True,False,False,False,False,False,False,False,False,False,False,0.0,2026-06-23
2026-06-24,https://www.theguardian.com/world/2026/jun/24/israel-defence-minister-israel-katzrefuses-to-pull-out-of-southern-lebanon-undermining-iran-peace-talks,"Israel says IDF is staying in southern Lebanon, undermining Iran peace talks",https://www.theguardian.com/world/iran/2026/jun/24/all,True,False,True,False,False,False,True,False,False,True,True,-0.75,2026-06-24
2026-06-25,https://www.theguardian.com/world/2026/jun/25/un-backed-plan-ships-trapped-strait-of-hormuz-rejected-iran,Iran rejects UN-backed plan to free ships trapped in strait of Hormuz,https://www.theguardian.com/world/iran/2026/jun/25/all,True,False,True,False,False,True,False,False,False,True,False,0.75,2026-06-25
2026-06-25,https://www.theguardian.com/business/2026/jun/25/oil-price-falls-pre-iran-war-levels-more-tankers-exit-strait-of-hormuz,Oil price falls to pre-Iran war levels as more tankers exit strait of Hormuz,https://www.theguardian.com/world/iran/2026/jun/25/all,True,False,True,False,False,True,False,False,True,False,False,0.75,2026-06-25
2026-06-25,https://www.theguardian.com/commentisfree/2026/jun/25/netanyahu-trump-iran-war,"To protect the Iran peace talks, will Trump finally restrain Netanyahu?",https://www.theguardian.com/world/iran/2026/jun/25/all,True,False,True,False,False,False,True,False,False,False,True,-0.75,2026-06-25
2026-06-25,https://www.theguardian.com/us-news/2026/jun/25/jd-vance-iran-peace-deal,JD Vance is the face of the beleaguered Iran deal – is he its fall guy?,https://www.theguardian.com/world/iran/2026/jun/25/all,True,False,False,False,False,False,True,False,False,True,True,0.0,2026-06-25
2026-06-26,https://www.theguardian.com/world/2026/jun/26/us-says-it-struck-iran-targets-after-attack-on-cargo-ship-on-the-strait-of-hormuz,US says it struck Iran targets after attack on cargo ship in the strait of Hormuz,https://www.theguardian.com/world/iran/2026/jun/26/all,True,False,True,True,False,True,False,False,False,True,False,1.0,2026-06-26
2026-06-26,https://www.theguardian.com/us-news/video/2026/jun/26/youll-find-out-trump-hints-us-response-iran-cargo-ship-strikes-video,‘You’ll find out’: Trump hints at US response to Iranian strikes on cargo ship – video,https://www.theguardian.com/world/iran/2026/jun/26/all,True,False,True,True,False,False,False,False,False,False,False,1.0,2026-06-26
2026-06-26,https://www.theguardian.com/us-news/2026/jun/26/trump-iran-drone-strike-strait-hormuz,Trump blames Iran for drone strike on cargo ship in strait of Hormuz,https://www.theguardian.com/world/iran/2026/jun/26/all,True,False,True,True,False,True,False,False,False,True,False,1.0,2026-06-26
2026-06-26,https://www.theguardian.com/film/2026/jun/26/im-a-soldier-i-dont-have-a-gun-but-i-have-a-pen-and-a-camera-mahnaz-mohammadi-on-fighting-the-iranian-regime,"‘I’m a soldier. I don’t have a gun, but I have a pen and a camera’: Mahnaz Mohammadi on fighting the Iranian regime",https://www.theguardian.com/world/iran/2026/jun/26/all,True,False,False,False,False,False,False,False,False,True,False,0.0,2026-06-26
2026-06-27,https://www.theguardian.com/world/2026/jun/27/bahrain-iran-drone-attack-overnight-us-strikes-strait-hormuz,Bahrain condemns Iranian tit-for-tat drone attack as ‘flagrant threat’,https://www.theguardian.com/world/iran/2026/jun/27/all,True,False,True,True,True,False,False,False,False,True,False,1.0,2026-06-29
2026-06-27,https://www.theguardian.com/us-news/2026/jun/27/jd-vance-bill-maher-iran-war,JD Vance claims US holds all the cards in Iran and will win ‘either way’,https://www.theguardian.com/world/iran/2026/jun/27/all,True,False,False,False,False,False,False,False,False,True,False,0.0,2026-06-29
2026-06-28,https://www.theguardian.com/commentisfree/2026/jun/28/the-guardian-view-on-us-military-justice-in-britain-a-disturbing-assault-case-should-raise-the-alarm,The Guardian view on US military justice in Britain: a disturbing assault case should raise the alarm,https://www.theguardian.com/world/iran/2026/jun/28/all,False,False,False,False,True,False,False,False,False,False,False,0.0,2026-06-29
2026-06-28,https://www.theguardian.com/world/2026/jun/28/fresh-hostilities-gulf-us-iran-memorandum-interpretations-lebanon-ceasefire-strait-of-hormuz,Fresh hostilities in Gulf suggest US-Iran memorandum was too broadly worded,https://www.theguardian.com/world/iran/2026/jun/28/all,True,False,False,False,False,False,False,False,False,True,False,0.0,2026-06-29
2026-06-28,https://www.theguardian.com/world/live/2026/jun/28/iran-strait-of-hormuz-donald-trump-vance-peace-talks-bahrain-kuwait-strikes-latest-news-updates,Donald Trump threatens to annihilate Iran after crossfire over Hormuz – as it happened,https://www.theguardian.com/world/iran/2026/jun/28/all,True,False,True,False,True,True,False,False,False,False,False,1.0,2026-06-29
2026-06-28,https://www.theguardian.com/world/video/2026/jun/28/us-releases-footage-it-says-shows-strikes-on-iran-video,US releases footage it says shows strikes on Iran – video,https://www.theguardian.com/world/iran/2026/jun/28/all,True,False,True,True,False,False,False,False,False,False,False,1.0,2026-06-29
2026-06-28,https://www.theguardian.com/world/2026/jun/28/gulf-us-iran-war-proxies-middle-east,"Shadow war: how use of proxy forces by Iran, Israel and US is driving Middle East instability",https://www.theguardian.com/world/iran/2026/jun/28/all,True,False,True,False,False,False,False,False,False,True,False,0.25,2026-06-29
2026-06-29,https://www.theguardian.com/world/2026/jun/29/trump-iran-peace-talks-doha,Trump claims Iran has agreed to hold peace talks in Doha after recent clashes,https://www.theguardian.com/world/iran/2026/jun/29/all,True,False,True,False,False,False,True,False,False,True,True,-0.75,2026-06-29
2026-06-29,https://www.theguardian.com/world/2026/jun/29/oman-safe-reopening-strait-hormuz-iran-us-middle-east,Iran is jealously competing with Oman as decision-maker over strait of Hormuz,https://www.theguardian.com/world/iran/2026/jun/29/all,True,False,True,False,False,True,False,False,False,True,False,0.75,2026-06-29
2026-06-30,https://www.theguardian.com/world/2026/jun/30/us-iran-talks-6bn-iranian-assets-restart,US-Iran talks over $6bn Iranian assets to restart,https://www.theguardian.com/world/iran/2026/jun/30/all,True,False,True,False,False,False,True,True,False,True,False,0.5,2026-06-30
2026-06-30,https://www.theguardian.com/world/2026/jun/30/china-clear-winner-trump-war-middle-east-report-iran-strait-of-hormuz,"China is a clear winner from Trump’s war in Middle East, report concludes",https://www.theguardian.com/world/iran/2026/jun/30/all,False,False,False,False,False,False,False,False,False,True,False,0.0,2026-06-30
2026-07-01,https://www.theguardian.com/commentisfree/2026/jul/01/andy-burnham-crash-course-hardcore-geopolitics-foreign-policy,Andy Burnham is about to have a crash course in hardcore geopolitics,https://www.theguardian.com/world/iran/2026/jul/01/all,False,False,False,False,False,False,False,False,False,False,False,0.0,2026-07-01
2026-07-03,https://www.theguardian.com/uk-news/2026/jul/03/two-romanians-jailed-stabbing-iranian-journalist-in-london,Two Romanians jailed over stabbing of Iranian TV journalist in London,https://www.theguardian.com/world/iran/2026/jul/03/all,True,False,False,False,False,False,False,False,False,True,False,0.0,2026-07-06
2026-07-03,https://www.theguardian.com/world/video/2026/jul/03/iran-funeral-ali-khamenei-video,Iran begins six-day funeral for Ali Khamenei - video,https://www.theguardian.com/world/iran/2026/jul/03/all,True,False,False,False,False,False,False,False,False,False,False,0.0,2026-07-06
2026-07-03,https://www.theguardian.com/world/2026/jul/03/ali-khamenei-six-day-funeral-millions-iran,Ali Khamenei’s six-day funeral expected to draw millions in Iran,https://www.theguardian.com/world/iran/2026/jul/03/all,True,False,False,False,False,False,False,False,False,True,False,0.0,2026-07-06
2026-07-03,https://www.theguardian.com/us-news/ng-interactive/2026/jul/03/us-at-250-global-reputation,"For allies and adversaries alike, America at 250 is a solid global citizen gone rogue",https://www.theguardian.com/world/iran/2026/jul/03/all,False,False,False,False,False,False,False,False,False,True,False,0.0,2026-07-06
2026-07-04,https://www.theguardian.com/world/2026/jul/04/crowds-gather-six-day-funeral-former-iranian-supreme-leader-ali-khamenei,Crowds gather as six-day funeral for former Iranian supreme leader begins,https://www.theguardian.com/world/iran/2026/jul/04/all,True,False,False,False,False,False,False,False,False,True,False,0.0,2026-07-06
2026-07-04,https://www.theguardian.com/world/video/2026/jul/04/mourners-gather-tehran-funeral-former-iranian-supreme-leader-ali-khamenei-video,"Mourners gather in Tehran for funeral of former Iranian supreme leader, Ali Khamenei – video",https://www.theguardian.com/world/iran/2026/jul/04/all,True,False,False,False,False,False,False,False,False,False,False,0.0,2026-07-06
2026-07-05,https://www.theguardian.com/world/2026/jul/05/iran-ali-khamenei-funeral-supreme-leader-mojtaba-absent,Calls for killing of Trump at funeral of Iran supreme leader Ali Khamenei,https://www.theguardian.com/world/iran/2026/jul/05/all,True,False,False,False,False,False,False,False,False,True,False,0.0,2026-07-06
2026-07-05,https://www.theguardian.com/world/2026/jul/05/iran-control-strait-of-hormuz-ali-khamenei-funeral,Iran seeks to tighten control over strait of Hormuz alongside Khamenei funeral,https://www.theguardian.com/world/iran/2026/jul/05/all,True,False,True,False,False,True,False,False,False,True,False,0.75,2026-07-06
2026-07-06,https://www.theguardian.com/world/2026/jul/06/iran-tehran-ali-khamenei-funeral-day-four,‘We are Iran’s true missiles’: millions gather in Tehran for day four of Ali Khamenei’s funeral,https://www.theguardian.com/world/iran/2026/jul/06/all,True,True,False,True,False,False,False,False,False,True,False,0.0,2026-07-06
2026-07-06,https://www.theguardian.com/world/2026/jul/06/ali-khamenei-funeral-procession-iran-supreme-leader,Millions join funeral procession for Iran’s supreme leader Ali Khamenei,https://www.theguardian.com/world/iran/2026/jul/06/all,True,False,False,False,False,False,False,False,False,True,False,0.0,2026-07-06
2026-07-06,https://www.theguardian.com/world/live/2026/jul/06/iran-middle-east-crisis-funeral-supreme-leader-ali-khamenei-tehran-latest-news-updates,Middle East crisis: Funeral procession for supreme leader Ali Khamenei begins in Iran – as it happened,https://www.theguardian.com/world/iran/2026/jul/06/all,True,False,False,False,False,False,False,False,False,False,False,0.0,2026-07-06
2026-07-06,https://www.theguardian.com/world/video/2026/jul/06/millions-walk-ali-khamenei-coffin-tehran-funeral-procession-video,Millions walk with Ali Khamenei's coffin in Tehran funeral procession – video,https://www.theguardian.com/world/iran/2026/jul/06/all,True,False,False,False,False,False,False,False,False,False,False,0.0,2026-07-06
2026-07-06,https://www.theguardian.com/world/2026/jul/06/ukraine-drone-deals-seven-nato-countries-end-of-year,Ukraine hopes to sign ‘drone deals’ with seven Nato countries by end of year,https://www.theguardian.com/world/iran/2026/jul/06/all,False,False,False,True,False,False,False,False,False,True,False,0.0,2026-07-06
2026-07-07,https://www.theguardian.com/world/2026/jul/07/qatar-says-iran-fully-responsible-after-tankers-struck-in-strait-of-hormuz,US launches ​strikes against Iran after attacks on vessels in strait ​of ​Hormuz,https://www.theguardian.com/world/iran/2026/jul/07/all,True,False,True,True,False,True,False,False,False,True,False,1.0,2026-07-07
2026-07-07,https://www.theguardian.com/books/2026/jul/07/shahrnush-parsipur-iranian-author-women-without-men-dies-80,"Shahrnush Parsipur, Iranian author of Women Without Men, dies at 80",https://www.theguardian.com/world/iran/2026/jul/07/all,True,False,False,False,False,False,False,False,False,True,False,0.0,2026-07-07
2026-07-07,https://www.theguardian.com/world/2026/jul/07/millions-mourners-iran-regime-social-base,"Tehran teemed with Khamenei mourners, but divisions – and demands for change – remain",https://www.theguardian.com/world/iran/2026/jul/07/all,True,False,False,False,False,False,False,False,False,True,False,0.0,2026-07-07
2026-07-08,https://www.theguardian.com/world/2026/jul/08/atmosphere-in-iran-remains-highly-charged-after-ayatollahs-funeral-and-escalation-of-grievances-with-us,Atmosphere in Iran remains highly charged after Ayatollah’s funeral and escalation of grievances with US,https://www.theguardian.com/world/iran/2026/jul/08/all,True,False,False,False,True,False,False,False,False,True,False,0.0,2026-07-08
2026-07-08,https://www.theguardian.com/world/2026/jul/08/erratic-trump-dominates-final-hours-nato-summit,Sabre-rattling to ‘tremendous love’: erratic Trump dominates final hours of Nato summit,https://www.theguardian.com/world/iran/2026/jul/08/all,False,False,False,False,False,False,False,False,False,True,False,0.0,2026-07-08
2026-07-08,https://www.theguardian.com/us-news/2026/jul/08/trump-nato-threats-mishaps,From menacing threats to comical misnomers: Donald Trump’s unlikely tale of love and darkness at Nato,https://www.theguardian.com/world/iran/2026/jul/08/all,False,False,False,False,True,False,False,False,False,True,False,0.0,2026-07-08
2026-07-08,https://www.theguardian.com/world/2026/jul/08/iran-us-war-ceasefire-peace-agreement-strikes-strait-of-hormuz,US and Iran threaten return to war after fiercest exchange of fire since truce,https://www.theguardian.com/world/iran/2026/jul/08/all,True,False,True,False,True,False,True,False,False,True,True,-0.5,2026-07-08
2026-07-08,https://www.theguardian.com/us-news/2026/jul/08/first-thing-trump-iran-leaders-scum-ceasefire-over,First Thing: Trump calls Iran’s leaders ‘scum’ and declares fragile ceasefire over,https://www.theguardian.com/world/iran/2026/jul/08/all,True,False,True,False,False,False,True,True,False,True,False,0.5,2026-07-08
2026-07-08,https://www.theguardian.com/world/2026/jul/08/trump-declares-ceasefire-iran-over-broadside-nato-summit,Trump declares ceasefire with Iran over during angry broadside at Nato summit,https://www.theguardian.com/world/iran/2026/jul/08/all,True,False,True,False,False,False,True,True,False,True,False,0.5,2026-07-08
2026-07-08,https://www.theguardian.com/world/video/2026/jul/08/us-strikes-iran-strait-of-hormuz-ship-attacks-video,US launches retaliatory strikes on Iran after Hormuz ship attacks – video,https://www.theguardian.com/world/iran/2026/jul/08/all,True,False,True,True,False,True,False,False,False,False,False,1.0,2026-07-08
2026-07-08,https://www.theguardian.com/news/audio/2026/jul/08/did-iran-win-the-war-podcast,Iran’s show of strength – podcast,https://www.theguardian.com/world/iran/2026/jul/08/all,True,False,False,False,False,False,False,False,False,False,False,0.0,2026-07-08
2026-07-09,https://www.theguardian.com/world/2026/jul/09/iran-trade-strikes-ceasefire-extended-donald-trump,US and Iran trade escalating strikes as supreme leader is buried after days-long funeral,https://www.theguardian.com/world/iran/2026/jul/09/all,True,False,True,True,True,False,False,False,False,True,False,1.0,2026-07-09
2026-07-09,https://www.theguardian.com/world/live/2026/jul/09/iran-us-middle-east-strikes-centcom-bahrain-kuwait-qatar-strait-of-hormuz-latest-news-updates,Tehran launches more strikes as Israel warns it is ready to strike Iran again ‘with even greater force’ – as it happened,https://www.theguardian.com/world/iran/2026/jul/09/all,True,False,True,True,True,False,False,False,False,False,False,1.0,2026-07-09
2026-07-09,https://www.theguardian.com/news/audio/2026/jul/09/us-iran-strikes-trump-peace-deal-over-the-latest,US and Iran exchange strikes: is Trump’s peace deal over? - The Latest,https://www.theguardian.com/world/iran/2026/jul/09/all,True,False,True,True,False,False,True,True,False,False,False,1.0,2026-07-09
2026-07-09,https://www.theguardian.com/news/video/2026/jul/09/us-and-iran-exchange-strikes-is-trumps-peace-deal-over-the-latest,US and Iran exchange strikes: is Trump’s peace deal over? | The Latest,https://www.theguardian.com/world/iran/2026/jul/09/all,True,False,True,True,False,False,True,True,False,False,False,1.0,2026-07-09
2026-07-09,https://www.theguardian.com/world/2026/jul/09/iran-residents-terror-us-fresh-strikes-port-cities,‘It was back-to-back explosions’: Iranians recall 48 hours of terror after US attack on port cities,https://www.theguardian.com/world/iran/2026/jul/09/all,True,False,True,True,False,False,False,False,False,True,False,1.0,2026-07-09
2026-07-09,https://www.theguardian.com/commentisfree/2026/jul/09/trump-is-bombing-iran-again-and-blundering-again-he-has-no-grasp-of-his-enemy,Trump is bombing Iran again and blundering again. He has no grasp of his enemy,https://www.theguardian.com/world/iran/2026/jul/09/all,True,False,True,True,False,False,False,False,False,False,False,1.0,2026-07-09
2026-07-10,https://www.theguardian.com/politics/video/2026/jul/10/trump-restarts-war-with-iran-and-plays-niceish-with-nato-politics-weekly-america,Trump restarts war with Iran and plays nice(ish) with Nato | Politics Weekly America,https://www.theguardian.com/world/iran/2026/jul/10/all,True,False,True,False,False,False,False,False,False,False,False,0.25,2026-07-10
2026-07-10,https://www.theguardian.com/global-development/2026/jul/10/martyr-families-iran-largest-cemetery-january-protests,‘They made us say he was a martyr’: families at Iran’s largest cemetery mourn those killed in the January protests,https://www.theguardian.com/world/iran/2026/jul/10/all,True,False,False,True,False,False,False,False,False,True,False,0.0,2026-07-10
2026-07-10,https://www.theguardian.com/politics/audio/2026/jul/10/trump-iran-war-nato-podcast,Trump restarts war with Iran and plays nice(ish) with Nato – podcast,https://www.theguardian.com/world/iran/2026/jul/10/all,True,False,True,False,False,False,False,False,False,False,False,0.25,2026-07-10
2026-07-11,https://www.theguardian.com/world/2026/jul/11/europe-considers-proposals-navigational-fees-strait-of-hormuz-iran-us,Europe considering proposals to allow navigation fees in strait of Hormuz,https://www.theguardian.com/world/iran/2026/jul/11/all,True,False,True,False,False,True,False,False,False,True,False,0.75,2026-07-13
2026-07-12,https://www.theguardian.com/world/2026/jul/12/us-and-iran-exchange-strikes-as-tehran-again-says-strait-of-hormuz-is-closed,Trump rejects Iran’s strait of Hormuz closure claim as fight for control goes on,https://www.theguardian.com/world/iran/2026/jul/12/all,True,False,True,False,False,True,False,False,False,True,False,0.75,2026-07-13
2026-07-12,https://www.theguardian.com/commentisfree/2026/jul/12/the-guardian-view-on-trump-and-tehran-everyone-loses-when-the-us-and-iran-overplay-their-hands,The Guardian view on Trump and Tehran: everyone loses when the US and Iran overplay their hands,https://www.theguardian.com/world/iran/2026/jul/12/all,True,False,False,False,False,False,False,False,False,False,False,0.0,2026-07-13
2026-07-12,https://www.theguardian.com/world/live/2026/jul/12/iran-gulf-us-strikes-jordan-qatar-uae-strait-hormuz-latest-news-updates-live,Trump claims strait of Hormuz open to commercial traffic despite Iran earlier announcing closure – as it happened,https://www.theguardian.com/world/iran/2026/jul/12/all,True,False,True,False,False,True,False,False,False,False,False,0.75,2026-07-13
2026-07-13,https://www.theguardian.com/world/2026/jul/13/us-launches-third-night-of-strikes-on-iran-as-trump-announces-hormuz-blockade,US launches third night of strikes on Iran as Trump announces Hormuz blockade,https://www.theguardian.com/world/iran/2026/jul/13/all,True,False,True,True,False,True,False,False,False,True,False,1.0,2026-07-13
2026-07-13,https://www.theguardian.com/world/2026/jul/13/us-iran-war-missile-strikes-news-attacks-strait-of-hormuz,Trump renews Iran blockade and again threatens to take control of strait of Hormuz,https://www.theguardian.com/world/iran/2026/jul/13/all,True,False,True,True,True,True,False,False,False,True,False,1.0,2026-07-13
2026-07-13,https://www.theguardian.com/politics/live/2026/jul/13/shabana-mahmood-migration-rochdale-grooming-gang-pakistan-visas-immigration-andy-burnham-labour,Shabana Mahmood tells MPs suspect in Ann Widdecombe investigation ‘not known to Prevent’ – as it happened,https://www.theguardian.com/world/iran/2026/jul/13/all,False,False,False,False,False,False,False,False,False,False,False,0.0,2026-07-13
2026-07-13,https://www.theguardian.com/world/2026/jul/13/israel-courted-mahmoud-ahmadinejad-iran-former-hardline-president-post-regime-role-reports-claim,"Israel courted Iran’s former hardline president for post-regime role, reports claim",https://www.theguardian.com/world/iran/2026/jul/13/all,True,False,False,False,False,False,False,False,False,True,False,0.0,2026-07-13
2026-07-13,https://www.theguardian.com/politics/2026/jul/13/uk-list-iran-islamic-revolutionary-guard-corps-irgc-terrorist-organisation,UK bans support for Iran’s Islamic Revolutionary Guard Corps,https://www.theguardian.com/world/iran/2026/jul/13/all,True,False,False,False,False,False,False,False,False,True,False,0.0,2026-07-13
2026-07-13,https://www.theguardian.com/business/2026/jul/13/oil-prices-leap-stocks-fall-us-iran-strait-of-hormuz-brent-crude-markets,Oil prices leap and stocks fall as Trump reinstates Hormuz blockade on Iranian shipping,https://www.theguardian.com/world/iran/2026/jul/13/all,True,False,True,True,False,True,False,False,True,False,False,1.0,2026-07-13
2026-07-13,https://www.theguardian.com/world/2026/jul/13/nazanin-zaghari-ratcliffe-condemns-iran-rearrest-of-wildlife-activists-houman-jokar-sepideh-kashani,Zaghari-Ratcliffe condemns Iran’s ‘cruel’ rearrest of wildlife activist couple,https://www.theguardian.com/world/iran/2026/jul/13/all,True,False,False,False,False,False,False,False,False,True,False,0.0,2026-07-13
2026-07-13,https://www.theguardian.com/world/live/2026/jul/13/middle-east-crisis-live-us-launches-new-wave-of-strikes-on-iran-tehran-says-attacks-render-diplomacy-futile,Iran launches retaliatory attacks after fresh US strikes – as it happened,https://www.theguardian.com/world/iran/2026/jul/13/all,True,False,True,True,False,False,False,False,False,False,False,1.0,2026-07-13
2026-07-14,https://www.theguardian.com/us-news/2026/jul/14/trump-defense-bill-vote-iran-war,Senate Democrats block advancement of defense bill to protest Trump’s hostilities with Iran,https://www.theguardian.com/world/iran/2026/jul/14/all,True,False,False,False,False,False,False,False,False,True,False,0.0,2026-07-14
2026-07-14,https://www.theguardian.com/commentisfree/picture/2026/jul/14/ella-baron-on-the-us-iran-and-the-strait-of-hormuz-cartoon,"Ella Baron on the US, Iran and the strait of Hormuz – cartoon",https://www.theguardian.com/world/iran/2026/jul/14/all,True,False,True,False,False,True,False,False,False,False,False,0.75,2026-07-14
2026-07-14,https://www.theguardian.com/world/2026/jul/14/us-strikes-iran-bahrain-jordan-uae-tankers,Trump withdraws Hormuz tolls threat but says US will continue to blockade Iran,https://www.theguardian.com/world/iran/2026/jul/14/all,True,False,True,True,True,True,False,False,False,True,False,1.0,2026-07-14
2026-07-14,https://www.theguardian.com/world/2026/jul/14/iran-flight-sanaa-yemen-houthis-saudi,"Iranian flights to Yemen are violation of sovereignty, says Yemeni official",https://www.theguardian.com/world/iran/2026/jul/14/all,True,False,False,False,False,False,False,False,False,True,False,0.0,2026-07-14
2026-07-15,https://www.theguardian.com/world/2026/jul/15/chaos-confusion-no-closer-resolution-strait-hormuz-us-iran-donald-trump,Chaos and confusion bring US no closer to resolution on strait of Hormuz,https://www.theguardian.com/world/iran/2026/jul/15/all,True,False,True,False,False,True,False,False,False,True,False,0.75,2026-07-15
2026-07-15,https://www.theguardian.com/world/2026/jul/15/trump-iran-power-plants-strike-threat-strait-of-hormuz,Iran threatens to halt all Middle East energy exports amid renewed US blockade,https://www.theguardian.com/world/iran/2026/jul/15/all,True,False,True,True,True,True,False,False,False,True,False,1.0,2026-07-15
2026-07-16,https://www.theguardian.com/world/live/2026/jul/16/iran-us-donald-trump-war-strait-hormuz-oil-israel-lebanon-latest-news-updates,Iran reports fresh strikes near Qeshm Island and accuses US over ‘barbaric’ hospital attack – as it happened,https://www.theguardian.com/world/iran/2026/jul/16/all,True,False,True,True,False,False,False,False,False,False,False,1.0,2026-07-16
2026-07-16,https://www.theguardian.com/world/2026/jul/16/us-intensifies-attacks-on-iran-as-tehran-hits-back-at-gulf-states,US intensifies attacks on Iran as Tehran hits back at Gulf states,https://www.theguardian.com/world/iran/2026/jul/16/all,True,False,True,True,False,False,False,False,False,True,False,1.0,2026-07-16
2026-07-16,https://www.theguardian.com/world/2026/jul/16/us-gas-prices-rise-strait-of-hormuz,US gas prices edge up again as US-Iran tensions heighten over strait of Hormuz,https://www.theguardian.com/world/iran/2026/jul/16/all,True,False,True,False,False,True,False,False,True,False,False,0.75,2026-07-16
2026-07-16,https://www.theguardian.com/us-news/2026/jul/16/harold-hamm-trump-oil-israel-iran,How Trump’s ‘original oil guy’ boosted US-Israel ties and played down risks of Iran war,https://www.theguardian.com/world/iran/2026/jul/16/all,True,False,True,False,False,True,False,False,False,True,False,0.75,2026-07-16
2026-07-16,https://www.theguardian.com/world/2026/jul/16/us-attacks-oil-tanker-strait-of-hormuz-iran-tehran-strikes,US attacks oil tanker in strait of Hormuz as strikes reported in Tehran,https://www.theguardian.com/world/iran/2026/jul/16/all,True,False,True,True,False,True,False,False,False,True,False,1.0,2026-07-16
2026-07-17,https://www.theguardian.com/world/2026/jul/17/us-marines-board-ship-gulf-oman-expanded-airstrikes-iran,US hits civilian infrastructure as it expands strikes against Iran,https://www.theguardian.com/world/iran/2026/jul/17/all,True,False,True,True,False,False,False,False,False,True,False,1.0,2026-07-17
2026-07-17,https://www.theguardian.com/world/2026/jul/17/iran-inflict-damage-us-attacks,Iran proves it can still inflict damage despite waves of US attacks,https://www.theguardian.com/world/iran/2026/jul/17/all,True,False,True,True,False,False,False,False,False,True,False,1.0,2026-07-17
2026-07-17,https://www.theguardian.com/world/live/2026/jul/17/us-iran-war-strait-of-hormuz-donald-trump-israel-lebanon-latest-news-updates,Iranian airport and bridges hit as US forces board ship amid ports blockade – as it happened,https://www.theguardian.com/world/iran/2026/jul/17/all,True,False,True,True,False,True,False,False,False,False,False,1.0,2026-07-17
2026-07-18,https://www.theguardian.com/world/2026/jul/18/trump-iran-war-political-midterm-risk,Why is Trump risking midterm disaster by resuming the unpopular Iran war?,https://www.theguardian.com/world/iran/2026/jul/18/all,True,False,True,False,False,False,False,False,False,True,False,0.25,2026-07-20
2026-07-18,https://www.theguardian.com/commentisfree/2026/jul/18/donald-trump-iran-world-danger-bombing-us,"Trump, not Iran, is the world’s greatest danger. He’s a one-man weapon of mass destruction",https://www.theguardian.com/world/iran/2026/jul/18/all,True,False,False,False,False,False,False,False,False,False,False,0.0,2026-07-20
2026-07-19,https://www.theguardian.com/world/live/2026/jul/19/middle-east-crisis-live-us-launches-new-round-of-airstrikes-to-swiftly-punish-iran-after-american-troops-killed,Middle East crisis: US military says service member killed during ‘controlled detonation’ of downed Iranian drone – as it happened,https://www.theguardian.com/world/iran/2026/jul/19/all,True,False,True,True,True,False,False,False,False,False,False,1.0,2026-07-20
2026-07-19,https://www.theguardian.com/us-news/2026/jul/19/military-service-member-death-iran-airstrikes,New US military death as Israel warns Tehran’s attacks coming close,https://www.theguardian.com/world/iran/2026/jul/19/all,True,False,True,True,True,False,False,False,False,True,False,1.0,2026-07-20
2026-07-19,https://www.theguardian.com/world/2026/jul/19/israel-threatens-full-force-response-iran-fires-missiles,Israel threatens ‘full force’ response if Iran fires missiles towards it,https://www.theguardian.com/world/iran/2026/jul/19/all,True,False,True,True,True,False,False,False,False,True,False,1.0,2026-07-20
2026-07-20,https://www.theguardian.com/us-news/2026/jul/20/democrats-trump-iran-war,‘It needs to end now’: Democrats urge Trump to halt Iran war after US troop deaths,https://www.theguardian.com/world/iran/2026/jul/20/all,True,False,True,False,False,False,False,False,False,True,False,0.25,2026-07-20
2026-07-20,https://www.theguardian.com/world/2026/jul/20/us-strikes-iran-strait-of-hormuz-oil-prices,US launches 10th round of strikes as Iran says it is in ‘full-scale war’,https://www.theguardian.com/world/iran/2026/jul/20/all,True,False,True,True,False,False,False,False,False,True,False,1.0,2026-07-20
2026-07-20,https://www.theguardian.com/world/2026/jul/20/service-members-killed-jordan,US military identifies two soldiers killed in Iranian attack on Jordan,https://www.theguardian.com/world/iran/2026/jul/20/all,True,False,True,True,True,False,False,False,False,True,False,1.0,2026-07-20
2026-07-21,https://www.theguardian.com/us-news/2026/jul/21/hegseth-pentagon-supplemental-funding-request-senate,Hegseth tells Senate war on Iran has so far cost $37.5bn at hearing to request more funds,https://www.theguardian.com/world/iran/2026/jul/21/all,True,False,True,False,False,False,False,False,False,True,False,0.25,2026-07-21
2026-07-21,https://www.theguardian.com/world/2026/jul/21/houthis-threaten-attack-tankers-saudi-arabian-ports-red-sea-shipping,Houthis threaten to attack shipping tankers if they use Saudi Arabian ports on Red Sea,https://www.theguardian.com/world/iran/2026/jul/21/all,False,False,False,True,True,True,False,False,False,True,False,0.0,2026-07-21
2026-07-21,https://www.theguardian.com/news/video/2026/jul/21/us-troops-killed-has-trump-lost-control-of-iran-war-the-latest,US troops killed: has Trump lost control of Iran war? - The Latest,https://www.theguardian.com/world/iran/2026/jul/21/all,True,False,True,True,True,False,False,False,False,False,False,1.0,2026-07-21
2026-07-21,https://www.theguardian.com/news/audio/2026/jul/21/us-troops-killed-has-trump-lost-control-of-iran-war-the-latest,US troops killed: has Trump lost control of Iran war? – The Latest,https://www.theguardian.com/world/iran/2026/jul/21/all,True,False,True,True,True,False,False,False,False,False,False,1.0,2026-07-21
2026-07-21,https://www.theguardian.com/science/2026/jul/21/zendaya-faces-backlash-for-wearing-ancient-iranian-jewellery-at-odyssey-event,Zendaya faces backlash for wearing ancient Iranian jewellery at Odyssey event,https://www.theguardian.com/world/iran/2026/jul/21/all,True,False,False,False,False,False,False,False,False,True,False,0.0,2026-07-21
2026-07-21,https://www.theguardian.com/us-news/2026/jul/21/identity-soldiers-killed-iraq-iran-war,US identifies soldier killed destroying downed Iranian drone in Iraq,https://www.theguardian.com/world/iran/2026/jul/21/all,True,False,True,True,False,False,False,False,False,True,False,1.0,2026-07-21
2026-07-21,https://www.theguardian.com/world/2026/jul/21/us-troops-injured-killed-iran-war-attacks-pentagon,"Almost 100 troops injured in recent weeks, Pentagon admits, as Iran launches reprisals on US allies",https://www.theguardian.com/world/iran/2026/jul/21/all,True,False,True,False,True,False,False,False,False,True,False,0.5,2026-07-21
2026-07-22,https://www.theguardian.com/us-news/2026/jul/22/saudi-arabia-would-enrich-uranium-under-reported-deal-with-us,Saudi Arabia and US strike deal for kingdom to enrich uranium,https://www.theguardian.com/world/iran/2026/jul/22/all,False,False,False,True,True,False,True,False,False,True,True,0.0,2026-07-22
2026-07-22,https://www.theguardian.com/world/live/2026/jul/22/middle-east-us-iran-war-trump-houthis-strait-of-hormuz-nuclear-pickaxe-mountain-latest-news-updates,Iran warns of ‘eye for an eye’ response if US follows through on Trump’s threats to destroy infrastructure – as it happened,https://www.theguardian.com/world/iran/2026/jul/22/all,True,False,False,False,True,False,False,False,False,False,False,0.0,2026-07-22
2026-07-22,https://www.theguardian.com/commentisfree/2026/jul/22/trump-iran-forever-war,Has Trump dragged the US into a forever war in Iran?,https://www.theguardian.com/world/iran/2026/jul/22/all,True,False,True,False,False,False,False,False,False,False,False,0.25,2026-07-22
2026-07-22,https://www.theguardian.com/world/2026/jul/22/its-truly-hell-here-airstrikes-repression-and-water-shortages-become-new-normal-for-iranians,"‘It’s truly hell here’: airstrikes, repression and water shortages become ‘new normal’ for Iranians",https://www.theguardian.com/world/iran/2026/jul/22/all,True,False,True,True,False,False,False,False,False,True,False,1.0,2026-07-22
2026-07-22,https://www.theguardian.com/world/2026/jul/22/wednesday-briefing-how-trumps-iran-gamble-has-produced-a-crisis-reshaping-the-global-order,Wednesday briefing: How Trump’s Iran gamble has produced a crisis reshaping the global order,https://www.theguardian.com/world/iran/2026/jul/22/all,True,False,False,False,False,False,False,False,False,True,False,0.0,2026-07-22
2026-07-22,https://www.theguardian.com/world/2026/jul/22/iran-foreign-minister-abbas-aragchi-attack-killed-khamenei,Iran’s foreign minister describes moment of attack that killed Khamenei,https://www.theguardian.com/world/iran/2026/jul/22/all,True,False,True,True,False,False,False,False,False,True,False,1.0,2026-07-22
2026-07-22,https://www.theguardian.com/world/2026/jul/22/pickaxe-mountain-iran-nuclear-site-trump,"What is Pickaxe Mountain, Iran’s underground nuclear facility Trump is threatening to attack?",https://www.theguardian.com/world/iran/2026/jul/22/all,True,False,True,True,True,False,False,False,False,True,False,1.0,2026-07-22
2026-07-23,https://www.theguardian.com/world/2026/jul/23/uk-ready-to-defend-itself-iran-threat-us-bases,UK ‘ready to defend itself’ after Iranian threat over US bases,https://www.theguardian.com/world/iran/2026/jul/23/all,True,False,False,False,True,False,False,False,False,True,False,0.0,2026-07-23
2026-07-23,https://www.theguardian.com/world/2026/jul/23/trump-says-he-is-close-to-decision-on-largest-yet-attack-on-iran,Donald Trump says decision on ‘massive attack’ against Iran is close,https://www.theguardian.com/world/iran/2026/jul/23/all,True,False,True,True,False,False,False,False,False,True,False,1.0,2026-07-23
2026-07-23,https://www.theguardian.com/world/2026/jul/23/iran-crisis-is-not-solely-a-product-of-trumps-rule,Iran crisis is not solely a product of Trump’s rule,https://www.theguardian.com/world/iran/2026/jul/23/all,True,False,False,False,False,False,False,False,False,True,False,0.0,2026-07-23
2026-07-23,https://www.theguardian.com/us-news/2026/jul/23/house-trump-war-powers-resolution-iran,US House passes war powers resolution directing Trump to end Iran conflict,https://www.theguardian.com/world/iran/2026/jul/23/all,True,False,True,False,False,False,False,False,False,True,False,0.25,2026-07-23
2026-07-23,https://www.theguardian.com/business/2026/jul/23/oil-price-passes-100-a-barrel-again-as-middle-east-conflict-escalates,Oil passes $100 a barrel again and shares slide as Middle East conflict escalates,https://www.theguardian.com/world/iran/2026/jul/23/all,False,False,False,False,True,True,False,False,True,False,False,0.0,2026-07-23
2026-07-23,https://www.theguardian.com/commentisfree/2026/jul/23/trump-saudi-nuclear-deal,Why would Trump agree to the Saudi nuclear deal?,https://www.theguardian.com/world/iran/2026/jul/23/all,False,False,False,False,True,False,True,False,False,False,True,0.0,2026-07-23
2026-07-24,https://www.theguardian.com/us-news/2026/jul/24/trump-air-force-one-iran-threat,Trump switched planes in Turkey earlier this month because of threat from Iran proxy forces – report,https://www.theguardian.com/world/iran/2026/jul/24/all,True,False,False,False,True,False,False,False,False,True,False,0.0,2026-07-24
2026-07-24,https://www.theguardian.com/world/2026/jul/24/us-expands-iran-attacks-as-trump-warns-tehran-and-houthis-over-red-sea-strikes,US expands Iran attacks as Trump warns Tehran and Houthis over Red Sea strikes,https://www.theguardian.com/world/iran/2026/jul/24/all,True,False,True,True,True,False,False,False,False,True,False,1.0,2026-07-24
2026-07-24,https://www.theguardian.com/books/2026/jul/24/shahrnush-parsipur-obituary,Shahrnush Parsipur obituary,https://www.theguardian.com/world/iran/2026/jul/24/all,False,False,False,False,False,False,False,False,False,True,False,0.0,2026-07-24
2026-07-24,https://www.theguardian.com/world/live/2026/jul/24/us-iran-donald-trump-iraq-bahrain-kuwait-jordan-latest-news-updates,Middle East crisis: US carries out strikes across Iran as Tehran targets American bases in region – as it happened,https://www.theguardian.com/world/iran/2026/jul/24/all,True,False,True,True,False,False,False,False,False,False,False,1.0,2026-07-24
2026-07-24,https://www.theguardian.com/world/2026/jul/24/irans-much-improved-missile-systems-pose-a-real-threat-to-the-us,How Chinese tech and Russian tactics are aiding Iran’s bombing of US bases,https://www.theguardian.com/world/iran/2026/jul/24/all,True,False,True,True,False,False,False,False,False,True,False,1.0,2026-07-24
2026-07-24,https://www.theguardian.com/politics/video/2026/jul/24/trump-gifts-saudi-arabia-nuclear-win-politics-weekly-america,Trump gifts Saudi Arabia a nuclear win | Politics Weekly America,https://www.theguardian.com/world/iran/2026/jul/24/all,False,False,False,False,True,False,False,False,False,False,False,0.0,2026-07-24
2026-07-24,https://www.theguardian.com/politics/audio/2026/jul/24/why-did-trump-just-gift-saudi-arabia-a-nuclear-win-podcast,Why did Trump just gift Saudi Arabia a nuclear win? – podcast,https://www.theguardian.com/world/iran/2026/jul/24/all,False,False,False,False,True,False,False,False,False,False,False,0.0,2026-07-24
2026-07-25,https://www.theguardian.com/world/2026/jul/25/houthis-vow-retaliate-saudi-strikes-yemen-iran-war,Iran-backed Houthis claim missile attack on Saudi Arabia as regional tensions escalate,https://www.theguardian.com/world/iran/2026/jul/25/all,True,False,True,True,True,False,False,False,False,True,False,1.0,2026-07-27
2026-07-25,https://www.theguardian.com/culture/2026/jul/25/treasure-as-trinkets-zendayas-earrings-renew-debate-on-ownership-of-ancient-artefacts,Treasure as trinkets: Zendaya’s earrings renew debate on ownership of ancient artefacts,https://www.theguardian.com/world/iran/2026/jul/25/all,False,False,False,False,False,False,False,False,False,True,False,0.0,2026-07-27
2026-07-26,https://www.theguardian.com/commentisfree/2026/jul/26/the-guardian-view-on-a-us-saudi-nuclear-agreement-an-offer-that-further-erodes-international-safeguards,The Guardian view on a US-Saudi nuclear agreement: an offer that further erodes international safeguards,https://www.theguardian.com/world/iran/2026/jul/26/all,False,False,False,False,True,False,False,False,False,False,False,0.0,2026-07-27
2026-07-26,https://www.theguardian.com/world/2026/jul/26/ukraine-war-briefing-iran-accuses-kyiv-vessel-caspian-sea,Ukraine war briefing: Iran accuses Kyiv of deadly attack on Iranian vessel in Caspian Sea,https://www.theguardian.com/world/iran/2026/jul/26/all,True,False,True,True,False,False,False,False,False,True,False,1.0,2026-07-27
2026-07-27,https://www.theguardian.com/world/2026/jul/27/trump-warns-return-strong-military-action-iran-diplomacy-fails,Trump warns of return to ‘strong military action’ if Iran diplomacy fails,https://www.theguardian.com/world/iran/2026/jul/27/all,True,False,True,False,True,False,True,False,False,True,True,-0.5,2026-07-27
2026-07-27,https://www.theguardian.com/us-news/2026/jul/27/netanyahu-zelenskyy-trump-lindsey-graham-funeral,Netanyahu and Zelenskyy to arrive in Washington for Lindsey Graham funeral,https://www.theguardian.com/world/iran/2026/jul/27/all,False,False,False,False,False,False,False,False,False,True,False,0.0,2026-07-27
2026-07-27,https://www.theguardian.com/commentisfree/2026/jul/27/commander-in-chief-of-chaos-victims-trump-wars,He’s commander-in-chief of chaos. Now we’re all victims of Trump’s wars,https://www.theguardian.com/world/iran/2026/jul/27/all,False,False,False,False,False,False,False,False,False,False,False,0.0,2026-07-27
2026-07-28,https://www.theguardian.com/world/2026/jul/28/prisoners-iran-largest-jail-sew-lips-shut-hunger-strike-executions-soar,Prisoners at Iran’s largest jail sew lips shut in hunger strike as executions soar,https://www.theguardian.com/world/iran/2026/jul/28/all,True,False,True,True,False,False,False,False,False,True,False,1.0,2026-07-28
2026-07-29,https://www.theguardian.com/us-news/video/2026/jul/29/iran-forever-war-stateside-podcast,Is Iran a ‘forever war’? – Stateside with Kai and Carter,https://www.theguardian.com/world/iran/2026/jul/29/all,True,False,True,False,False,False,False,False,False,False,False,0.25,2026-07-29
2026-07-29,https://www.theguardian.com/world/2026/jul/29/us-saudi-strikes-in-iraq-have-pushed-the-region-into-uncharted-territory-analysts-warn,"US-Saudi strikes in Iraq push region into ‘uncharted territory’, analysts warn",https://www.theguardian.com/world/iran/2026/jul/29/all,False,False,False,True,True,False,False,False,False,True,False,0.0,2026-07-29
2026-07-29,https://www.theguardian.com/world/2026/jul/29/iran-missile-attack-us-base-forces,US joins forces with Saudis to strike Tehran-backed militias in Iraq,https://www.theguardian.com/world/iran/2026/jul/29/all,True,False,True,True,False,False,False,False,False,True,False,1.0,2026-07-29
2026-07-30,https://www.theguardian.com/us-news/2026/jul/30/donald-trump-senate-iran-war-power,US Senate rejects bid to rein in Trump’s authority over Iran war,https://www.theguardian.com/world/iran/2026/jul/30/all,True,False,True,False,False,False,False,False,False,True,False,0.25,2026-07-30
2026-07-30,https://www.theguardian.com/world/2026/jul/30/saudi-forces-planning-major-offensive-against-houthis-central-yemen,Saudi Arabia prepares sea and possible land offensive against Houthis,https://www.theguardian.com/world/iran/2026/jul/30/all,False,False,False,False,False,False,False,False,False,True,False,0.0,2026-07-30
2026-07-30,https://www.theguardian.com/news/audio/2026/jul/30/us-iran-strikes-risk-regional-war-in-middle-east-the-latest,US-Iran strikes risk regional war in Middle East - The Latest,https://www.theguardian.com/world/iran/2026/jul/30/all,True,False,True,True,False,False,False,False,False,False,False,1.0,2026-07-30
2026-07-30,https://www.theguardian.com/news/video/2026/jul/30/us-iran-strikes-risk-regional-war-in-middle-east-the-latest,US-Iran strikes risk regional war in Middle East - The Latest,https://www.theguardian.com/world/iran/2026/jul/30/all,True,False,True,True,False,False,False,False,False,False,False,1.0,2026-07-30
2026-07-30,https://www.theguardian.com/world/2026/jul/30/us-strikes-iran-war-widening-iraq,US hits dozens of targets in Iran overnight as peace efforts under threat,https://www.theguardian.com/world/iran/2026/jul/30/all,True,False,True,False,True,False,True,False,False,True,True,-0.5,2026-07-30
2026-07-30,https://www.theguardian.com/world/2026/jul/30/iran-war-us-conflict-internal-crises-economy-dissent,Iran’s war with the US is not its only conflict as internal crises mount,https://www.theguardian.com/world/iran/2026/jul/30/all,True,False,True,False,False,False,False,False,False,True,False,0.25,2026-07-30
2026-07-31,https://www.theguardian.com/world/live/2026/jul/31/us-iran-war-live-updates-trump-claims-gaza-hamas-deal-middle-east-crisis-latest-news,Middle East crisis: Trump says ‘Israel is very happy’ with Gaza peace plan but doesn’t say if withdrawal or Hamas disarmament comes first – as it happened,https://www.theguardian.com/world/iran/2026/jul/31/all,False,False,False,False,False,False,True,False,False,False,True,0.0,2026-07-31
2026-07-31,https://www.theguardian.com/world/2026/jul/31/iran-strikes-tankers-us-escort-hormuz-strait-trump-gathers-cabinet,Iran strikes tankers under US escort in Hormuz strait as Trump gathers cabinet to discuss war,https://www.theguardian.com/world/iran/2026/jul/31/all,True,False,True,True,False,True,False,False,False,True,False,1.0,2026-07-31
2026-07-31,https://www.theguardian.com/world/2026/jul/31/british-azerbaijani-man-arrested-cyprus-alleged-spying-uk-airbase-iran,British-Azerbaijani man arrested in Cyprus over alleged spying on UK airbase for Iran,https://www.theguardian.com/world/iran/2026/jul/31/all,True,False,False,False,False,False,False,False,False,True,False,0.0,2026-07-31
2026-08-01,https://www.theguardian.com/us-news/2026/aug/01/ukraine-zelenskyy-trump-iran,"Laura Loomer, Lindsey Graham and the deepening Iran crisis: what’s behind Trump’s reset with Zelenskyy?",https://www.theguardian.com/world/iran/2026/aug/01/all,True,False,False,False,False,False,False,False,False,True,False,0.0,2026-08-03
2026-08-01,https://www.theguardian.com/commentisfree/2026/aug/01/us-iran-war-trump-recession,The US war on Iran is spinning out of control,https://www.theguardian.com/world/iran/2026/aug/01/all,True,False,True,False,False,False,False,False,False,False,False,0.25,2026-08-03
2026-08-02,https://www.theguardian.com/world/2026/aug/02/trump-climbs-down-on-iran-strikes-after-saudi-alarm-and-threats-from-tehran,Trump backs down on Iran strikes in expectation of ‘rapidly’ reaching a deal,https://www.theguardian.com/world/iran/2026/aug/02/all,True,False,True,True,False,False,True,False,False,True,True,0.0,2026-08-03
2026-08-02,https://www.theguardian.com/commentisfree/2026/aug/02/donald-trump-iran-afghanistan-25-years-same-mistakes,"Decades on from the US’s disastrous campaign in Afghanistan, Trump is making all the same mistakes",https://www.theguardian.com/world/iran/2026/aug/02/all,False,False,False,False,False,False,False,False,False,False,False,0.0,2026-08-03
2026-08-03,https://www.theguardian.com/world/live/2026/aug/03/us-iran-trump-strait-of-hormuz-talks-israel-gaza-lebanon-latest-news-updates,Trump claims strait of Hormuz could open ‘by tomorrow’ as Iran denies any talks taking place – as it happened,https://www.theguardian.com/world/iran/2026/aug/03/all,True,False,True,False,False,True,True,True,False,False,False,1.0,2026-08-03
2026-08-03,https://www.theguardian.com/world/2026/aug/03/iran-in-talks-with-oman-over-shipping-route-but-not-us-says-tehran,"Fresh US-Iran talks are ‘last chance’ for Tehran to avoid war escalating, Trump says",https://www.theguardian.com/world/iran/2026/aug/03/all,True,False,True,False,True,False,True,False,False,True,True,-0.5,2026-08-03
2026-08-03,https://www.theguardian.com/world/2026/aug/03/trump-meets-his-obstinate-match-in-irans-hardball-regime,Trump meets his obstinate match in Iran’s hardball regime,https://www.theguardian.com/world/iran/2026/aug/03/all,True,False,False,False,False,False,False,False,False,True,False,0.0,2026-08-03
2026-08-03,https://www.theguardian.com/australia-news/live/2026/aug/03/australia-news-live-fuel-excise-cut-jim-chalmers-cost-of-living-anthony-albanese-labor-angus-taylor-coalition-one-nation-pauline-hanson-ntwnfb,Greens senator brands Pauline Hanson a ‘political coward’ over press conference bans – as it happened,https://www.theguardian.com/world/iran/2026/aug/03/all,False,False,False,False,False,False,False,False,False,False,False,0.0,2026-08-03
2026-08-03,https://www.theguardian.com/world/2026/aug/03/trump-us-iran-talks-strait-of-hormuz-nuclear-programme,Trump says Iran talks set for Monday as Tehran and Oman discuss strait of Hormuz deal,https://www.theguardian.com/world/iran/2026/aug/03/all,True,False,True,False,False,True,True,False,False,True,True,-0.25,2026-08-03
2026-08-04,https://www.theguardian.com/world/live/2026/aug/04/middle-east-crisis-qatar-iran-us-israel-war-donald-trump-strait-hormuz-gaza-latest-news-updates,Rubio hopes US can reach Hormuz deal with Iran ‘very shortly’ as officials say progress has been made – as it happened,https://www.theguardian.com/world/iran/2026/aug/04/all,True,False,True,False,False,True,True,False,False,False,True,-0.25,2026-08-04
2026-08-04,https://www.theguardian.com/world/2026/aug/04/irans-president-denies-threatening-to-resign-during-talks-over-strait-of-hormuz,Iran’s president denies threatening to resign during talks over strait of Hormuz,https://www.theguardian.com/world/iran/2026/aug/04/all,True,False,True,False,True,True,True,True,False,True,False,1.0,2026-08-04
2026-08-04,https://www.theguardian.com/world/2026/aug/04/us-qatar-progress-iran-ceasefire-hormuz-strait,US and Qatar report progress on Iran ceasefire and reopening Hormuz strait,https://www.theguardian.com/world/iran/2026/aug/04/all,True,False,True,False,False,True,True,False,False,True,True,-0.25,2026-08-04
2026-08-04,https://www.theguardian.com/technology/2026/aug/04/us-cyber-attacks-water-minnesota-iran,US water facilities targeted by ‘malicious cyber actors’ – who’s to blame?,https://www.theguardian.com/world/iran/2026/aug/04/all,False,False,False,False,False,False,False,False,False,True,False,0.0,2026-08-04
2026-08-05,https://www.theguardian.com/world/live/2026/aug/05/us-iran-israel-oman-strait-of-hormuz-latest-news-updates,"Iran and Oman agree on coordinates of route through strait of Hormuz, says Iranian foreign ministry – as it happened",https://www.theguardian.com/world/iran/2026/aug/05/all,True,False,True,False,False,True,False,False,False,False,False,0.75,2026-08-05
2026-08-05,https://www.theguardian.com/world/2026/aug/05/iran-oman-reach-hormuz-route-coordinates,"Understanding reached on coordinates for shipping route through Hormuz, Iran says",https://www.theguardian.com/world/iran/2026/aug/05/all,True,False,True,False,False,True,False,False,False,True,False,0.75,2026-08-05
2026-08-05,https://www.theguardian.com/commentisfree/2026/aug/05/trump-iran-war-diplomacy,Let’s call Trump’s approach to Iran what it is: kindergarten diplomacy,https://www.theguardian.com/world/iran/2026/aug/05/all,True,False,False,False,False,False,True,False,False,False,True,0.0,2026-08-05
2026-08-06,https://www.theguardian.com/world/live/2026/aug/06/iran-oman-strait-of-hormuz-yemen-houthis-israel-lebanon-gaza-us-donald-trump-middle-east-crisis-live-news,Iran says a deal with Oman to reopen the strait of Hormuz is close to being finalised – as it happened,https://www.theguardian.com/world/iran/2026/aug/06/all,True,False,True,False,False,True,True,False,False,False,True,-0.25,2026-08-06
2026-08-06,https://www.theguardian.com/football/2026/aug/06/two-iranian-female-footballers-australian-citizenship-protest,Two Iranian female footballers granted Australian citizenship after protest,https://www.theguardian.com/world/iran/2026/aug/06/all,True,False,False,False,False,False,False,False,False,True,False,0.0,2026-08-06
2026-08-07,https://www.theguardian.com/world/2026/aug/07/houthi-strikes-yemen-saudi-arabia-attacks-iran-war-middle-east-crisis,"Saudi Arabia, Pakistan and Turkey sign Nato-style defence pact amid deadly Houthi strikes in Yemen",https://www.theguardian.com/world/iran/2026/aug/07/all,False,False,False,True,False,False,False,False,False,True,False,0.0,2026-08-07
2026-08-07,https://www.theguardian.com/world/2026/aug/07/iran-war-trump-midterm-ballot,Iran plots to deal Trump a blow in midterms by keeping him entangled in war,https://www.theguardian.com/world/iran/2026/aug/07/all,True,False,True,False,False,False,True,False,False,True,True,-0.75,2026-08-07
2026-08-08,https://www.theguardian.com/world/2026/aug/08/iran-issues-tough-demands-to-reopen-strait-of-hormuz-as-deal-remains-out-of-reach,Iran issues tough demands to reopen strait of Hormuz as deal still out of reach,https://www.theguardian.com/world/iran/2026/aug/08/all,True,False,True,False,False,True,True,False,False,True,True,-0.25,2026-08-10
2026-08-08,https://www.theguardian.com/commentisfree/2026/aug/08/president-xi-jinping-global-order-minorities-china,"President Xi never wastes a good crisis. As Iran, Ukraine and Palestine distract the world, he tightens his grip",https://www.theguardian.com/world/iran/2026/aug/08/all,True,False,False,False,False,False,False,False,False,False,False,0.0,2026-08-10
2026-08-08,https://www.theguardian.com/world/ng-interactive/2026/aug/08/trump-iran-war-criticism-groundhog-day,Bluster and backdown have turned Iran war into Trump’s own Groundhog Day,https://www.theguardian.com/world/iran/2026/aug/08/all,True,False,True,False,False,False,False,False,False,True,False,0.25,2026-08-10
2026-08-08,https://www.theguardian.com/world/2026/aug/08/iran-journey-israel-us-war,Travelling through Iran reveals mixed narratives about the US-Israel war,https://www.theguardian.com/world/iran/2026/aug/08/all,True,False,True,False,False,False,False,False,False,True,False,0.25,2026-08-10
2026-08-09,https://www.theguardian.com/world/live/2026/aug/09/iran-us-irgc-strait-of-hormuz-israel-netanyahu-trump-gaza-plan-latest-news-updates,Netanyahu rejects Trump’s Gaza plan and vows no withdrawal until Hamas disarms – as it happened,https://www.theguardian.com/world/iran/2026/aug/09/all,False,False,False,False,False,False,False,False,False,False,False,0.0,2026-08-10
2026-08-09,https://www.theguardian.com/world/2026/aug/09/ordinary-seafarers-trapped-strait-of-hormuz-iran-strikes-killed,‘Like being in prison’: the ship crews stuck in Gulf since February,https://www.theguardian.com/world/iran/2026/aug/09/all,False,False,False,False,False,False,False,False,False,True,False,0.0,2026-08-10
2026-08-10,https://www.theguardian.com/world/2026/aug/10/trump-demands-iran-pay-compensation-for-decades-of-us-soldier-deaths,Trump demands Iran pay compensation for decades of US soldier deaths,https://www.theguardian.com/world/iran/2026/aug/10/all,True,False,False,False,False,False,False,False,False,True,False,0.0,2026-08-10
2026-08-12,https://www.theguardian.com/us-news/2026/aug/12/trump-catering-cart-iran-threat,Trump’s secret flight switch indicates severity of assassination threat by Iran,https://www.theguardian.com/world/iran/2026/aug/12/all,True,False,False,False,True,False,False,False,False,True,False,0.0,2026-08-12
2026-08-13,https://www.theguardian.com/commentisfree/2026/aug/13/ukraine-cathedrals-gaza-archives-iran-erase-history-war,"Ukrainian cathedrals, Gaza’s archives, Iranian squares – modern war is systematically erasing human history",https://www.theguardian.com/world/iran/2026/aug/13/all,True,False,True,False,False,False,False,False,False,False,False,0.25,2026-08-13
2026-08-14,https://www.theguardian.com/us-news/2026/aug/14/trump-threat-strait-hormuz-us-territory,Trump threatens to declare strait of Hormuz ‘territory of the United States’,https://www.theguardian.com/world/iran/2026/aug/14/all,True,False,True,False,True,True,False,False,False,True,False,1.0,2026-08-14
2026-08-15,https://www.theguardian.com/world/2026/aug/15/israeli-strike-on-southern-lebanon-kills-seven-in-worst-toll-since-june-state-media-says,Israeli strikes on southern Lebanon kill 11 in worst toll since June truce,https://www.theguardian.com/world/iran/2026/aug/15/all,False,False,False,True,False,False,True,False,False,True,True,0.0,2026-08-17
2026-08-15,https://www.theguardian.com/world/2026/aug/15/concern-grow-global-ties-taliban-afghanistan-human-rights,Concerns grow over increased global ties with Taliban in Afghanistan,https://www.theguardian.com/world/iran/2026/aug/15/all,False,False,False,False,False,False,False,False,False,True,False,0.0,2026-08-17
2026-08-17,https://www.theguardian.com/world/live/2026/aug/17/trump-kushner-netanyahu-hamas-gaza-israel-blair-us-iran-hormuz-oil-latest-news-updates,Trump threatens to bomb Oman if it ‘gets in the way’ of Iran deal as Kushner meets Netanyahu – as it happened,https://www.theguardian.com/world/iran/2026/aug/17/all,True,False,True,True,True,False,True,False,False,False,True,0.5,2026-08-17
2026-08-17,https://www.theguardian.com/us-news/2026/aug/17/gas-prices-august-record-iran-war,US gas prices reach highest ever recorded for August amid stalled talks with Iran,https://www.theguardian.com/world/iran/2026/aug/17/all,True,False,True,False,False,True,True,False,True,False,True,-0.25,2026-08-17
2026-08-17,https://www.theguardian.com/world/2026/aug/17/donald-trump-threatens-bomb-oman,Donald Trump threatens to bomb Oman if it ‘gets in the way’ of ending Iran war,https://www.theguardian.com/world/iran/2026/aug/17/all,True,False,True,True,True,False,False,False,False,True,False,1.0,2026-08-17
2026-08-17,https://www.theguardian.com/commentisfree/2026/aug/17/trump-tough-guy-image-catering-truck,Trump’s tough-guy image has been undone by his own actions,https://www.theguardian.com/world/iran/2026/aug/17/all,False,False,False,False,False,False,False,False,False,False,False,0.0,2026-08-17
2026-08-20,https://www.theguardian.com/commentisfree/ng-interactive/2026/aug/20/iran-political-prisoners,"To Iran’s political prisoners, trapped ‘between two blades of a scissors’",https://www.theguardian.com/world/iran/2026/aug/20/all,True,False,False,False,False,False,False,False,False,False,False,0.0,2026-08-20
2026-08-20,https://www.theguardian.com/world/2026/aug/20/trump-threatens-crush-iran-economy-war-hormuz,"Trump threatens Iran’s trade partners, as military strikes make way for economic pressure",https://www.theguardian.com/world/iran/2026/aug/20/all,True,False,True,True,True,False,False,False,False,True,False,1.0,2026-08-20
2026-08-22,https://www.theguardian.com/us-news/ng-interactive/2026/aug/22/trump-iran-war-midterm-elections,"Persuasion, denial and bluster: Trump ‘stuck’ on Iran war ahead of elections",https://www.theguardian.com/world/iran/2026/aug/22/all,True,False,True,False,False,False,False,False,False,True,False,0.25,2026-08-24
2026-08-23,https://www.theguardian.com/world/2026/aug/23/iran-linked-hackers-blamed-cyber-attack-british-power-plant,Iran-linked hackers blamed for cyber-attack that shut down UK power plant,https://www.theguardian.com/world/iran/2026/aug/23/all,True,False,True,True,False,False,False,False,False,True,False,1.0,2026-08-24
2026-08-23,https://www.theguardian.com/world/2026/aug/23/iran-new-security-chief-trump-economic-war-enemies-mohsen-rezaei,Iran’s foreign minister calls threat of new US economic sanctions ‘desperate’,https://www.theguardian.com/world/iran/2026/aug/23/all,True,False,True,False,True,False,False,False,False,True,False,0.5,2026-08-24
2026-08-24,https://www.theguardian.com/world/2026/aug/24/us-severe-sanctions-economic-ties-iran,US threatens severe sanctions against countries with economic ties to Iran,https://www.theguardian.com/world/iran/2026/aug/24/all,True,False,True,False,True,False,False,False,False,True,False,0.5,2026-08-24
2026-08-24,https://www.theguardian.com/world/2026/aug/24/iran-vows-retaliate-countries-cooperate-fresh-us-sanctions,Iran vows to retaliate against countries that cooperate with fresh US sanctions,https://www.theguardian.com/world/iran/2026/aug/24/all,True,False,True,False,True,False,False,False,False,True,False,0.5,2026-08-24
2026-08-25,https://www.theguardian.com/world/2026/aug/25/china-us-sanctions-iran-oil,China denounces US threat of sanctions over trade with Iran,https://www.theguardian.com/world/iran/2026/aug/25/all,True,False,True,False,True,False,False,False,False,True,False,0.5,2026-08-25
2026-08-25,https://www.theguardian.com/politics/2026/aug/25/uk-to-warn-citizens-to-stock-up-on-food-amid-threat-from-climate-crisis-and-hostile-states,UK to warn citizens to stock up on food amid threat from climate crisis and hostile states,https://www.theguardian.com/world/iran/2026/aug/25/all,False,False,False,False,True,False,False,False,True,False,False,0.0,2026-08-25
2026-08-25,https://www.theguardian.com/news/audio/2026/aug/25/economic-d-day-how-desperate-trump-end-iran-war-the-latest,‘Economic D-day’: how desperate is Trump to end Iran war? — The Latest,https://www.theguardian.com/world/iran/2026/aug/25/all,True,False,True,False,False,False,False,False,False,False,False,0.25,2026-08-25
2026-08-25,https://www.theguardian.com/news/video/2026/aug/25/economic-d-day-how-desperate-is-trump-to-end-iran-war-the-latest,‘Economic D-day’: How desperate is Trump to end Iran war? - The Latest,https://www.theguardian.com/world/iran/2026/aug/25/all,True,False,True,False,False,False,False,False,False,False,False,0.25,2026-08-25
2026-08-25,https://www.theguardian.com/us-news/2026/aug/25/first-thing-us-supreme-court-midterms-mail-in-voting-trump-plan,First Thing: Supreme court threatens midterms mail-in voting as it backs Trump plan,https://www.theguardian.com/world/iran/2026/aug/25/all,False,False,False,False,True,False,False,False,False,True,False,0.0,2026-08-25
2026-08-25,https://www.theguardian.com/world/2026/aug/25/trump-us-economic-sanctions-china-biggest-buyer-iran-oil,China is the biggest buyer of Iran’s oil. Could US sanctions threaten those ties?,https://www.theguardian.com/world/iran/2026/aug/25/all,True,False,True,False,True,True,False,False,False,True,False,1.0,2026-08-25
2026-08-26,https://www.theguardian.com/us-news/2026/aug/26/trump-cia-director-moscow-visit,Trump downplays Moscow visit by CIA director as ‘semi-routine’,https://www.theguardian.com/world/iran/2026/aug/26/all,False,False,False,False,False,False,False,False,False,True,False,0.0,2026-08-26
2026-08-26,https://www.theguardian.com/commentisfree/2026/aug/26/donald-trump-friends-diplomatic-iran-war-us-president,"With no friends left to burn, Trump is running out of diplomatic ammunition",https://www.theguardian.com/world/iran/2026/aug/26/all,False,False,False,False,False,False,False,False,False,False,False,0.0,2026-08-26
2026-08-26,https://www.theguardian.com/global-development/2026/aug/26/iran-criminalises-contact-foreign-media-human-rights-crackdown,Iran seeks to criminalise all contact with foreign media in ‘chilling’ crackdown,https://www.theguardian.com/world/iran/2026/aug/26/all,True,False,False,False,False,False,False,False,False,True,False,0.0,2026-08-26
2026-08-26,https://www.theguardian.com/world/2026/aug/26/iran-faces-strait-of-hormuz-paradox-as-strategic-value-of-chokehold-erodes,Iran faces strait of Hormuz paradox as strategic value of chokehold erodes,https://www.theguardian.com/world/iran/2026/aug/26/all,True,False,True,False,False,True,False,False,False,True,False,0.75,2026-08-26
2026-08-27,https://www.theguardian.com/business/2026/aug/27/uk-small-power-plants-risk-cyber-attacks-iran-hack,UK’s small power plants face higher cyber risk into 2030s despite Iran-linked hack,https://www.theguardian.com/world/iran/2026/aug/27/all,True,False,False,False,False,False,False,False,False,True,False,0.0,2026-08-27
2026-08-28,https://www.theguardian.com/world/ng-interactive/2026/aug/28/how-the-iran-war-unfolded-every-attack-and-oil-price-change-visualised,How the Iran war unfolded: every attack and oil price change – visualised,https://www.theguardian.com/world/iran/2026/aug/28/all,True,False,True,True,False,True,False,False,True,False,False,1.0,2026-08-28
2026-08-29,https://www.theguardian.com/business/2026/aug/29/scott-bessant-us-economy-donald-trump,"‘Inept, incompetent, craven’: Scott Bessent struggles to clean up the president’s mess",https://www.theguardian.com/world/iran/2026/aug/29/all,False,False,False,False,False,False,False,False,False,True,False,0.0,2026-08-31
2026-08-31,https://www.theguardian.com/world/live/2026/aug/31/us-iran-israel-hormuz-oil-donald-trump-larak-kharg-island-uae-jordan-latest-news-updates,Trump says US will ‘hit Iran hard’ as hostilities resume – as it happened,https://www.theguardian.com/world/iran/2026/aug/31/all,True,False,False,False,False,False,False,False,False,False,False,0.0,2026-08-31
2026-08-31,https://www.theguardian.com/world/2026/aug/31/trump-threatens-further-action-us-iran-exchange-fire,Trump threatens further action as US and Iran exchange fire in new flare-up,https://www.theguardian.com/world/iran/2026/aug/31/all,True,False,False,False,True,False,False,False,False,True,False,0.0,2026-08-31
2026-08-31,https://www.theguardian.com/world/2026/aug/31/iran-economy-crisis-usa-launches-sanctions-inflation-trump,Iran’s economy in crisis as US launches new sanctions campaign,https://www.theguardian.com/world/iran/2026/aug/31/all,True,False,True,False,True,False,False,False,False,True,False,0.5,2026-08-31
2026-09-01,https://www.theguardian.com/world/live/2026/sep/01/us-iran-military-strikes-live-updates,Iran says ‘regretful response’ to US attacks has begun after state TV reports four killed at wedding in Sirik region – as it happened,https://www.theguardian.com/world/iran/2026/sep/01/all,True,False,True,True,False,False,False,False,False,False,False,1.0,2026-09-01
2026-09-01,https://www.theguardian.com/commentisfree/2026/sep/01/the-guardian-view-on-the-global-bond-shock-andy-burnham-should-take-note,The Guardian view on the global bond shock: Andy Burnham should take note,https://www.theguardian.com/world/iran/2026/sep/01/all,False,False,False,False,False,False,False,False,False,False,False,0.0,2026-09-01
2026-09-02,https://www.theguardian.com/world/live/2026/sep/02/iran-us-middle-east-war-strikes-tehran-washington-wedding-trump-kuwait-jordan-latest-news-updates,Iran’s currency hits record low – as it happened,https://www.theguardian.com/world/iran/2026/sep/02/all,True,False,False,False,False,False,False,False,False,False,False,0.0,2026-09-02
2026-09-02,https://www.theguardian.com/news/video/2026/sep/02/iran-retaliates-after-us-strikes-reportedly-kill-wedding-guests-the-latest,Iran retaliates after US strikes reportedly kill wedding guests - The Latest,https://www.theguardian.com/world/iran/2026/sep/02/all,True,False,True,True,False,False,False,False,False,False,False,1.0,2026-09-02
2026-09-02,https://www.theguardian.com/news/audio/2026/sep/02/iran-retaliates-after-us-strikes-reportedly-kill-wedding-guests-the-latest,Wedding guests reportedly killed by US strikes in Iran – The Latest,https://www.theguardian.com/world/iran/2026/sep/02/all,True,False,True,True,False,False,False,False,False,False,False,1.0,2026-09-02
2026-09-02,https://www.theguardian.com/world/2026/sep/02/iran-us-missile-blast-wedding,Iran accuses US of ‘war crime’ after missile blast kills four people at wedding,https://www.theguardian.com/world/iran/2026/sep/02/all,True,False,True,True,False,False,False,False,False,True,False,1.0,2026-09-02
2026-09-02,https://www.theguardian.com/world/video/2026/sep/02/iran-retaliates-after-us-missile-strike-reportedly-hits-wedding-video,Iran retaliates after US missile strike reportedly hits wedding – video,https://www.theguardian.com/world/iran/2026/sep/02/all,True,False,True,True,False,False,False,False,False,False,False,1.0,2026-09-02
2026-09-02,https://www.theguardian.com/commentisfree/2026/sep/02/trump-canada-tariffs-trade-war-backfiring,Trump’s ridiculous bullying of Canada is backfiring,https://www.theguardian.com/world/iran/2026/sep/02/all,False,False,False,False,False,False,False,False,False,False,False,0.0,2026-09-02
2026-09-03,https://www.theguardian.com/world/2026/sep/03/iran-strikes-wedding-jd-vance,JD Vance reacts to airstrike that killed four at Iran wedding: ‘Things happen’,https://www.theguardian.com/world/iran/2026/sep/03/all,True,False,True,True,False,False,False,False,False,True,False,1.0,2026-09-03
2026-09-03,https://www.theguardian.com/world/2026/sep/03/howard-lutnick-iran-war-deaths-trump,"US commerce secretary erroneously said no Americans have died in Iran war, Trump claims",https://www.theguardian.com/world/iran/2026/sep/03/all,True,False,True,False,False,False,False,False,False,True,False,0.25,2026-09-03
2026-09-03,https://www.theguardian.com/world/2026/sep/03/iran-targets-us-bases-as-israel-warns-sanctions-could-drive-tehran-to-desperate-steps,Iran targets US bases as Israel warns sanctions could drive Tehran to ‘desperate steps’,https://www.theguardian.com/world/iran/2026/sep/03/all,True,False,True,False,True,False,False,False,False,True,False,0.5,2026-09-03
2026-09-03,https://www.theguardian.com/film/2026/sep/03/falling-house-review-mohsen-gharaei-iran-prison-guard,Falling House review – fierce tale of an Iranian prison guard holding his family hostage,https://www.theguardian.com/world/iran/2026/sep/03/all,True,False,False,False,False,False,False,False,False,True,False,0.0,2026-09-03
2026-09-03,https://www.theguardian.com/commentisfree/2026/sep/03/ukraine-iran-wars-trump,The wars in Ukraine and Iran are becoming dangerously enmeshed,https://www.theguardian.com/world/iran/2026/sep/03/all,True,False,True,False,False,False,False,False,False,False,False,0.25,2026-09-03
2026-09-04,https://www.theguardian.com/world/2026/sep/04/iranian-town-kuhestak-devastated-strike-wedding,‘Unimaginable grief’: Iranian town left devastated after US strike on wedding,https://www.theguardian.com/world/iran/2026/sep/04/all,True,False,True,True,False,False,False,False,False,True,False,1.0,2026-09-04
2026-09-05,https://www.theguardian.com/world/2026/sep/05/us-military-iran-tankers,US military says it struck three Iranian tankers after American warships came under missile attack,https://www.theguardian.com/world/iran/2026/sep/05/all,True,False,True,True,True,True,False,False,False,True,False,1.0,2026-09-08
2026-09-05,https://www.theguardian.com/world/2026/sep/05/yemen-ground-fighting-escalates-houthi-rebels-government-forces,Civilians among at least 60 killed in Yemen as ground fighting escalates,https://www.theguardian.com/world/iran/2026/sep/05/all,False,False,False,True,True,False,False,False,False,True,False,0.0,2026-09-08
2026-09-06,https://www.theguardian.com/world/2026/sep/06/us-iran-nuclear-agreement-chris-wright,Energy secretary says US might not reach nuclear agreement with Iran,https://www.theguardian.com/world/iran/2026/sep/06/all,True,False,True,False,True,True,False,False,False,True,False,1.0,2026-09-08
2026-09-06,https://www.theguardian.com/world/2026/sep/06/iran-war-trump-leon-panetta-interview,"Iran war likely to drag on for another six months, ex-US defense secretary warns",https://www.theguardian.com/world/iran/2026/sep/06/all,True,False,True,False,True,False,False,False,False,True,False,0.5,2026-09-08
2026-09-06,https://www.theguardian.com/world/2026/sep/06/taraneh-romina-rahimi-twin-sisters-jailed-over-iran-protests,"Broken feet, ripped-out hair and now a death sentence: the fate of twin sisters jailed over Iran protests",https://www.theguardian.com/world/iran/2026/sep/06/all,True,False,False,False,False,False,False,False,False,True,False,0.0,2026-09-08
2026-09-08,https://www.theguardian.com/commentisfree/2026/sep/08/america-gulf-lake-state-donald-trump-renaming-new-mexico,"America: the gulf, the lake and now the state – what’s next on Trump’s huge renaming spree?",https://www.theguardian.com/world/iran/2026/sep/08/all,False,False,False,False,False,False,False,False,False,False,False,0.0,2026-09-08
2026-09-08,https://www.theguardian.com/world/2026/sep/08/houthi-strike-saudi-arabia-oil-facilities-middle-east-war-iran,Houthis strike Saudi Arabian cities in significant expansion of Middle East war,https://www.theguardian.com/world/iran/2026/sep/08/all,False,False,False,True,False,False,False,False,False,True,False,0.0,2026-09-08
2026-09-09,https://www.theguardian.com/world/2026/sep/09/iran-claims-to-have-attacked-10-ships-near-strait-of-hormuz-after-us-strikes,Iran claims to have attacked 10 ships near strait of Hormuz after US strikes,https://www.theguardian.com/world/iran/2026/sep/09/all,True,False,True,True,False,True,False,False,False,True,False,1.0,2026-09-09
2026-09-09,https://www.theguardian.com/global-development/2026/sep/09/taliban-afghanistan-women-iran,‘One day the Taliban will need women to be educated’: three sisters on being forced back to Afghanistan,https://www.theguardian.com/world/iran/2026/sep/09/all,False,False,False,False,False,False,False,False,False,True,False,0.0,2026-09-09
2026-09-10,https://www.theguardian.com/business/2026/sep/10/ecb-raises-interest-rates-to-25-amid-warning-iran-war-is-fuelling-inflation,ECB raises interest rates to 2.5% and warns Iran war is fuelling inflation,https://www.theguardian.com/world/iran/2026/sep/10/all,True,False,True,False,True,False,False,False,True,False,False,0.5,2026-09-10
2026-09-10,https://www.theguardian.com/world/2026/sep/10/houthis-seize-key-port-mocha-yemen-red-sea-coast-iran-saudi-arabia-us,Houthis seize key Yemeni port of Mocha in drive to take control of Red Sea coast,https://www.theguardian.com/world/iran/2026/sep/10/all,False,False,False,False,False,False,False,False,False,True,False,0.0,2026-09-10
2026-09-10,https://www.theguardian.com/commentisfree/2026/sep/10/trump-iran-violence,Trump’s repeated threats to ‘wipe out’ Iran are normalizing mass violence,https://www.theguardian.com/world/iran/2026/sep/10/all,True,False,False,False,True,False,False,False,False,False,False,0.0,2026-09-10
2026-09-11,https://www.theguardian.com/us-news/2026/sep/11/trump-hegseth-911-memorial,Trump and Hegseth use 9/11 memorial remarks at Pentagon to defend war on Iran,https://www.theguardian.com/world/iran/2026/sep/11/all,True,False,True,False,False,False,False,False,False,True,False,0.25,2026-09-11
2026-09-11,https://www.theguardian.com/business/2026/sep/11/putin-india-visit-brics-summit,Putin arrives in India for Brics summit set to be dominated by Iran and Ukraine wars,https://www.theguardian.com/world/iran/2026/sep/11/all,True,False,True,False,False,False,False,False,False,True,False,0.25,2026-09-11
2026-09-12,https://www.theguardian.com/world/2026/sep/12/saudi-arabia-shuts-down-oil-pipeline-blaming-drones-from-iraq,"Saudi Arabia shuts down key oil pipeline, blaming drones from Iraq",https://www.theguardian.com/world/iran/2026/sep/12/all,False,False,False,True,False,True,False,False,False,True,False,0.0,2026-09-14
2026-09-14,https://www.theguardian.com/politics/2026/sep/14/new-special-envoy-for-britons-detained-overseas-warns-of-limits-of-role,New special envoy for Britons detained overseas warns of limits of role,https://www.theguardian.com/world/iran/2026/sep/14/all,False,False,False,False,True,False,False,False,False,True,False,0.0,2026-09-14
2026-09-14,https://www.theguardian.com/business/2026/sep/14/oil-prices-rise-drone-attacks-saudi-arabia-east-west-pipeline,US borrowing costs hit 5% for first time since 2023 amid bond sell-off,https://www.theguardian.com/world/iran/2026/sep/14/all,False,False,False,False,False,False,False,False,False,True,False,0.0,2026-09-14
2026-09-14,https://www.theguardian.com/media/2026/sep/14/cbs-60-minutes-iran-war-propaganda,US airman recounts Iran rescue in 60 Minutes segment branded propaganda,https://www.theguardian.com/world/iran/2026/sep/14/all,True,False,False,False,False,False,False,False,False,True,False,0.0,2026-09-14
2026-09-14,https://www.theguardian.com/world/2026/sep/14/gulf-states-postpone-strait-of-hormuz-talks-iran-yemen-houthi-saudi-arabia-airbase-pipeline,Gulf states postpone strait of Hormuz talks with Iran as Yemen conflict intensifies,https://www.theguardian.com/world/iran/2026/sep/14/all,True,False,True,False,False,True,True,False,False,True,True,-0.25,2026-09-14
2026-09-14,https://www.theguardian.com/commentisfree/2026/sep/14/iran-war-trump-semantics,"The situation in Iran is dangerously escalating – but whatever you do, don’t call it a war",https://www.theguardian.com/world/iran/2026/sep/14/all,True,False,True,False,True,False,False,False,False,False,False,0.5,2026-09-14
2026-09-15,https://www.theguardian.com/world/2026/sep/15/iran-war-cost-cbo-report,US House votes for third time to end Iran war after $38bn cost is revealed,https://www.theguardian.com/world/iran/2026/sep/15/all,True,False,True,False,False,False,False,False,False,True,False,0.25,2026-09-15
2026-09-15,https://www.theguardian.com/us-news/video/2026/sep/15/jon-ossoff-natalie-harp-trump-administration-iran-war,Jon Ossoff mentions Natalie Harp while condemning Trump's administration – video,https://www.theguardian.com/world/iran/2026/sep/15/all,False,False,False,False,False,False,False,False,False,False,False,0.0,2026-09-15
2026-09-15,https://www.theguardian.com/world/2026/sep/15/houthis-threaten-saudi-arabia-strikes-un-warning-humanitarian-crisis-yemen,Houthis threaten more Saudi strikes as UN warns of humanitarian crisis in Yemen,https://www.theguardian.com/world/iran/2026/sep/15/all,False,False,False,True,True,False,False,False,False,True,False,0.0,2026-09-15
2026-09-15,https://www.theguardian.com/world/2026/sep/15/houthi-rebels-seize-red-sea-hanish-islands-saudi-oil-warning,Houthis seize strategic Red Sea islands as analysts warn of impending oil crunch,https://www.theguardian.com/world/iran/2026/sep/15/all,False,False,False,False,True,True,False,False,False,True,False,0.0,2026-09-15
2026-09-16,https://www.theguardian.com/commentisfree/2026/sep/16/the-guardian-view-on-the-houthi-advance-in-yemen-another-vital-middle-east-artery-becomes-a-battlefield,The Guardian view on the Houthi advance in Yemen: another vital Middle East artery becomes a battlefield,https://www.theguardian.com/world/iran/2026/sep/16/all,False,False,False,False,False,False,False,False,False,False,False,0.0,2026-09-16
2026-09-16,https://www.theguardian.com/us-news/2026/sep/16/republicans-iran-war-midterm-elections,More Republicans are turning on Iran war as midterms come into view,https://www.theguardian.com/world/iran/2026/sep/16/all,True,False,True,False,False,False,False,False,False,True,False,0.25,2026-09-16
2026-09-16,https://www.theguardian.com/world/2026/sep/16/us-officials-decide-against-backing-saudi-arabia-yemen-meeting-houthi-leaders,US opts not to back Saudi Arabia in Yemen after meeting Houthi leaders,https://www.theguardian.com/world/iran/2026/sep/16/all,False,False,False,False,False,False,False,False,False,True,False,0.0,2026-09-16
2026-09-16,https://www.theguardian.com/global-development/2026/sep/16/iran-killing-torture-sexual-abuse-protesters-amnesty,"Iranian security forces coordinated killing, torture and sexual abuse of protesters, says Amnesty",https://www.theguardian.com/world/iran/2026/sep/16/all,True,False,False,False,False,False,False,False,False,True,False,0.0,2026-09-16
2026-09-16,https://www.theguardian.com/football/2026/sep/16/iran-football-esteghlal-tractor-sc-afc-champions-league-elite-asia,Iranian football returns in the shadow of war and with row over last league title,https://www.theguardian.com/world/iran/2026/sep/16/all,True,False,True,False,False,False,False,False,False,True,False,0.25,2026-09-16
2026-09-17,https://www.theguardian.com/world/2026/sep/17/iran-school-bombing-un-mission-us-military-behind-attack,"Iran school bombing: grounds to believe US was behind atrocity, UN finds",https://www.theguardian.com/world/iran/2026/sep/17/all,True,False,True,True,False,False,False,False,False,True,False,1.0,2026-09-17
